# Original Vanguard Bandits ATAC Serata
mtllib serata.mtl
o serata
g bone_00
usemtl rgb_032_032_032
v 0.7559073 1.2414944 0.2009028
v 0.1696538 1.5267731 0.4080377
v -0.2073744 1.5223732 -0.1531275
v -0.1270583 1.5597727 -0.1697286
f 1 2 3
f 1 3 4
v 0.0546819 1.5509728 0.1415479
v -0.1948284 1.4145746 0.2685917
v -0.1270583 1.5597727 -0.1697286
v -0.2073744 1.5223732 -0.1531275
f 5 6 7
f 5 7 8
v -0.2098679 1.4057747 0.2784088
v -0.1295518 1.4431742 0.2618076
v 0.0546819 1.5509728 0.1415479
v -0.1948284 1.4145746 0.2685917
f 9 10 11
f 9 11 12
v -0.2098679 1.4057747 0.2784088
v 0.0546819 1.5509728 0.1415479
v 0.1696538 1.5267731 0.4080377
v -0.1270583 1.5597727 -0.1697286
f 13 14 15
f 13 15 16
v -0.1295518 1.4431742 0.2618076
v -0.2098679 1.4057747 0.2784088
v 0.7559073 1.2414944 0.2009028
v 0.1696538 1.5267731 0.4080377
f 17 18 19
f 17 19 20
v 0.7559073 1.2414944 0.2009028
v -0.2073744 1.5223732 -0.1531275
v -0.1295518 1.4431742 0.2618076
v -0.1948284 1.4145746 0.2685917
f 21 22 23
f 21 23 24
g bone_01
v -0.3456152 1.4696570 -0.0270642
v -0.0993583 1.5722101 -0.2236357
v -0.1443610 1.5426873 -0.1273853
f 25 26 27
v -0.2878871 1.5007337 -0.1125142
v -0.2742218 1.5007337 -0.0915795
v -0.1443610 1.5426873 -0.1273853
f 28 29 30
v -0.4390658 1.4587801 -0.1093665
v -0.1443610 1.5426873 -0.1273853
v -0.4709498 1.4292572 0.0069812
f 31 32 33
v -0.1443610 1.5426873 -0.1273853
v -0.4348735 1.4292572 0.0622488
v -0.3456152 1.4696570 -0.0270642
f 34 35 36
v -0.0687481 1.5722101 -0.1767421
v -0.1443610 1.5426873 -0.1273853
v -0.4390658 1.4587801 -0.1093665
f 37 38 39
v -0.4348735 1.4292572 0.0622488
v -0.1443610 1.5426873 -0.1273853
v -0.2916071 1.4851953 -0.0312694
f 40 41 42
v -0.2916071 1.4851953 -0.0312694
v -0.1443610 1.5426873 -0.1273853
v -0.0687481 1.5722101 -0.1767421
f 43 44 45
v -0.1443610 1.5426873 -0.1273853
v -0.2742218 1.5007337 -0.0915795
v -0.4709498 1.4292572 0.0069812
f 46 47 48
v -0.1443610 1.5426873 -0.1273853
v -0.0993583 1.5722101 -0.2236357
v -0.2878871 1.5007337 -0.1125142
f 49 50 51
usemtl rgb_048_048_000
v -0.2890866 1.5162720 -0.2012955
v -0.1657183 1.5644410 -0.2818250
v -0.2341340 1.4416879 0.3002196
f 52 53 54
v -0.0829083 1.5007337 0.2015060
v -0.0091159 1.5007337 0.3145533
v 0.3124198 1.6017330 0.2420006
f 55 56 57
v 0.0899420 1.5628871 0.1185316
v -0.0829083 1.5007337 0.2015060
v -0.2392144 1.4012882 0.5184902
f 58 59 60
v -0.1657183 1.5644410 -0.2818250
v -0.0829083 1.5007337 0.2015060
v 0.0899420 1.5628871 0.1185316
f 61 62 63
v -0.0091159 1.5007337 0.3145533
v -0.0829083 1.5007337 0.2015060
v -0.2890866 1.5162720 -0.2012955
f 64 65 66
v -0.2890866 1.5162720 -0.2012955
v -0.0829083 1.5007337 0.2015060
v -0.1657183 1.5644410 -0.2818250
f 67 68 69
usemtl clut_864_507
v -0.0687481 1.5722101 -0.1767421
vt 0.0722656 0.1858639
v -0.2878871 1.5007337 -0.1125142
vt 0.0917969 0.2643979
v -0.2916071 1.4851953 -0.0312694
vt 0.1113281 0.1858639
f 70/1 71/2 72/3
v -0.0993583 1.5722101 -0.2236357
vt 0.1464844 0.2853403
v -0.2916071 1.4851953 -0.0312694
vt 0.1113281 0.1858639
v -0.2878871 1.5007337 -0.1125142
vt 0.0917969 0.2643979
f 73/4 74/5 75/6
v -0.0687481 1.5722101 -0.1767421
vt 0.0722656 0.1858639
v -0.2742218 1.5007337 -0.0915795
vt 0.0371094 0.2853403
v -0.2878871 1.5007337 -0.1125142
vt 0.0917969 0.2643979
f 76/7 77/8 78/9
v -0.2916071 1.4851953 -0.0312694
vt 0.1113281 0.1858639
v -0.0993583 1.5722101 -0.2236357
vt 0.1464844 0.2853403
v -0.4348735 1.4292572 0.0622488
vt 0.1855469 0.2382199
f 79/10 80/11 81/12
v -0.4709498 1.4292572 0.0069812
vt 0.0019531 0.2801047
v -0.2742218 1.5007337 -0.0915795
vt 0.0371094 0.2853403
v -0.4390658 1.4587801 -0.1093665
vt 0.0019531 0.2382199
f 82/13 83/14 84/15
v -0.4348735 1.4292572 0.0622488
vt 0.1855469 0.2382199
v -0.0993583 1.5722101 -0.2236357
vt 0.1464844 0.2853403
v -0.3456152 1.4696570 -0.0270642
vt 0.1855469 0.2801047
f 85/16 86/17 87/18
v -0.4390658 1.4587801 -0.1093665
vt 0.0019531 0.2382199
v -0.2742218 1.5007337 -0.0915795
vt 0.0371094 0.2853403
v -0.0687481 1.5722101 -0.1767421
vt 0.0722656 0.1858639
f 88/19 89/20 90/21
usemtl clut_880_500
v 0.3124198 1.6017330 0.2420006
vt 0.3925781 0.4947644
v -0.2341340 1.4416879 0.3002196
vt 0.4667969 0.7408377
v -0.0829083 1.5007337 0.2015060
vt 0.4667969 0.4633508
f 91/22 92/23 93/24
v -0.0091159 1.5007337 0.3145533
vt 0.3457031 0.5471204
v -0.2890866 1.5162720 -0.2012955
vt 0.3886719 0.7408377
v 0.3124198 1.6017330 0.2420006
vt 0.3925781 0.4947644
f 94/25 95/26 96/27
v -0.2341340 1.4416879 0.3002196
vt 0.4667969 0.7408377
v -0.2392144 1.4012882 0.5184902
vt 0.3886719 0.4947644
v -0.0829083 1.5007337 0.2015060
vt 0.4667969 0.4633508
f 97/28 98/29 99/30
v -0.1657183 1.5644410 -0.2818250
vt 0.3925781 0.7408377
v 0.0899420 1.5628871 0.1185316
vt 0.3457031 0.5471204
v -0.2392144 1.4012882 0.5184902
vt 0.3886719 0.4947644
f 100/31 101/32 102/33
v -0.2890866 1.5162720 -0.2012955
vt 0.3886719 0.7408377
v -0.2341340 1.4416879 0.3002196
vt 0.4667969 0.7408377
v 0.3124198 1.6017330 0.2420006
vt 0.3925781 0.4947644
f 103/34 104/35 105/36
v -0.2341340 1.4416879 0.3002196
vt 0.4667969 0.7408377
v -0.1657183 1.5644410 -0.2818250
vt 0.3925781 0.7408377
v -0.2392144 1.4012882 0.5184902
vt 0.3886719 0.4947644
f 106/37 107/38 108/39
usemtl rgb_040_016_016
v -0.2284280 1.4385803 0.3263498
v -0.0314780 1.4823984 0.3828889
v -0.3315670 1.4823984 -0.0768367
v -0.2212496 1.5190690 -0.1130214
f 109 110 111
f 109 111 112
v -0.2376479 1.5190690 -0.1381430
v -0.2212496 1.5190690 -0.1130214
v -0.3315670 1.4823984 -0.0768367
v -0.2284280 1.4385803 0.3263498
f 113 114 115
f 113 115 116
v -0.1134695 1.4823984 0.2572808
v -0.2212496 1.5190690 -0.1130214
v -0.0195504 1.5190690 0.1959745
v -0.0314780 1.4823984 0.3828889
f 117 118 119
f 117 119 120
v -0.2376479 1.5190690 -0.1381430
v -0.3315670 1.4823984 -0.0768367
v -0.1134695 1.4823984 0.2572808
v -0.2212496 1.5190690 -0.1130214
f 121 122 123
f 121 123 124
v -0.2212496 1.5190690 -0.1130214
v -0.2376479 1.5190690 -0.1381430
v -0.0195504 1.5190690 0.1959745
v -0.1134695 1.4823984 0.2572808
f 125 126 127
f 125 127 128
v -0.0195504 1.5190690 0.1959745
v -0.0314780 1.4823984 0.3828889
v -0.2212496 1.5190690 -0.1130214
v -0.2284280 1.4385803 0.3263498
f 129 130 131
f 129 131 132
g bone_02
v -0.3157078 1.2296821 0.1081406
v -0.2501409 1.2134000 0.1158791
v -0.3171155 1.2741162 -0.0588463
f 133 134 135
v -0.3961124 1.3207027 -0.1702249
v -0.3942529 1.2932716 -0.0679504
v -0.3129268 1.2795590 -0.0828844
f 136 137 138
usemtl clut_832_504
v -0.2148459 1.2876179 -0.1939709
vt 0.9082031 0.4633508
v -0.3129268 1.2795590 -0.0828844
vt 0.8457031 0.4633508
v -0.2647159 1.2675869 -0.0771944
vt 0.9199219 0.5157068
f 139/40 140/41 141/42
v -0.2577758 1.2243722 0.0806325
vt 0.8457031 0.5157068
v -0.3129268 1.2795590 -0.0828844
vt 0.8457031 0.4633508
v -0.3942529 1.2932716 -0.0679504
vt 0.7988281 0.4633508
f 142/43 143/44 144/45
v -0.2308566 1.2086112 0.1181551
vt 0.9082031 0.4633508
v -0.3611377 1.2915312 -0.0885745
vt 0.9199219 0.5157068
v -0.3961124 1.3207027 -0.1702249
vt 0.8457031 0.4633508
f 145/46 146/47 147/48
v -0.3942529 1.2932716 -0.0679504
vt 0.7988281 0.4633508
v -0.3961124 1.3207027 -0.1702249
vt 0.8457031 0.4633508
v -0.4216929 1.2650775 0.0612864
vt 0.8457031 0.5157068
f 148/49 149/50 150/51
v -0.3129268 1.2795590 -0.0828844
vt 0.8457031 0.4633508
v -0.2577758 1.2243722 0.0806325
vt 0.8457031 0.5157068
v -0.2647159 1.2675869 -0.0771944
vt 0.9199219 0.5157068
f 151/52 152/53 153/54
v -0.3611377 1.2915312 -0.0885745
vt 0.9199219 0.5157068
v -0.4216929 1.2650775 0.0612864
vt 0.8457031 0.5157068
v -0.3961124 1.3207027 -0.1702249
vt 0.8457031 0.4633508
f 154/55 155/56 156/57
v -0.3942529 1.2932716 -0.0679504
vt 0.7988281 0.4633508
v -0.2501409 1.2134000 0.1158791
vt 0.8144531 0.7408377
v -0.2577758 1.2243722 0.0806325
vt 0.8457031 0.5157068
f 157/58 158/59 159/60
v -0.3171155 1.2741162 -0.0588463
vt 0.8574219 0.7408377
v -0.2501409 1.2134000 0.1158791
vt 0.8144531 0.7408377
v -0.4216929 1.2650775 0.0612864
vt 0.8457031 0.5157068
f 160/61 161/62 162/63
v -0.2501409 1.2134000 0.1158791
vt 0.8144531 0.7408377
v -0.3157078 1.2296821 0.1081406
vt 0.8574219 0.7408377
v -0.2577758 1.2243722 0.0806325
vt 0.8457031 0.5157068
f 163/64 164/65 165/66
v -0.2501409 1.2134000 0.1158791
vt 0.8144531 0.7408377
v -0.3942529 1.2932716 -0.0679504
vt 0.7988281 0.4633508
v -0.4216929 1.2650775 0.0612864
vt 0.8457031 0.5157068
f 166/67 167/68 168/69
usemtl rgb_040_016_016
v -0.3157078 1.2296821 0.1081406
v -0.3171155 1.2741162 -0.0588463
v -0.4613047 1.2658380 0.0909567
v -0.2406104 1.2616008 -0.0743493
f 169 170 171
f 169 171 172
v -0.3961124 1.3207027 -0.1702249
v -0.3129268 1.2795590 -0.0828844
v -0.2308566 1.2086112 0.1181551
v -0.2148459 1.2876179 -0.1939709
f 173 174 175
f 173 175 176
usemtl clut_848_504
v -0.2647159 1.2675869 -0.0771944
vt 0.7792969 0.2853403
v -0.3611377 1.2915312 -0.0885745
vt 0.7050781 0.2853403
v -0.2148459 1.2876179 -0.1939709
vt 0.7636719 0.2329843
v -0.2308566 1.2086112 0.1181551
vt 0.7207031 0.2329843
f 177/70 178/71 179/72
f 177/70 179/72 180/73
usemtl clut_832_504
v -0.2647159 1.2675869 -0.0771944
vt 0.9199219 0.5157068
v -0.2577758 1.2243722 0.0806325
vt 0.8457031 0.5157068
v -0.4613047 1.2658380 0.0909567
vt 0.9082031 0.7408377
v -0.3157078 1.2296821 0.1081406
vt 0.8574219 0.7408377
f 181/74 182/75 183/76
f 181/74 183/76 184/77
v -0.4216929 1.2650775 0.0612864
vt 0.8457031 0.5157068
v -0.3611377 1.2915312 -0.0885745
vt 0.9199219 0.5157068
v -0.3171155 1.2741162 -0.0588463
vt 0.8574219 0.7408377
v -0.2406104 1.2616008 -0.0743493
vt 0.9082031 0.7408377
f 185/78 186/79 187/80
f 185/78 187/80 188/81
usemtl clut_848_504
v -0.3611377 1.2915312 -0.0885745
vt 0.7050781 0.2853403
v -0.2647159 1.2675869 -0.0771944
vt 0.7792969 0.2853403
v -0.2406104 1.2616008 -0.0743493
vt 0.7089844 0.5104712
v -0.4613047 1.2658380 0.0909567
vt 0.7753906 0.5104712
f 189/82 190/83 191/84
f 189/82 191/84 192/85
g bone_03
usemtl clut_848_501
v -0.5224543 0.7862081 -0.1583012
vt 0.6777344 0.1910995
v -0.2623462 0.7674193 -0.1172312
vt 0.6777344 0.2277487
v -0.2338632 0.8044306 -0.2806903
vt 0.6425781 0.1910995
f 193/86 194/87 195/88
v -0.2338632 0.8044306 -0.2806903
vt 0.6425781 0.1910995
v -0.2623462 0.7674193 -0.1172312
vt 0.6777344 0.2277487
v -0.1569183 0.7827854 -0.1993824
vt 0.6777344 0.1910995
f 196/89 197/90 198/91
v -0.1569183 0.7827854 -0.1993824
vt 0.6777344 0.1910995
v -0.2455915 0.7891907 -0.2133836
vt 0.6777344 0.1544503
v -0.2338632 0.8044306 -0.2806903
vt 0.6425781 0.1910995
f 199/92 200/93 201/94
v -0.2455915 0.7891907 -0.2133836
vt 0.6777344 0.1544503
v -0.5224543 0.7862081 -0.1583012
vt 0.6777344 0.1910995
v -0.2338632 0.8044306 -0.2806903
vt 0.6425781 0.1910995
f 202/95 203/96 204/97
v -0.2573198 0.7739507 -0.1460769
vt 0.7949219 0.1910995
v -0.5303311 0.8097587 -0.2583429
vt 0.7597656 0.1910995
v -0.4416578 0.8033534 -0.2443417
vt 0.7597656 0.1544503
f 205/98 206/99 207/100
v -0.2573198 0.7739507 -0.1460769
vt 0.7949219 0.1910995
v -0.4416578 0.8033534 -0.2443417
vt 0.7597656 0.1544503
v -0.4299295 0.8185934 -0.3116484
vt 0.7597656 0.1910995
f 208/101 209/102 210/103
v -0.5303311 0.8097587 -0.2583429
vt 0.7597656 0.1910995
v -0.2573198 0.7739507 -0.1460769
vt 0.7949219 0.1910995
v -0.4416578 0.8033534 -0.2443417
vt 0.7597656 0.2277487
f 211/104 212/105 213/106
v -0.2573198 0.7739507 -0.1460769
vt 0.7949219 0.1910995
v -0.4299295 0.8185934 -0.3116484
vt 0.7597656 0.1910995
v -0.4416578 0.8033534 -0.2443417
vt 0.7597656 0.2277487
f 214/107 215/108 216/109
v -0.2455915 0.7891907 -0.2133836
vt 0.6777344 0.1544503
v -0.4416578 0.8033534 -0.2443417
vt 0.7597656 0.1544503
v -0.5224543 0.7862081 -0.1583012
vt 0.6777344 0.1910995
v -0.5303311 0.8097587 -0.2583429
vt 0.7597656 0.1910995
f 217/110 218/111 219/112
f 217/110 219/112 220/113
v -0.1569183 0.7827854 -0.1993824
vt 0.6777344 0.1910995
v -0.4299295 0.8185934 -0.3116484
vt 0.7597656 0.1910995
v -0.2455915 0.7891907 -0.2133836
vt 0.6777344 0.1544503
v -0.4416578 0.8033534 -0.2443417
vt 0.7597656 0.1544503
f 221/114 222/115 223/116
f 221/114 223/116 224/117
v -0.4416578 0.8033534 -0.2443417
vt 0.7597656 0.2277487
v -0.2623462 0.7674193 -0.1172312
vt 0.6777344 0.2277487
v -0.5303311 0.8097587 -0.2583429
vt 0.7597656 0.1910995
v -0.5224543 0.7862081 -0.1583012
vt 0.6777344 0.1910995
f 225/118 226/119 227/120
f 225/118 227/120 228/121
v -0.2623462 0.7674193 -0.1172312
vt 0.6777344 0.2277487
v -0.4416578 0.8033534 -0.2443417
vt 0.7597656 0.2277487
v -0.1569183 0.7827854 -0.1993824
vt 0.6777344 0.1910995
v -0.4299295 0.8185934 -0.3116484
vt 0.7597656 0.1910995
f 229/122 230/123 231/124
f 229/122 231/124 232/125
g bone_04
usemtl rgb_032_032_032
v -0.4974250 0.6181696 -0.2231885
v -0.2718992 0.6551506 -0.2483179
v -0.3796949 0.6542227 -0.3193124
f 233 234 235
v -0.3796949 0.6542227 -0.3193124
v -0.2718992 0.6551506 -0.2483179
v -0.3562383 0.6847026 -0.4539257
f 236 237 238
v -0.4903099 0.6508006 -0.3799227
v -0.2879279 0.6635544 -0.3012088
v -0.2035620 0.6620998 -0.2348365
f 239 240 241
v -0.2403890 0.6493244 -0.1973457
v -0.5802606 0.6157663 -0.2693674
v -0.4883551 0.6241088 -0.2462637
f 242 243 244
v -0.2879279 0.6635544 -0.3012088
v -0.4974250 0.6181696 -0.2231885
v -0.2035620 0.6620998 -0.2348365
f 245 246 247
v -0.2403890 0.6493244 -0.1973457
v -0.4883551 0.6241088 -0.2462637
v -0.3562383 0.6847026 -0.4539257
f 248 249 250
v -0.4974250 0.6181696 -0.2231885
v -0.3796949 0.6542227 -0.3193124
v -0.2035620 0.6620998 -0.2348365
f 251 252 253
v -0.4883551 0.6241088 -0.2462637
v -0.3796949 0.6542227 -0.3193124
v -0.3562383 0.6847026 -0.4539257
f 254 255 256
v -0.5442714 0.6274531 -0.3020507
v -0.3947742 0.6346284 -0.2327752
v -0.4951911 0.6503042 -0.3808856
f 257 258 259
v -0.5442714 0.6274531 -0.3020507
v -0.4951911 0.6503042 -0.3808856
v -0.3731606 0.6627135 -0.3568118
f 260 261 262
v -0.5442714 0.6274531 -0.3020507
v -0.3731606 0.6627135 -0.3568118
v -0.2167537 0.7209611 -0.5358121
f 263 264 265
v -0.2618687 0.6740307 -0.3348565
v -0.3947742 0.6346284 -0.2327752
v -0.5442714 0.6274531 -0.3020507
f 266 267 268
v -0.4953140 0.6384518 -0.3222298
v -0.2278230 0.6656530 -0.2694600
v -0.2167537 0.7209611 -0.5358121
f 269 270 271
v -0.5442714 0.6274531 -0.3020507
v -0.2278230 0.6656530 -0.2694600
v -0.3396889 0.6372199 -0.2069895
f 272 273 274
v -0.5442714 0.6274531 -0.3020507
v -0.3396889 0.6372199 -0.2069895
v -0.2618687 0.6740307 -0.3348565
f 275 276 277
v -0.3396889 0.6372199 -0.2069895
v -0.4801564 0.5938378 -0.0904868
v -0.2618687 0.6740307 -0.3348565
f 278 279 280
v -0.2278230 0.6656530 -0.2694600
v -0.5442714 0.6274531 -0.3020507
v -0.2167537 0.7209611 -0.5358121
f 281 282 283
v -0.5777809 0.5839103 -0.1097458
v -0.3796949 0.6542227 -0.3193124
v -0.3494514 0.6362271 -0.2089154
f 284 285 286
usemtl clut_864_496
v -0.4653676 0.6013619 -0.1174066
vt 0.2558594 0.7303665
v -0.4903099 0.6508006 -0.3799227
vt 0.3222656 0.6465969
v -0.4165553 0.6063256 -0.1077771
vt 0.2597656 0.5994764
f 287/126 288/127 289/128
v -0.4653676 0.6013619 -0.1174066
vt 0.2558594 0.7303665
v -0.4165553 0.6063256 -0.1077771
vt 0.2597656 0.5994764
v -0.5802606 0.6157663 -0.2693674
vt 0.3222656 0.6465969
f 290/129 291/130 292/131
v -0.2718992 0.6551506 -0.2483179
vt 0.2402344 0.9973822
v -0.4974250 0.6181696 -0.2231885
vt 0.3027344 0.8717277
v -0.3621024 0.6770826 -0.4202724
vt 0.2207031 0.8821990
f 293/132 294/133 295/134
v -0.4974250 0.6181696 -0.2231885
vt 0.3027344 0.8717277
v -0.4653676 0.6013619 -0.1174066
vt 0.2558594 0.7303665
v -0.3621024 0.6770826 -0.4202724
vt 0.2207031 0.8821990
f 296/135 297/136 298/137
v -0.3562383 0.6847026 -0.4539257
vt 0.3027344 0.8717277
v -0.2718992 0.6551506 -0.2483179
vt 0.2402344 0.9973822
v -0.3621024 0.6770826 -0.4202724
vt 0.2207031 0.8821990
f 299/138 300/139 301/140
v -0.3621024 0.6770826 -0.4202724
vt 0.2207031 0.8821990
v -0.4653676 0.6013619 -0.1174066
vt 0.2558594 0.7303665
v -0.3562383 0.6847026 -0.4539257
vt 0.3027344 0.8717277
f 302/141 303/142 304/143
v -0.4903099 0.6508006 -0.3799227
vt 0.3222656 0.6465969
v -0.4653676 0.6013619 -0.1174066
vt 0.2558594 0.7303665
v -0.4974250 0.6181696 -0.2231885
vt 0.3027344 0.8717277
f 305/144 306/145 307/146
v -0.4974250 0.6181696 -0.2231885
vt 0.3027344 0.8717277
v -0.2879279 0.6635544 -0.3012088
vt 0.3417969 0.8036649
v -0.4903099 0.6508006 -0.3799227
vt 0.3222656 0.6465969
f 308/147 309/148 310/149
v -0.5802606 0.6157663 -0.2693674
vt 0.3222656 0.6465969
v -0.2403890 0.6493244 -0.1973457
vt 0.3417969 0.8036649
v -0.3562383 0.6847026 -0.4539257
vt 0.3027344 0.8717277
f 311/150 312/151 313/152
v -0.3562383 0.6847026 -0.4539257
vt 0.3027344 0.8717277
v -0.4653676 0.6013619 -0.1174066
vt 0.2558594 0.7303665
v -0.5802606 0.6157663 -0.2693674
vt 0.3222656 0.6465969
f 314/153 315/154 316/155
usemtl clut_880_503
v -0.2167537 0.7209611 -0.5358121
vt 0.1074219 0.6047120
v -0.4903099 0.6508006 -0.3799227
vt 0.1191406 0.7198953
v -0.4953140 0.6384518 -0.3222298
vt 0.1425781 0.5785340
f 317/156 318/157 319/158
v -0.4801564 0.5938378 -0.0904868
vt 0.1425781 0.5785340
v -0.5802606 0.6157663 -0.2693674
vt 0.1191406 0.7198953
v -0.2618687 0.6740307 -0.3348565
vt 0.1074219 0.6047120
f 320/159 321/160 322/161
v -0.4165553 0.6063256 -0.1077771
vt 0.0605469 0.6727749
v -0.4951911 0.6503042 -0.3808856
vt 0.0019531 0.6047120
v -0.2618687 0.6740307 -0.3348565
vt 0.1074219 0.6047120
f 323/162 324/163 325/164
v -0.4165553 0.6063256 -0.1077771
vt 0.0605469 0.6727749
v -0.2167537 0.7209611 -0.5358121
vt 0.1074219 0.6047120
v -0.4951911 0.6503042 -0.3808856
vt 0.0019531 0.6047120
f 326/165 327/166 328/167
v -0.4951911 0.6503042 -0.3808856
vt 0.0019531 0.6047120
v -0.3947742 0.6346284 -0.2327752
vt 0.0839844 0.5680628
v -0.2618687 0.6740307 -0.3348565
vt 0.1074219 0.6047120
f 329/168 330/169 331/170
v -0.2167537 0.7209611 -0.5358121
vt 0.1074219 0.6047120
v -0.3731606 0.6627135 -0.3568118
vt 0.0839844 0.5680628
v -0.4951911 0.6503042 -0.3808856
vt 0.0019531 0.6047120
f 332/171 333/172 334/173
v -0.4165553 0.6063256 -0.1077771
vt 0.0605469 0.6727749
v -0.2618687 0.6740307 -0.3348565
vt 0.1074219 0.6047120
v -0.5802606 0.6157663 -0.2693674
vt 0.1191406 0.7198953
f 335/174 336/175 337/176
v -0.4903099 0.6508006 -0.3799227
vt 0.1191406 0.7198953
v -0.2167537 0.7209611 -0.5358121
vt 0.1074219 0.6047120
v -0.4165553 0.6063256 -0.1077771
vt 0.0605469 0.6727749
f 338/177 339/178 340/179
usemtl clut_832_497
v -0.3629402 0.6759940 -0.4154648
vt 0.3925781 0.2329843
v -0.4903099 0.6508006 -0.3799227
vt 0.3574219 0.2382199
v -0.3000249 0.7004527 -0.4925650
vt 0.4199219 0.3638743
f 341/180 342/181 343/182
v -0.3204544 0.6271353 -0.1435203
vt 0.3925781 0.2329843
v -0.4687185 0.5970076 -0.0981761
vt 0.4199219 0.3638743
v -0.5802606 0.6157663 -0.2693674
vt 0.3574219 0.2382199
f 344/183 345/184 346/185
v -0.4687185 0.5970076 -0.0981761
vt 0.4199219 0.3638743
v -0.4883551 0.6241088 -0.2462637
vt 0.3730469 0.3952880
v -0.5802606 0.6157663 -0.2693674
vt 0.3574219 0.2382199
f 347/186 348/187 349/188
v -0.4903099 0.6508006 -0.3799227
vt 0.3574219 0.2382199
v -0.2035620 0.6620998 -0.2348365
vt 0.3730469 0.3952880
v -0.3000249 0.7004527 -0.4925650
vt 0.4199219 0.3638743
f 350/189 351/190 352/191
v -0.3000249 0.7004527 -0.4925650
vt 0.4199219 0.3638743
v -0.2035620 0.6620998 -0.2348365
vt 0.3730469 0.3952880
v -0.5777809 0.5839103 -0.1097458
vt 0.4121094 0.4581152
f 353/192 354/193 355/194
v -0.4687185 0.5970076 -0.0981761
vt 0.4199219 0.3638743
v -0.3494514 0.6362271 -0.2089154
vt 0.4121094 0.4581152
v -0.4883551 0.6241088 -0.2462637
vt 0.3730469 0.3952880
f 356/195 357/196 358/197
v -0.3494514 0.6362271 -0.2089154
vt 0.4121094 0.4581152
v -0.3796949 0.6542227 -0.3193124
vt 0.3300781 0.4581152
v -0.4883551 0.6241088 -0.2462637
vt 0.3730469 0.3952880
f 359/198 360/199 361/200
v -0.2035620 0.6620998 -0.2348365
vt 0.3730469 0.3952880
v -0.3796949 0.6542227 -0.3193124
vt 0.3300781 0.4581152
v -0.5777809 0.5839103 -0.1097458
vt 0.4121094 0.4581152
f 362/201 363/202 364/203
usemtl clut_880_503
v -0.3204544 0.6271353 -0.1435203
vt 0.1660156 0.7198953
v -0.5802606 0.6157663 -0.2693674
vt 0.1191406 0.7198953
v -0.4801564 0.5938378 -0.0904868
vt 0.1425781 0.5785340
f 365/204 366/205 367/206
v -0.4801564 0.5938378 -0.0904868
vt 0.1425781 0.5785340
v -0.3396889 0.6372199 -0.2069895
vt 0.2011719 0.5942408
v -0.3204544 0.6271353 -0.1435203
vt 0.1660156 0.7198953
f 368/207 369/208 370/209
v -0.3629402 0.6759940 -0.4154648
vt 0.1660156 0.7198953
v -0.2278230 0.6656530 -0.2694600
vt 0.2011719 0.5942408
v -0.4953140 0.6384518 -0.3222298
vt 0.1425781 0.5785340
f 371/210 372/211 373/212
v -0.4953140 0.6384518 -0.3222298
vt 0.1425781 0.5785340
v -0.4903099 0.6508006 -0.3799227
vt 0.1191406 0.7198953
v -0.3629402 0.6759940 -0.4154648
vt 0.1660156 0.7198953
f 374/213 375/214 376/215
usemtl clut_848_497
v -0.3396889 0.6372199 -0.2069895
vt 0.9355469 0.3952880
v -0.2278230 0.6656530 -0.2694600
vt 0.9824219 0.3952880
v -0.3204544 0.6271353 -0.1435203
vt 0.9394531 0.5209424
v -0.3629402 0.6759940 -0.4154648
vt 0.9785156 0.5209424
f 377/216 378/217 379/218
f 377/216 379/218 380/219
v -0.4687185 0.5970076 -0.0981761
vt 0.9238281 0.6518325
v -0.3204544 0.6271353 -0.1435203
vt 0.9394531 0.5209424
v -0.3000249 0.7004527 -0.4925650
vt 0.9980469 0.6518325
v -0.3629402 0.6759940 -0.4154648
vt 0.9785156 0.5209424
f 381/220 382/221 383/222
f 381/220 383/222 384/223
v -0.5777809 0.5839103 -0.1097458
vt 0.9785156 0.7408377
v -0.3494514 0.6362271 -0.2089154
vt 0.9394531 0.7408377
v -0.3000249 0.7004527 -0.4925650
vt 0.9980469 0.6518325
v -0.4687185 0.5970076 -0.0981761
vt 0.9238281 0.6518325
f 385/224 386/225 387/226
f 385/224 387/226 388/227
g bone_05
usemtl clut_832_496
v -0.3498312 0.0142167 -0.2941675
vt 0.1074219 0.0916230
v -0.3790658 0.0142672 -0.2234898
vt 0.0683594 0.1806283
v -0.3331132 0.0141853 -0.2755797
vt 0.0019531 0.0916230
f 389/228 390/229 391/230
v -0.3677150 0.0142532 -0.3843350
vt 0.1074219 0.0916230
v -0.1082030 0.0137837 -0.5166010
vt 0.0019531 0.0916230
v -0.1427830 0.0138351 -0.2380256
vt 0.0683594 0.1806283
f 392/231 393/232 394/233
v -0.1082030 0.0137837 -0.5166010
vt 0.0019531 0.0916230
v -0.1425410 0.0138468 -0.5233762
vt 0.0175781 0.1806283
v -0.1427830 0.0138351 -0.2380256
vt 0.0683594 0.1806283
f 395/234 396/235 397/236
v -0.3790658 0.0142672 -0.2234898
vt 0.0683594 0.1806283
v -0.1773849 0.0139031 -0.3467809
vt 0.0175781 0.1806283
v -0.3331132 0.0141853 -0.2755797
vt 0.0019531 0.0916230
f 398/237 399/238 400/239
usemtl clut_848_501
v -0.1425410 0.0138468 -0.5233762
vt 0.7519531 0.1910995
v -0.2868482 0.0141105 -0.5100590
vt 0.7519531 0.2277487
v -0.1504776 0.0138597 -0.4831517
vt 0.7949219 0.1910995
f 401/240 402/241 403/242
v -0.1504776 0.0138597 -0.4831517
vt 0.7949219 0.1910995
v -0.2868482 0.0141105 -0.5100590
vt 0.7519531 0.2277487
v -0.1427830 0.0138351 -0.2380256
vt 0.7519531 0.1910995
f 404/243 405/244 406/245
v -0.1427830 0.0138351 -0.2380256
vt 0.7519531 0.1910995
v -0.0755370 0.0137188 -0.3980349
vt 0.7636719 0.1544503
v -0.1504776 0.0138597 -0.4831517
vt 0.7949219 0.1910995
f 407/246 408/247 409/248
v -0.0755370 0.0137188 -0.3980349
vt 0.7636719 0.1544503
v -0.1425410 0.0138468 -0.5233762
vt 0.7519531 0.1910995
v -0.1504776 0.0138597 -0.4831517
vt 0.7949219 0.1910995
f 410/249 411/250 412/251
v -0.1442128 0.0138451 -0.4115853
vt 0.6425781 0.1910995
v -0.1773849 0.0139031 -0.3467809
vt 0.6855469 0.1910995
v -0.3885025 0.0142945 -0.4597861
vt 0.6738281 0.1544503
f 413/252 414/253 415/254
v -0.1442128 0.0138451 -0.4115853
vt 0.6425781 0.1910995
v -0.3885025 0.0142945 -0.4597861
vt 0.6738281 0.1544503
v -0.3790658 0.0142672 -0.2234898
vt 0.6855469 0.1910995
f 416/255 417/256 418/257
v -0.1773849 0.0139031 -0.3467809
vt 0.6855469 0.1910995
v -0.1442128 0.0138451 -0.4115853
vt 0.6425781 0.1910995
v -0.3198267 0.0141682 -0.4462357
vt 0.6855469 0.2277487
f 419/258 420/259 421/260
v -0.1442128 0.0138451 -0.4115853
vt 0.6425781 0.1910995
v -0.3790658 0.0142672 -0.2234898
vt 0.6855469 0.1910995
v -0.3198267 0.0141682 -0.4462357
vt 0.6855469 0.2277487
f 422/261 423/262 424/263
usemtl rgb_048_048_000
v -0.1773849 0.0139031 -0.3467809
v -0.1425410 0.0138468 -0.5233762
v -0.3331132 0.0141853 -0.2755797
v -0.1082030 0.0137837 -0.5166010
f 425 426 427
f 425 427 428
v -0.3677150 0.0142532 -0.3843350
v -0.3498312 0.0142167 -0.2941675
v -0.1082030 0.0137837 -0.5166010
v -0.3331132 0.0141853 -0.2755797
f 429 430 431
f 429 431 432
usemtl clut_848_496
v -0.1427830 0.0138351 -0.2380256
vt 0.5839844 0.4476440
v -0.3790658 0.0142672 -0.2234898
vt 0.5410156 0.4476440
v -0.3677150 0.0142532 -0.3843350
vt 0.5917969 0.3586387
v -0.3498312 0.0142167 -0.2941675
vt 0.5332031 0.3586387
f 433/264 434/265 435/266
f 433/264 435/266 436/267
usemtl clut_848_501
v -0.3198267 0.0141682 -0.4462357
vt 0.6855469 0.2277487
v -0.2868482 0.0141105 -0.5100590
vt 0.7519531 0.2277487
v -0.1773849 0.0139031 -0.3467809
vt 0.6855469 0.1910995
v -0.1425410 0.0138468 -0.5233762
vt 0.7519531 0.1910995
f 437/268 438/269 439/270
f 437/268 439/270 440/271
v -0.2868482 0.0141105 -0.5100590
vt 0.7519531 0.2277487
v -0.3198267 0.0141682 -0.4462357
vt 0.6855469 0.2277487
v -0.1427830 0.0138351 -0.2380256
vt 0.7519531 0.1910995
v -0.3790658 0.0142672 -0.2234898
vt 0.6855469 0.1910995
f 441/272 442/273 443/274
f 441/272 443/274 444/275
g bone_06
usemtl rgb_048_048_000
v -0.4963301 0.0644930 -0.4810775
v -0.5012356 0.0645020 -0.4820454
v -0.4024893 0.0643260 -0.5950682
f 445 446 447
v -0.2873021 0.0641236 -0.7965821
v -0.3102674 0.0641563 -0.5768719
v -0.4489478 0.0644010 -0.3596078
f 448 449 450
usemtl clut_880_496
v -0.5012356 0.0645020 -0.4820454
vt 0.0019531 0.3272251
v -0.4963301 0.0644930 -0.4810775
vt 0.0839844 0.2905759
v -0.5460223 0.0645787 -0.3583759
vt 0.0644531 0.3376963
f 451/276 452/277 453/278
v -0.5460223 0.0645787 -0.3583759
vt 0.0644531 0.3376963
v -0.4024893 0.0643260 -0.5950682
vt 0.0839844 0.2905759
v -0.5012356 0.0645020 -0.4820454
vt 0.0019531 0.3272251
f 454/279 455/280 456/281
v -0.2873021 0.0641236 -0.7965821
vt 0.1777344 0.3481675
v -0.4489478 0.0644010 -0.3596078
vt 0.1660156 0.2905759
v -0.4024893 0.0643260 -0.5950682
vt 0.0839844 0.2905759
f 457/282 458/283 459/284
v -0.3102674 0.0641563 -0.5768719
vt 0.1855469 0.3952880
v -0.2873021 0.0641236 -0.7965821
vt 0.1777344 0.3481675
v -0.5460223 0.0645787 -0.3583759
vt 0.0644531 0.3376963
f 460/285 461/286 462/287
v -0.4963301 0.0644930 -0.4810775
vt 0.0839844 0.2905759
v -0.2711561 0.0640865 -0.6201188
vt 0.1660156 0.2905759
v -0.4489478 0.0644010 -0.3596078
vt 0.1777344 0.3481675
f 463/288 464/289 465/290
v -0.4963301 0.0644930 -0.4810775
vt 0.0839844 0.2905759
v -0.4489478 0.0644010 -0.3596078
vt 0.1777344 0.3481675
v -0.5460223 0.0645787 -0.3583759
vt 0.0644531 0.3376963
f 466/291 467/292 468/293
v -0.2873021 0.0641236 -0.7965821
vt 0.1777344 0.3481675
v -0.4024893 0.0643260 -0.5950682
vt 0.0839844 0.2905759
v -0.5460223 0.0645787 -0.3583759
vt 0.0644531 0.3376963
f 469/294 470/295 471/296
v -0.4489478 0.0644010 -0.3596078
vt 0.1777344 0.3481675
v -0.3102674 0.0641563 -0.5768719
vt 0.1855469 0.3952880
v -0.5460223 0.0645787 -0.3583759
vt 0.0644531 0.3376963
f 472/297 473/298 474/299
usemtl rgb_048_048_000
v -0.5655823 0.0646169 -0.4142186
v -0.3703468 0.0642578 -0.3756967
v -0.4450763 0.0643948 -0.3792295
f 475 476 477
v -0.4991062 0.0644985 -0.4928374
v -0.3773815 0.0642702 -0.3658726
v -0.2906458 0.0641202 -0.5730003
f 478 479 480
v -0.4450763 0.0643948 -0.3792295
v -0.4255250 0.0643632 -0.4783191
v -0.2906458 0.0641202 -0.5730003
f 481 482 483
v -0.4255250 0.0643632 -0.4783191
v -0.5095065 0.0645241 -0.6467621
v -0.2906458 0.0641202 -0.5730003
f 484 485 486
v -0.3773815 0.0642702 -0.3658726
v -0.5655823 0.0646169 -0.4142186
v -0.2906458 0.0641202 -0.5730003
f 487 488 489
v -0.4450763 0.0643948 -0.3792295
v -0.2906458 0.0641202 -0.5730003
v -0.5655823 0.0646169 -0.4142186
f 490 491 492
usemtl clut_864_503
v -0.2906458 0.0641202 -0.5730003
vt 0.7675781 0.0549738
v -0.3703468 0.0642578 -0.3756967
vt 0.8222656 0.1125654
v -0.4991062 0.0644985 -0.4928374
vt 0.7753906 0.0340314
f 493/300 494/301 495/302
v -0.2906458 0.0641202 -0.5730003
vt 0.7675781 0.0549738
v -0.5095065 0.0645241 -0.6467621
vt 0.7753906 0.0340314
v -0.3703468 0.0642578 -0.3756967
vt 0.8222656 0.1125654
f 496/303 497/304 498/305
v -0.3773815 0.0642702 -0.3658726
vt 0.8222656 0.0445026
v -0.3703468 0.0642578 -0.3756967
vt 0.8222656 0.1125654
v -0.5655823 0.0646169 -0.4142186
vt 0.8574219 0.0916230
f 499/306 500/307 501/308
v -0.4450763 0.0643948 -0.3792295
vt 0.8574219 0.0916230
v -0.3703468 0.0642578 -0.3756967
vt 0.8222656 0.1125654
v -0.4255250 0.0643632 -0.4783191
vt 0.8222656 0.0445026
f 502/309 503/310 504/311
v -0.3703468 0.0642578 -0.3756967
vt 0.8222656 0.1125654
v -0.3773815 0.0642702 -0.3658726
vt 0.8222656 0.0445026
v -0.4991062 0.0644985 -0.4928374
vt 0.7753906 0.0340314
f 505/312 506/313 507/314
v -0.5095065 0.0645241 -0.6467621
vt 0.7753906 0.0340314
v -0.4255250 0.0643632 -0.4783191
vt 0.8222656 0.0445026
v -0.3703468 0.0642578 -0.3756967
vt 0.8222656 0.1125654
f 508/315 509/316 510/317
usemtl rgb_048_048_000
v -0.4963301 0.0644930 -0.4810775
v -0.4024893 0.0643260 -0.5950682
v -0.2711561 0.0640865 -0.6201188
v -0.4489478 0.0644010 -0.3596078
f 511 512 513
f 511 513 514
v -0.2873021 0.0641236 -0.7965821
v -0.4489478 0.0644010 -0.3596078
v -0.4489478 0.0644010 -0.3596078
v -0.2711561 0.0640865 -0.6201188
f 515 516 517
f 515 517 518
g bone_07
usemtl rgb_040_016_016
v -0.0819189 1.2781029 0.1686217
v -0.2026734 1.2497505 0.1186567
v -0.0791170 1.2223215 -0.0858121
f 519 520 521
v -0.0741081 1.2445411 0.0115593
v -0.1809783 1.2138324 -0.0580952
v -0.0948277 1.2592079 0.0914379
f 522 523 524
usemtl clut_832_504
v -0.0988348 1.2414322 0.0135407
vt 0.9082031 0.4633508
v -0.2199638 1.2369976 0.0721335
vt 0.9199219 0.5157068
v -0.1809783 1.2138324 -0.0580952
vt 0.8457031 0.4633508
f 525/318 526/319 527/320
v 0.0636735 1.2802159 0.0836255
vt 0.8457031 0.5157068
v -0.0948277 1.2592079 0.0914379
vt 0.7988281 0.4633508
v -0.1809783 1.2138324 -0.0580952
vt 0.8457031 0.4633508
f 528/321 529/322 530/323
v 0.0999939 1.2921230 0.1139578
vt 0.9082031 0.4633508
v -0.0741081 1.2445411 0.0115593
vt 0.8457031 0.4633508
v -0.1013393 1.2303224 -0.0351450
vt 0.9199219 0.5157068
f 531/324 532/325 533/326
v -0.0948277 1.2592079 0.0914379
vt 0.7988281 0.4633508
v 0.0551584 1.2424425 -0.0819060
vt 0.8457031 0.5157068
v -0.0741081 1.2445411 0.0115593
vt 0.8457031 0.4633508
f 534/327 535/328 536/329
v -0.1809783 1.2138324 -0.0580952
vt 0.8457031 0.4633508
v -0.2199638 1.2369976 0.0721335
vt 0.9199219 0.5157068
v 0.0636735 1.2802159 0.0836255
vt 0.8457031 0.5157068
f 537/330 538/331 539/332
v -0.1013393 1.2303224 -0.0351450
vt 0.9199219 0.5157068
v -0.0741081 1.2445411 0.0115593
vt 0.8457031 0.4633508
v 0.0551584 1.2424425 -0.0819060
vt 0.8457031 0.5157068
f 540/333 541/334 542/335
v -0.0948277 1.2592079 0.0914379
vt 0.7988281 0.4633508
v 0.0636735 1.2802159 0.0836255
vt 0.8457031 0.5157068
v -0.0791170 1.2223215 -0.0858121
vt 0.8144531 0.7408377
f 543/336 544/337 545/338
v -0.2026734 1.2497505 0.1186567
vt 0.8574219 0.7408377
v 0.0551584 1.2424425 -0.0819060
vt 0.8457031 0.5157068
v -0.0791170 1.2223215 -0.0858121
vt 0.8144531 0.7408377
f 546/339 547/340 548/341
v -0.0791170 1.2223215 -0.0858121
vt 0.8144531 0.7408377
v 0.0636735 1.2802159 0.0836255
vt 0.8457031 0.5157068
v -0.0819189 1.2781029 0.1686217
vt 0.8574219 0.7408377
f 549/342 550/343 551/344
v -0.0791170 1.2223215 -0.0858121
vt 0.8144531 0.7408377
v 0.0551584 1.2424425 -0.0819060
vt 0.8457031 0.5157068
v -0.0948277 1.2592079 0.0914379
vt 0.7988281 0.4633508
f 552/345 553/346 554/347
usemtl rgb_040_016_016
v -0.0819189 1.2781029 0.1686217
v 0.0880226 1.2390181 -0.1187600
v -0.2026734 1.2497505 0.1186567
v -0.0950781 1.2580970 0.0865693
f 555 556 557
f 555 557 558
v -0.0741081 1.2445411 0.0115593
v 0.0999939 1.2921230 0.1139578
v -0.1809783 1.2138324 -0.0580952
v -0.0988348 1.2414322 0.0135407
f 559 560 561
f 559 561 562
usemtl clut_848_504
v -0.2199638 1.2369976 0.0721335
vt 0.7792969 0.2853403
v -0.0988348 1.2414322 0.0135407
vt 0.7636719 0.2329843
v -0.1013393 1.2303224 -0.0351450
vt 0.7050781 0.2853403
v 0.0999939 1.2921230 0.1139578
vt 0.7207031 0.2329843
f 563/348 564/349 565/350
f 563/348 565/350 566/351
usemtl clut_832_504
v -0.2199638 1.2369976 0.0721335
vt 0.9199219 0.5157068
v 0.0880226 1.2390181 -0.1187600
vt 0.9082031 0.7408377
v 0.0636735 1.2802159 0.0836255
vt 0.8457031 0.5157068
v -0.0819189 1.2781029 0.1686217
vt 0.8574219 0.7408377
f 567/352 568/353 569/354
f 567/352 569/354 570/355
v 0.0551584 1.2424425 -0.0819060
vt 0.8457031 0.5157068
v -0.2026734 1.2497505 0.1186567
vt 0.8574219 0.7408377
v -0.1013393 1.2303224 -0.0351450
vt 0.9199219 0.5157068
v -0.0950781 1.2580970 0.0865693
vt 0.9082031 0.7408377
f 571/356 572/357 573/358
f 571/356 573/358 574/359
usemtl clut_848_504
v -0.1013393 1.2303224 -0.0351450
vt 0.7050781 0.2853403
v -0.0950781 1.2580970 0.0865693
vt 0.7089844 0.5104712
v -0.2199638 1.2369976 0.0721335
vt 0.7792969 0.2853403
v 0.0880226 1.2390181 -0.1187600
vt 0.7753906 0.5104712
f 575/360 576/361 577/362
f 575/360 577/362 578/363
g bone_08
usemtl clut_848_501
v 0.2083527 0.8279326 0.0439220
vt 0.6777344 0.1910995
v 0.2322535 0.8047498 0.3058138
vt 0.6425781 0.1910995
v 0.0722600 0.7757061 0.4085686
vt 0.6777344 0.2277487
f 579/364 580/365 581/366
v 0.2322535 0.8047498 0.3058138
vt 0.6425781 0.1910995
v 0.1333467 0.7923142 0.3137394
vt 0.6777344 0.1910995
v 0.0722600 0.7757061 0.4085686
vt 0.6777344 0.2277487
f 582/367 583/368 584/369
v 0.1333467 0.7923142 0.3137394
vt 0.6777344 0.1910995
v 0.2322535 0.8047498 0.3058138
vt 0.6425781 0.1910995
v 0.1333467 0.7923142 0.3137394
vt 0.6777344 0.1544503
f 585/370 586/371 587/372
v 0.1333467 0.7923142 0.3137394
vt 0.6777344 0.1544503
v 0.2322535 0.8047498 0.3058138
vt 0.6425781 0.1910995
v 0.2083527 0.8279326 0.0439220
vt 0.6777344 0.1910995
f 588/373 589/374 590/375
v 0.2025815 0.8010191 0.3081915
vt 0.7949219 0.1910995
v 0.1071826 0.8176923 0.0270472
vt 0.7597656 0.1544503
v 0.1153306 0.8097891 0.1163285
vt 0.7597656 0.1910995
f 591/376 592/377 593/378
v 0.2025815 0.8010191 0.3081915
vt 0.7949219 0.1910995
v 0.1153306 0.8097891 0.1163285
vt 0.7597656 0.1910995
v 0.1071826 0.8176923 0.0270472
vt 0.7597656 0.1544503
f 594/379 595/380 596/381
v 0.1153306 0.8097891 0.1163285
vt 0.7597656 0.1910995
v 0.0460959 0.8010842 0.1218765
vt 0.7597656 0.2277487
v 0.2025815 0.8010191 0.3081915
vt 0.7949219 0.1910995
f 597/382 598/383 599/384
v 0.2025815 0.8010191 0.3081915
vt 0.7949219 0.1910995
v 0.0460959 0.8010842 0.1218765
vt 0.7597656 0.2277487
v 0.1153306 0.8097891 0.1163285
vt 0.7597656 0.1910995
f 600/385 601/386 602/387
v 0.1333467 0.7923142 0.3137394
vt 0.6777344 0.1544503
v 0.2083527 0.8279326 0.0439220
vt 0.6777344 0.1910995
v 0.1071826 0.8176923 0.0270472
vt 0.7597656 0.1544503
v 0.1153306 0.8097891 0.1163285
vt 0.7597656 0.1910995
f 603/388 604/389 605/390
f 603/388 605/390 606/391
v 0.1333467 0.7923142 0.3137394
vt 0.6777344 0.1910995
v 0.1333467 0.7923142 0.3137394
vt 0.6777344 0.1544503
v 0.1153306 0.8097891 0.1163285
vt 0.7597656 0.1910995
v 0.1071826 0.8176923 0.0270472
vt 0.7597656 0.1544503
f 607/392 608/393 609/394
f 607/392 609/394 610/395
v 0.0460959 0.8010842 0.1218765
vt 0.7597656 0.2277487
v 0.1153306 0.8097891 0.1163285
vt 0.7597656 0.1910995
v 0.0722600 0.7757061 0.4085686
vt 0.6777344 0.2277487
v 0.2083527 0.8279326 0.0439220
vt 0.6777344 0.1910995
f 611/396 612/397 613/398
f 611/396 613/398 614/399
v 0.0722600 0.7757061 0.4085686
vt 0.6777344 0.2277487
v 0.1333467 0.7923142 0.3137394
vt 0.6777344 0.1910995
v 0.0460959 0.8010842 0.1218765
vt 0.7597656 0.2277487
v 0.1153306 0.8097891 0.1163285
vt 0.7597656 0.1910995
f 615/400 616/401 617/402
f 615/400 617/402 618/403
g bone_09
usemtl rgb_032_032_032
v 0.2036547 0.6869861 0.1426626
v 0.0971764 0.6331423 0.2434755
v 0.1321001 0.6856762 0.1308632
f 619 620 621
v 0.0971764 0.6331423 0.2434755
v 0.1611595 0.5930440 0.3481621
v 0.1321001 0.6856762 0.1308632
f 622 623 624
v 0.0825246 0.6798476 0.1339130
v 0.1086537 0.5965565 0.3292994
v 0.1660434 0.5774756 0.3846830
f 625 626 627
v 0.2092690 0.5707735 0.4089033
v 0.1679391 0.7189062 0.0624722
v 0.1716021 0.7072299 0.0898628
f 628 629 630
v 0.1660434 0.5774756 0.3846830
v 0.1086537 0.5965565 0.3292994
v 0.2036547 0.6869861 0.1426626
f 631 632 633
v 0.2092690 0.5707735 0.4089033
v 0.1611595 0.5930440 0.3481621
v 0.1679391 0.7189062 0.0624722
f 634 635 636
v 0.2036547 0.6869861 0.1426626
v 0.1086537 0.5965565 0.3292994
v 0.0971764 0.6331423 0.2434755
f 637 638 639
v 0.1679391 0.7189062 0.0624722
v 0.1611595 0.5930440 0.3481621
v 0.0971764 0.6331423 0.2434755
f 640 641 642
v 0.1661655 0.5770864 0.3855960
v 0.0738651 0.5796411 0.3606941
v 0.1745931 0.6813094 0.1496054
f 643 644 645
v 0.1661655 0.5770864 0.3855960
v 0.1313675 0.6880115 0.1253851
v 0.0738651 0.5796411 0.3606941
f 646 647 648
v 0.1661655 0.5770864 0.3855960
v 0.0737430 0.5800303 0.3597811
v 0.1313675 0.6880115 0.1253851
f 649 650 651
v 0.0725220 0.5839224 0.3506509
v 0.1661655 0.5770864 0.3855960
v 0.1745931 0.6813094 0.1496054
f 652 653 654
v 0.1029165 0.6803887 0.1368930
v 0.0737430 0.5800303 0.3597811
v 0.1363714 0.5737449 0.3870607
f 655 656 657
v 0.1661655 0.5770864 0.3855960
v 0.2082323 0.6232363 0.2890218
v 0.1363714 0.5737449 0.3870607
f 658 659 660
v 0.1661655 0.5770864 0.3855960
v 0.0725220 0.5839224 0.3506509
v 0.2082323 0.6232363 0.2890218
f 661 662 663
v 0.2082323 0.6232363 0.2890218
v 0.0725220 0.5839224 0.3506509
v 0.3371173 0.6875840 0.1688802
f 664 665 666
v 0.1363714 0.5737449 0.3870607
v 0.0737430 0.5800303 0.3597811
v 0.1661655 0.5770864 0.3855960
f 667 668 669
v 0.3249075 0.7265051 0.0775781
v 0.2070113 0.6271284 0.2798916
v 0.0971764 0.6331423 0.2434755
f 670 671 672
usemtl clut_864_496
v 0.3208761 0.6410401 0.2716901
vt 0.2558594 0.7303665
v 0.3147712 0.6605006 0.2260391
vt 0.2597656 0.5994764
v 0.0825246 0.6798476 0.1339130
vt 0.3222656 0.6465969
f 673/404 674/405 675/406
v 0.3208761 0.6410401 0.2716901
vt 0.2558594 0.7303665
v 0.1716021 0.7072299 0.0898628
vt 0.3222656 0.6465969
v 0.3147712 0.6605006 0.2260391
vt 0.2597656 0.5994764
f 676/407 677/408 678/409
v 0.1321001 0.6856762 0.1308632
vt 0.2402344 0.9973822
v -0.0066756 0.6200849 0.2517974
vt 0.2207031 0.8821990
v 0.2036547 0.6869861 0.1426626
vt 0.3027344 0.8717277
f 679/410 680/411 681/412
v 0.2036547 0.6869861 0.1426626
vt 0.3027344 0.8717277
v -0.0066756 0.6200849 0.2517974
vt 0.2207031 0.8821990
v 0.3208761 0.6410401 0.2716901
vt 0.2558594 0.7303665
f 682/413 683/414 684/415
v 0.1611595 0.5930440 0.3481621
vt 0.3027344 0.8717277
v -0.0066756 0.6200849 0.2517974
vt 0.2207031 0.8821990
v 0.1321001 0.6856762 0.1308632
vt 0.2402344 0.9973822
f 685/416 686/417 687/418
v -0.0066756 0.6200849 0.2517974
vt 0.2207031 0.8821990
v 0.1611595 0.5930440 0.3481621
vt 0.3027344 0.8717277
v 0.3208761 0.6410401 0.2716901
vt 0.2558594 0.7303665
f 688/419 689/420 690/421
v 0.0825246 0.6798476 0.1339130
vt 0.3222656 0.6465969
v 0.2036547 0.6869861 0.1426626
vt 0.3027344 0.8717277
v 0.3208761 0.6410401 0.2716901
vt 0.2558594 0.7303665
f 691/422 692/423 693/424
v 0.2036547 0.6869861 0.1426626
vt 0.3027344 0.8717277
v 0.0825246 0.6798476 0.1339130
vt 0.3222656 0.6465969
v 0.1660434 0.5774756 0.3846830
vt 0.3417969 0.8036649
f 694/425 695/426 696/427
v 0.1716021 0.7072299 0.0898628
vt 0.3222656 0.6465969
v 0.1611595 0.5930440 0.3481621
vt 0.3027344 0.8717277
v 0.2092690 0.5707735 0.4089033
vt 0.3417969 0.8036649
f 697/428 698/429 699/430
v 0.1611595 0.5930440 0.3481621
vt 0.3027344 0.8717277
v 0.1716021 0.7072299 0.0898628
vt 0.3222656 0.6465969
v 0.3208761 0.6410401 0.2716901
vt 0.2558594 0.7303665
f 700/431 701/432 702/433
usemtl clut_880_503
v 0.0737430 0.5800303 0.3597811
vt 0.1074219 0.6047120
v 0.1029165 0.6803887 0.1368930
vt 0.1425781 0.5785340
v 0.0825246 0.6798476 0.1339130
vt 0.1191406 0.7198953
f 703/434 704/435 705/436
v 0.3371173 0.6875840 0.1688802
vt 0.1425781 0.5785340
v 0.0725220 0.5839224 0.3506509
vt 0.1074219 0.6047120
v 0.1716021 0.7072299 0.0898628
vt 0.1191406 0.7198953
f 706/437 707/438 708/439
v 0.3147712 0.6605006 0.2260391
vt 0.0605469 0.6727749
v 0.0725220 0.5839224 0.3506509
vt 0.1074219 0.6047120
v 0.0738651 0.5796411 0.3606941
vt 0.0019531 0.6047120
f 709/440 710/441 711/442
v 0.3147712 0.6605006 0.2260391
vt 0.0605469 0.6727749
v 0.0738651 0.5796411 0.3606941
vt 0.0019531 0.6047120
v 0.0737430 0.5800303 0.3597811
vt 0.1074219 0.6047120
f 712/443 713/444 714/445
v 0.0738651 0.5796411 0.3606941
vt 0.0019531 0.6047120
v 0.0725220 0.5839224 0.3506509
vt 0.1074219 0.6047120
v 0.1745931 0.6813094 0.1496054
vt 0.0839844 0.5680628
f 715/446 716/447 717/448
v 0.0737430 0.5800303 0.3597811
vt 0.1074219 0.6047120
v 0.0738651 0.5796411 0.3606941
vt 0.0019531 0.6047120
v 0.1313675 0.6880115 0.1253851
vt 0.0839844 0.5680628
f 718/449 719/450 720/451
v 0.3147712 0.6605006 0.2260391
vt 0.0605469 0.6727749
v 0.1716021 0.7072299 0.0898628
vt 0.1191406 0.7198953
v 0.0725220 0.5839224 0.3506509
vt 0.1074219 0.6047120
f 721/452 722/453 723/454
v 0.0825246 0.6798476 0.1339130
vt 0.1191406 0.7198953
v 0.3147712 0.6605006 0.2260391
vt 0.0605469 0.6727749
v 0.0737430 0.5800303 0.3597811
vt 0.1074219 0.6047120
f 724/455 725/456 726/457
usemtl clut_832_497
v 0.3086663 0.6799612 0.1803881
vt 0.3925781 0.2329843
v 0.3207540 0.6414293 0.2707771
vt 0.4199219 0.3638743
v 0.0825246 0.6798476 0.1339130
vt 0.3574219 0.2382199
f 727/458 728/459 729/460
v 0.2712393 0.6190213 0.3116570
vt 0.3925781 0.2329843
v 0.1716021 0.7072299 0.0898628
vt 0.3574219 0.2382199
v 0.3284477 0.6824483 0.1788029
vt 0.4199219 0.3638743
f 730/461 731/462 732/463
v 0.3284477 0.6824483 0.1788029
vt 0.4199219 0.3638743
v 0.1716021 0.7072299 0.0898628
vt 0.3574219 0.2382199
v 0.1679391 0.7189062 0.0624722
vt 0.3730469 0.3952880
f 733/464 734/465 735/466
v 0.0825246 0.6798476 0.1339130
vt 0.3574219 0.2382199
v 0.3207540 0.6414293 0.2707771
vt 0.4199219 0.3638743
v 0.1086537 0.5965565 0.3292994
vt 0.3730469 0.3952880
f 736/467 737/468 738/469
v 0.3207540 0.6414293 0.2707771
vt 0.4199219 0.3638743
v 0.3249075 0.7265051 0.0775781
vt 0.4121094 0.4581152
v 0.1086537 0.5965565 0.3292994
vt 0.3730469 0.3952880
f 739/470 740/471 741/472
v 0.3284477 0.6824483 0.1788029
vt 0.4199219 0.3638743
v 0.1679391 0.7189062 0.0624722
vt 0.3730469 0.3952880
v 0.2070113 0.6271284 0.2798916
vt 0.4121094 0.4581152
f 742/473 743/474 744/475
v 0.2070113 0.6271284 0.2798916
vt 0.4121094 0.4581152
v 0.1679391 0.7189062 0.0624722
vt 0.3730469 0.3952880
v 0.0971764 0.6331423 0.2434755
vt 0.3300781 0.4581152
f 745/476 746/477 747/478
v 0.1086537 0.5965565 0.3292994
vt 0.3730469 0.3952880
v 0.3249075 0.7265051 0.0775781
vt 0.4121094 0.4581152
v 0.0971764 0.6331423 0.2434755
vt 0.3300781 0.4581152
f 748/479 749/480 750/481
usemtl clut_880_503
v 0.2712393 0.6190213 0.3116570
vt 0.1660156 0.7198953
v 0.3371173 0.6875840 0.1688802
vt 0.1425781 0.5785340
v 0.1716021 0.7072299 0.0898628
vt 0.1191406 0.7198953
f 751/482 752/483 753/484
v 0.3371173 0.6875840 0.1688802
vt 0.1425781 0.5785340
v 0.2712393 0.6190213 0.3116570
vt 0.1660156 0.7198953
v 0.2082323 0.6232363 0.2890218
vt 0.2011719 0.5942408
f 754/485 755/486 756/487
v 0.3086663 0.6799612 0.1803881
vt 0.1660156 0.7198953
v 0.1029165 0.6803887 0.1368930
vt 0.1425781 0.5785340
v 0.1363714 0.5737449 0.3870607
vt 0.2011719 0.5942408
f 757/488 758/489 759/490
v 0.1029165 0.6803887 0.1368930
vt 0.1425781 0.5785340
v 0.3086663 0.6799612 0.1803881
vt 0.1660156 0.7198953
v 0.0825246 0.6798476 0.1339130
vt 0.1191406 0.7198953
f 760/491 761/492 762/493
usemtl clut_848_497
v 0.2082323 0.6232363 0.2890218
vt 0.9355469 0.3952880
v 0.2712393 0.6190213 0.3116570
vt 0.9394531 0.5209424
v 0.1363714 0.5737449 0.3870607
vt 0.9824219 0.3952880
v 0.3086663 0.6799612 0.1803881
vt 0.9785156 0.5209424
f 763/494 764/495 765/496
f 763/494 765/496 766/497
v 0.3284477 0.6824483 0.1788029
vt 0.9238281 0.6518325
v 0.3207540 0.6414293 0.2707771
vt 0.9980469 0.6518325
v 0.2712393 0.6190213 0.3116570
vt 0.9394531 0.5209424
v 0.3086663 0.6799612 0.1803881
vt 0.9785156 0.5209424
f 767/498 768/499 769/500
f 767/498 769/500 770/501
v 0.3249075 0.7265051 0.0775781
vt 0.9785156 0.7408377
v 0.3207540 0.6414293 0.2707771
vt 0.9980469 0.6518325
v 0.2070113 0.6271284 0.2798916
vt 0.9394531 0.7408377
v 0.3284477 0.6824483 0.1788029
vt 0.9238281 0.6518325
f 771/502 772/503 773/504
f 771/502 773/504 774/505
g bone_10
usemtl clut_832_496
v 0.2988141 0.0879386 -0.1788689
vt 0.1074219 0.0916230
v 0.3713588 0.1013151 -0.1990762
vt 0.0019531 0.0916230
v 0.3099405 0.0981339 -0.2138297
vt 0.0683594 0.1806283
f 775/506 776/507 777/508
v 0.0390012 0.0484300 -0.1393552
vt 0.1074219 0.0916230
v 0.2353068 0.0311832 0.0150555
vt 0.0683594 0.1806283
v 0.3304475 0.0525435 -0.0263811
vt 0.0019531 0.0916230
f 778/509 779/510 780/511
v 0.3304475 0.0525435 -0.0263811
vt 0.0019531 0.0916230
v 0.2353068 0.0311832 0.0150555
vt 0.0683594 0.1806283
v 0.2374209 0.0264831 0.0343800
vt 0.0175781 0.1806283
f 781/512 782/513 783/514
v 0.3099405 0.0981339 -0.2138297
vt 0.0683594 0.1806283
v 0.3713588 0.1013151 -0.1990762
vt 0.0019531 0.0916230
v 0.0536944 0.0157647 -0.0050493
vt 0.0175781 0.1806283
f 784/515 785/516 786/517
usemtl clut_848_501
v 0.2374209 0.0264831 0.0343800
vt 0.7519531 0.1910995
v 0.0795258 0.0538155 -0.1424788
vt 0.7949219 0.1910995
v 0.1037325 0.0000000 0.0787878
vt 0.7519531 0.2277487
f 787/518 788/519 789/520
v 0.0795258 0.0538155 -0.1424788
vt 0.7949219 0.1910995
v 0.2353068 0.0311832 0.0150555
vt 0.7519531 0.1910995
v 0.1037325 0.0000000 0.0787878
vt 0.7519531 0.2277487
f 790/521 791/522 792/523
v 0.2353068 0.0311832 0.0150555
vt 0.7519531 0.1910995
v 0.0795258 0.0538155 -0.1424788
vt 0.7949219 0.1910995
v 0.1624188 0.0302135 -0.0134296
vt 0.7636719 0.1544503
f 793/524 794/525 795/526
v 0.1624188 0.0302135 -0.0134296
vt 0.7636719 0.1544503
v 0.0795258 0.0538155 -0.1424788
vt 0.7949219 0.1910995
v 0.2374209 0.0264831 0.0343800
vt 0.7519531 0.1910995
f 796/527 797/528 798/529
v 0.1645329 0.0255135 0.0058950
vt 0.6425781 0.1910995
v 0.1382121 0.0840290 -0.2346963
vt 0.6738281 0.1544503
v 0.0536944 0.0157647 -0.0050493
vt 0.6855469 0.1910995
f 799/530 800/531 801/532
v 0.1645329 0.0255135 0.0058950
vt 0.6425781 0.1910995
v 0.3099405 0.0981339 -0.2138297
vt 0.6855469 0.1910995
v 0.1382121 0.0840290 -0.2346963
vt 0.6738281 0.1544503
f 802/533 803/534 804/535
v 0.0536944 0.0157647 -0.0050493
vt 0.6855469 0.1910995
v 0.1456115 0.0675789 -0.1670602
vt 0.6855469 0.2277487
v 0.1645329 0.0255135 0.0058950
vt 0.6425781 0.1910995
f 805/536 806/537 807/538
v 0.1645329 0.0255135 0.0058950
vt 0.6425781 0.1910995
v 0.1456115 0.0675789 -0.1670602
vt 0.6855469 0.2277487
v 0.3099405 0.0981339 -0.2138297
vt 0.6855469 0.1910995
f 808/539 809/540 810/541
usemtl rgb_048_048_000
v 0.0536944 0.0157647 -0.0050493
v 0.3713588 0.1013151 -0.1990762
v 0.2374209 0.0264831 0.0343800
v 0.3304475 0.0525435 -0.0263811
f 811 812 813
f 811 813 814
v 0.0390012 0.0484300 -0.1393552
v 0.3304475 0.0525435 -0.0263811
v 0.2988141 0.0879386 -0.1788689
v 0.3713588 0.1013151 -0.1990762
f 815 816 817
f 815 817 818
usemtl clut_848_496
v 0.2353068 0.0311832 0.0150555
vt 0.5839844 0.4476440
v 0.0390012 0.0484300 -0.1393552
vt 0.5917969 0.3586387
v 0.3099405 0.0981339 -0.2138297
vt 0.5410156 0.4476440
v 0.2988141 0.0879386 -0.1788689
vt 0.5332031 0.3586387
f 819/542 820/543 821/544
f 819/542 821/544 822/545
usemtl clut_848_501
v 0.1456115 0.0675789 -0.1670602
vt 0.6855469 0.2277487
v 0.0536944 0.0157647 -0.0050493
vt 0.6855469 0.1910995
v 0.1037325 0.0000000 0.0787878
vt 0.7519531 0.2277487
v 0.2374209 0.0264831 0.0343800
vt 0.7519531 0.1910995
f 823/546 824/547 825/548
f 823/546 825/548 826/549
v 0.1037325 0.0000000 0.0787878
vt 0.7519531 0.2277487
v 0.2353068 0.0311832 0.0150555
vt 0.7519531 0.1910995
v 0.1456115 0.0675789 -0.1670602
vt 0.6855469 0.2277487
v 0.3099405 0.0981339 -0.2138297
vt 0.6855469 0.1910995
f 827/550 828/551 829/552
f 827/550 829/552 830/553
g bone_11
usemtl rgb_048_048_000
v 0.1634162 0.0640323 0.0578185
v 0.1628877 0.0652073 0.0529873
v 0.1787436 0.0299570 0.1979218
f 831 832 833
v 0.0501454 0.0131162 0.2068596
v 0.0522595 0.0084161 0.2261842
v 0.0323868 0.0525965 0.0445330
f 834 835 836
usemtl clut_880_496
v 0.1787436 0.0299570 0.1979218
vt 0.0019531 0.3272251
v 0.3093503 0.0423328 0.2073424
vt 0.0644531 0.3376963
v 0.1634162 0.0640323 0.0578185
vt 0.0839844 0.2905759
f 837/554 838/555 839/556
v 0.3093503 0.0423328 0.2073424
vt 0.0644531 0.3376963
v 0.1787436 0.0299570 0.1979218
vt 0.0019531 0.3272251
v 0.1628877 0.0652073 0.0529873
vt 0.0839844 0.2905759
f 840/557 841/558 842/559
v 0.0501454 0.0131162 0.2068596
vt 0.1777344 0.3481675
v 0.1628877 0.0652073 0.0529873
vt 0.0839844 0.2905759
v 0.2694980 0.0843562 0.0252824
vt 0.1660156 0.2905759
f 843/560 844/561 845/562
v 0.0323868 0.0525965 0.0445330
vt 0.1855469 0.3952880
v 0.3093503 0.0423328 0.2073424
vt 0.0644531 0.3376963
v 0.0501454 0.0131162 0.2068596
vt 0.1777344 0.3481675
f 846/563 847/564 848/565
v 0.1634162 0.0640323 0.0578185
vt 0.0839844 0.2905759
v 0.0522595 0.0084161 0.2261842
vt 0.1777344 0.3481675
v 0.2926477 0.0328907 0.2368867
vt 0.1660156 0.2905759
f 849/566 850/567 851/568
v 0.1634162 0.0640323 0.0578185
vt 0.0839844 0.2905759
v 0.3093503 0.0423328 0.2073424
vt 0.0644531 0.3376963
v 0.0522595 0.0084161 0.2261842
vt 0.1777344 0.3481675
f 852/569 853/570 854/571
v 0.0501454 0.0131162 0.2068596
vt 0.1777344 0.3481675
v 0.3093503 0.0423328 0.2073424
vt 0.0644531 0.3376963
v 0.1628877 0.0652073 0.0529873
vt 0.0839844 0.2905759
f 855/572 856/573 857/574
v 0.0522595 0.0084161 0.2261842
vt 0.1777344 0.3481675
v 0.3093503 0.0423328 0.2073424
vt 0.0644531 0.3376963
v 0.0323868 0.0525965 0.0445330
vt 0.1855469 0.3952880
f 858/575 859/576 860/577
usemtl rgb_048_048_000
v 0.2356863 0.0873343 -0.0013428
v 0.2567218 0.0405689 0.1909370
v 0.2410773 0.0753492 0.0479349
f 861 862 863
v 0.2518440 0.0770291 0.0461307
v 0.0302726 0.0572966 0.0252084
v 0.2670657 0.0431888 0.1852678
f 864 865 866
v 0.2567218 0.0405689 0.1909370
v 0.0302726 0.0572966 0.0252084
v 0.0543737 0.0037161 0.2455088
f 867 868 869
v 0.0543737 0.0037161 0.2455088
v 0.0302726 0.0572966 0.0252084
v 0.1477870 0.0731626 0.0151762
f 870 871 872
v 0.2670657 0.0431888 0.1852678
v 0.0302726 0.0572966 0.0252084
v 0.2356863 0.0873343 -0.0013428
f 873 874 875
v 0.2567218 0.0405689 0.1909370
v 0.2356863 0.0873343 -0.0013428
v 0.0302726 0.0572966 0.0252084
f 876 877 878
usemtl clut_864_503
v 0.0302726 0.0572966 0.0252084
vt 0.7675781 0.0549738
v 0.2518440 0.0770291 0.0461307
vt 0.7753906 0.0340314
v 0.2410773 0.0753492 0.0479349
vt 0.8222656 0.1125654
f 879/578 880/579 881/580
v 0.0302726 0.0572966 0.0252084
vt 0.7675781 0.0549738
v 0.2410773 0.0753492 0.0479349
vt 0.8222656 0.1125654
v 0.1477870 0.0731626 0.0151762
vt 0.7753906 0.0340314
f 882/581 883/582 884/583
v 0.2670657 0.0431888 0.1852678
vt 0.8222656 0.0445026
v 0.2356863 0.0873343 -0.0013428
vt 0.8574219 0.0916230
v 0.2410773 0.0753492 0.0479349
vt 0.8222656 0.1125654
f 885/584 886/585 887/586
v 0.2567218 0.0405689 0.1909370
vt 0.8574219 0.0916230
v 0.0543737 0.0037161 0.2455088
vt 0.8222656 0.0445026
v 0.2410773 0.0753492 0.0479349
vt 0.8222656 0.1125654
f 888/587 889/588 890/589
v 0.2410773 0.0753492 0.0479349
vt 0.8222656 0.1125654
v 0.2518440 0.0770291 0.0461307
vt 0.7753906 0.0340314
v 0.2670657 0.0431888 0.1852678
vt 0.8222656 0.0445026
f 891/590 892/591 893/592
v 0.1477870 0.0731626 0.0151762
vt 0.7753906 0.0340314
v 0.2410773 0.0753492 0.0479349
vt 0.8222656 0.1125654
v 0.0543737 0.0037161 0.2455088
vt 0.8222656 0.0445026
f 894/593 895/594 896/595
usemtl rgb_048_048_000
v 0.1634162 0.0640323 0.0578185
v 0.2926477 0.0328907 0.2368867
v 0.1628877 0.0652073 0.0529873
v 0.2694980 0.0843562 0.0252824
f 897 898 899
f 897 899 900
v 0.0501454 0.0131162 0.2068596
v 0.2694980 0.0843562 0.0252824
v 0.0522595 0.0084161 0.2261842
v 0.2926477 0.0328907 0.2368867
f 901 902 903
f 901 903 904
g bone_12
usemtl rgb_032_032_032
v -0.1683979 1.6243744 0.0441465
v -0.3664514 1.5254617 0.0087617
v -0.3279802 1.5359312 0.1004697
f 905 906 907
v -0.4223272 1.4924868 0.0479606
v -0.0509989 1.6681693 0.2090722
v -0.1698751 1.6358183 -0.0743055
f 908 909 910
v -0.1683979 1.6243744 0.0441465
v -0.0755280 1.6792628 -0.0217963
v -0.3664514 1.5254617 0.0087617
f 911 912 913
v -0.1471712 1.6135668 0.2556497
v -0.0755280 1.6792628 -0.0217963
v -0.4223272 1.4924868 0.0479606
f 914 915 916
v -0.4223272 1.4924868 0.0479606
v -0.0755280 1.6792628 -0.0217963
v -0.0509989 1.6681693 0.2090722
f 917 918 919
v -0.3664514 1.5254617 0.0087617
v -0.0755280 1.6792628 -0.0217963
v -0.1471712 1.6135668 0.2556497
f 920 921 922
v -0.0509989 1.6681693 0.2090722
v -0.2775887 1.5780750 -0.0552403
v -0.1698751 1.6358183 -0.0743055
f 923 924 925
v -0.2775887 1.5780750 -0.0552403
v -0.1683979 1.6243744 0.0441465
v -0.3279802 1.5359312 0.1004697
f 926 927 928
v -0.1683979 1.6243744 0.0441465
v -0.0509989 1.6681693 0.2090722
v -0.0755280 1.6792628 -0.0217963
f 929 930 931
v -0.0509989 1.6681693 0.2090722
v -0.1683979 1.6243744 0.0441465
v -0.2775887 1.5780750 -0.0552403
f 932 933 934
v -0.2914384 1.5743059 -0.0882552
v 0.1394249 1.7626365 0.2492554
v -0.1070407 1.6623948 -0.0164649
f 935 936 937
v -0.0955022 1.6797500 -0.1268763
v -0.3904299 1.5094595 0.0435463
v -0.5122486 1.4431391 0.0749597
f 938 939 940
v -0.4115861 1.4894869 0.1310306
v 0.1394249 1.7626365 0.2492554
v -0.2914384 1.5743059 -0.0882552
f 941 942 943
v -0.0955022 1.6797500 -0.1268763
v -0.0698557 1.6914678 -0.1117122
v -0.3904299 1.5094595 0.0435463
f 944 945 946
v -0.4241524 1.4813287 0.1470472
v -0.2318079 1.5905337 0.0538922
v -0.1673789 1.6578203 -0.2752300
f 947 948 949
v -0.1374976 1.6564755 -0.1120544
v -0.4241524 1.4813287 0.1470472
v -0.4324252 1.4861849 0.0583682
f 950 951 952
v -0.2318079 1.5905337 0.0538922
v -0.4115861 1.4894869 0.1310306
v -0.1673789 1.6578203 -0.2752300
f 953 954 955
v -0.0698557 1.6914678 -0.1117122
v -0.1374976 1.6564755 -0.1120544
v -0.4324252 1.4861849 0.0583682
f 956 957 958
v 0.1394249 1.7626365 0.2492554
v -0.0955022 1.6797500 -0.1268763
v -0.4099856 1.5017684 0.0199153
f 959 960 961
v -0.0955022 1.6797500 -0.1268763
v -0.2641238 1.5817393 -0.0231425
v -0.4847461 1.4719463 -0.0663547
f 962 963 964
v -0.3116255 1.5190594 0.3463312
v 0.1394249 1.7626365 0.2492554
v -0.0708160 1.6840989 -0.0450430
f 965 966 967
v -0.0955022 1.6797500 -0.1268763
v 0.0249774 1.7101681 0.1833098
v -0.2641238 1.5817393 -0.0231425
f 968 969 970
v 0.1394249 1.7626365 0.2492554
v 0.0249774 1.7101681 0.1833098
v -0.0955022 1.6797500 -0.1268763
f 971 972 973
v -0.2391175 1.5885445 0.0364677
v 0.0249774 1.7101681 0.1833098
v -0.3116255 1.5190594 0.3463312
f 974 975 976
v -0.3116255 1.5190594 0.3463312
v 0.0249774 1.7101681 0.1833098
v 0.1394249 1.7626365 0.2492554
f 977 978 979
v -0.2641238 1.5817393 -0.0231425
v 0.0249774 1.7101681 0.1833098
v -0.2391175 1.5885445 0.0364677
f 980 981 982
usemtl clut_832_499
v -0.4241524 1.4813287 0.1470472
vt 0.0761719 0.4005236
v -0.1433240 1.6146138 0.2648205
vt 0.0761719 0.5209424
v -0.2318079 1.5905337 0.0538922
vt 0.1542969 0.4371728
f 983/596 984/597 985/598
v -0.4241524 1.4813287 0.1470472
vt 0.0761719 0.4005236
v -0.1374976 1.6564755 -0.1120544
vt 0.0019531 0.4371728
v -0.1433240 1.6146138 0.2648205
vt 0.0761719 0.5209424
f 986/599 987/600 988/601
v -0.0798465 1.6318885 0.4161386
vt 0.1230469 0.5366492
v -0.2318079 1.5905337 0.0538922
vt 0.1542969 0.4371728
v -0.1433240 1.6146138 0.2648205
vt 0.0761719 0.5209424
f 989/602 990/603 991/604
v -0.2237994 1.6235125 -0.2258367
vt 0.0292969 0.5366492
v -0.1433240 1.6146138 0.2648205
vt 0.0761719 0.5209424
v -0.1374976 1.6564755 -0.1120544
vt 0.0019531 0.4371728
f 992/605 993/606 994/607
v -0.2237994 1.6235125 -0.2258367
vt 0.0292969 0.5366492
v -0.3817753 1.5189223 -0.0047813
vt 0.0761719 0.5418848
v -0.1433240 1.6146138 0.2648205
vt 0.0761719 0.5209424
f 995/608 996/609 997/610
v -0.1433240 1.6146138 0.2648205
vt 0.0761719 0.5209424
v -0.3817753 1.5189223 -0.0047813
vt 0.0761719 0.5418848
v -0.0798465 1.6318885 0.4161386
vt 0.1230469 0.5366492
f 998/611 999/612 1000/613
usemtl clut_864_498
v -0.0798465 1.6318885 0.4161386
vt 0.6425781 0.9659686
v -0.4115861 1.4894869 0.1310306
vt 0.6894531 0.9450262
v -0.2318079 1.5905337 0.0538922
vt 0.6464844 0.8664921
f 1001/614 1002/615 1003/616
v -0.0698557 1.6914678 -0.1117122
vt 0.6894531 0.9450262
v -0.2237994 1.6235125 -0.2258367
vt 0.6425781 0.9659686
v -0.1374976 1.6564755 -0.1120544
vt 0.6464844 0.8664921
f 1004/617 1005/618 1006/619
usemtl clut_848_499
v -0.1673789 1.6578203 -0.2752300
vt 0.9433594 0.9240838
v -0.1070407 1.6623948 -0.0164649
vt 0.9628906 0.8350785
v 0.1394249 1.7626365 0.2492554
vt 0.9394531 0.8612565
f 1007/620 1008/621 1009/622
v -0.0955022 1.6797500 -0.1268763
vt 0.9394531 0.8612565
v -0.5122486 1.4431391 0.0749597
vt 0.9628906 0.8350785
v -0.4324252 1.4861849 0.0583682
vt 0.9433594 0.9240838
f 1010/623 1011/624 1012/625
v -0.5122486 1.4431391 0.0749597
vt 0.9628906 0.8350785
v -0.3904299 1.5094595 0.0435463
vt 0.9980469 0.8717277
v -0.4324252 1.4861849 0.0583682
vt 0.9433594 0.9240838
f 1013/626 1014/627 1015/628
v -0.4324252 1.4861849 0.0583682
vt 0.9433594 0.9240838
v -0.3904299 1.5094595 0.0435463
vt 0.9980469 0.8717277
v -0.0698557 1.6914678 -0.1117122
vt 0.9707031 0.9973822
f 1016/629 1017/630 1018/631
v -0.1673789 1.6578203 -0.2752300
vt 0.9433594 0.9240838
v -0.2914384 1.5743059 -0.0882552
vt 0.9980469 0.8717277
v -0.1070407 1.6623948 -0.0164649
vt 0.9628906 0.8350785
f 1019/632 1020/633 1021/634
v -0.2914384 1.5743059 -0.0882552
vt 0.9980469 0.8717277
v -0.1673789 1.6578203 -0.2752300
vt 0.9433594 0.9240838
v -0.4115861 1.4894869 0.1310306
vt 0.9707031 0.9973822
f 1022/635 1023/636 1024/637
usemtl clut_864_507
v -0.4241524 1.4813287 0.1470472
vt 0.0019531 0.2486911
v -0.0955022 1.6797500 -0.1268763
vt 0.1660156 0.2277487
v -0.4324252 1.4861849 0.0583682
vt 0.1816406 0.2853403
f 1025/638 1026/639 1027/640
v -0.0955022 1.6797500 -0.1268763
vt 0.1660156 0.2277487
v -0.4241524 1.4813287 0.1470472
vt 0.0019531 0.2486911
v -0.4099856 1.5017684 0.0199153
vt 0.0527344 0.1858639
f 1028/641 1029/642 1030/643
v 0.1394249 1.7626365 0.2492554
vt 0.1660156 0.2277487
v -0.4241524 1.4813287 0.1470472
vt 0.0019531 0.2486911
v -0.1673789 1.6578203 -0.2752300
vt 0.1816406 0.2853403
f 1031/644 1032/645 1033/646
v -0.4241524 1.4813287 0.1470472
vt 0.0019531 0.2486911
v 0.1394249 1.7626365 0.2492554
vt 0.1660156 0.2277487
v -0.4099856 1.5017684 0.0199153
vt 0.0527344 0.1858639
f 1034/647 1035/648 1036/649
usemtl clut_864_498
v -0.2775887 1.5780750 -0.0552403
vt 0.7949219 0.8769634
v -0.4115861 1.4894869 0.1310306
vt 0.6894531 0.9450262
v -0.1698751 1.6358183 -0.0743055
vt 0.7792969 0.9973822
f 1037/650 1038/651 1039/652
v -0.0698557 1.6914678 -0.1117122
vt 0.6894531 0.9450262
v -0.0766543 1.6990944 -0.2198631
vt 0.7949219 0.8769634
v -0.3279802 1.5359312 0.1004697
vt 0.7792969 0.9973822
f 1040/653 1041/654 1042/655
v -0.3116255 1.5190594 0.3463312
vt 0.7832031 0.7408377
v -0.0708160 1.6840989 -0.0450430
vt 0.6816406 0.7408377
v -0.2775887 1.5780750 -0.0552403
vt 0.7949219 0.8769634
f 1043/656 1044/657 1045/658
v -0.0766543 1.6990944 -0.2198631
vt 0.7949219 0.8769634
v -0.4847461 1.4719463 -0.0663547
vt 0.6816406 0.7408377
v -0.2641238 1.5817393 -0.0231425
vt 0.7832031 0.7408377
f 1046/659 1047/660 1048/661
usemtl clut_832_499
v -0.1471712 1.6135668 0.2556497
vt 0.0761719 0.5628272
v -0.0798465 1.6318885 0.4161386
vt 0.1230469 0.5366492
v -0.3817753 1.5189223 -0.0047813
vt 0.0761719 0.5418848
f 1049/662 1050/663 1051/664
v -0.0798465 1.6318885 0.4161386
vt 0.1230469 0.5366492
v -0.1471712 1.6135668 0.2556497
vt 0.0761719 0.5628272
v -0.4223272 1.4924868 0.0479606
vt 0.1191406 0.5628272
f 1052/665 1053/666 1054/667
v -0.2237994 1.6235125 -0.2258367
vt 0.0292969 0.5366492
v -0.1471712 1.6135668 0.2556497
vt 0.0761719 0.5628272
v -0.3817753 1.5189223 -0.0047813
vt 0.0761719 0.5418848
f 1055/668 1056/669 1057/670
v -0.1471712 1.6135668 0.2556497
vt 0.0761719 0.5628272
v -0.2237994 1.6235125 -0.2258367
vt 0.0292969 0.5366492
v -0.3664514 1.5254617 0.0087617
vt 0.0332031 0.5628272
f 1058/671 1059/672 1060/673
usemtl clut_864_498
v -0.0698557 1.6914678 -0.1117122
vt 0.6894531 0.9450262
v -0.4847461 1.4719463 -0.0663547
vt 0.6816406 0.7408377
v -0.0766543 1.6990944 -0.2198631
vt 0.7949219 0.8769634
f 1061/674 1062/675 1063/676
v -0.1698751 1.6358183 -0.0743055
vt 0.7792969 0.9973822
v -0.4115861 1.4894869 0.1310306
vt 0.6894531 0.9450262
v -0.4223272 1.4924868 0.0479606
vt 0.6542969 0.9973822
f 1064/677 1065/678 1066/679
v -0.4223272 1.4924868 0.0479606
vt 0.6542969 0.9973822
v -0.4115861 1.4894869 0.1310306
vt 0.6894531 0.9450262
v -0.0798465 1.6318885 0.4161386
vt 0.6425781 0.9659686
f 1067/680 1068/681 1069/682
v -0.3279802 1.5359312 0.1004697
vt 0.7792969 0.9973822
v -0.3664514 1.5254617 0.0087617
vt 0.6542969 0.9973822
v -0.0698557 1.6914678 -0.1117122
vt 0.6894531 0.9450262
f 1070/683 1071/684 1072/685
v -0.0708160 1.6840989 -0.0450430
vt 0.6816406 0.7408377
v -0.4115861 1.4894869 0.1310306
vt 0.6894531 0.9450262
v -0.2775887 1.5780750 -0.0552403
vt 0.7949219 0.8769634
f 1073/686 1074/687 1075/688
v 0.1394249 1.7626365 0.2492554
vt 0.6464844 0.8036649
v -0.4115861 1.4894869 0.1310306
vt 0.6894531 0.9450262
v -0.0708160 1.6840989 -0.0450430
vt 0.6816406 0.7408377
f 1076/689 1077/690 1078/691
v -0.0698557 1.6914678 -0.1117122
vt 0.6894531 0.9450262
v -0.0955022 1.6797500 -0.1268763
vt 0.6464844 0.8036649
v -0.4847461 1.4719463 -0.0663547
vt 0.6816406 0.7408377
f 1079/692 1080/693 1081/694
v -0.0698557 1.6914678 -0.1117122
vt 0.6894531 0.9450262
v -0.3664514 1.5254617 0.0087617
vt 0.6542969 0.9973822
v -0.2237994 1.6235125 -0.2258367
vt 0.6425781 0.9659686
f 1082/695 1083/696 1084/697
usemtl clut_864_505
v -0.3581081 1.4898253 0.3964284
vt 0.1113281 0.8403141
v -0.2775887 1.5780750 -0.0552403
vt 0.0019531 0.8717277
v -0.2775887 1.5780750 -0.0552403
vt 0.1113281 0.9973822
f 1085/698 1086/699 1087/700
v -0.3581081 1.4898253 0.3964284
vt 0.1113281 0.8403141
v -0.2775887 1.5780750 -0.0552403
vt 0.1113281 0.9973822
v -0.0766543 1.6990944 -0.2198631
vt 0.2167969 0.8717277
f 1088/701 1089/702 1090/703
v -0.2641238 1.5817393 -0.0231425
vt 0.1894531 0.7251309
v -0.2391175 1.5885445 0.0364677
vt 0.1113281 0.7303665
v -0.0766543 1.6990944 -0.2198631
vt 0.2167969 0.8717277
f 1091/704 1092/705 1093/706
v -0.3116255 1.5190594 0.3463312
vt 0.0253906 0.7251309
v -0.2775887 1.5780750 -0.0552403
vt 0.0019531 0.8717277
v -0.2391175 1.5885445 0.0364677
vt 0.1113281 0.7303665
f 1094/707 1095/708 1096/709
v -0.2391175 1.5885445 0.0364677
vt 0.1113281 0.7303665
v -0.2775887 1.5780750 -0.0552403
vt 0.0019531 0.8717277
v -0.3581081 1.4898253 0.3964284
vt 0.1113281 0.8403141
f 1097/710 1098/711 1099/712
v -0.0766543 1.6990944 -0.2198631
vt 0.2167969 0.8717277
v -0.2391175 1.5885445 0.0364677
vt 0.1113281 0.7303665
v -0.3581081 1.4898253 0.3964284
vt 0.1113281 0.8403141
f 1100/713 1101/714 1102/715
v -0.2775887 1.5780750 -0.0552403
vt 0.1113281 0.9973822
v -0.2775887 1.5780750 -0.0552403
vt 0.0019531 0.8717277
v -0.1698751 1.6358183 -0.0743055
vt 0.0332031 0.9816754
f 1103/716 1104/717 1105/718
v -0.0766543 1.6990944 -0.2198631
vt 0.2167969 0.8717277
v -0.2775887 1.5780750 -0.0552403
vt 0.1113281 0.9973822
v -0.3279802 1.5359312 0.1004697
vt 0.1855469 0.9816754
f 1106/719 1107/720 1108/721
g bone_13
usemtl rgb_032_032_032
v -0.2829467 1.7155511 0.1038157
v -0.3542181 1.6123395 0.3132620
v -0.5428925 1.6193792 0.0863757
f 1109 1110 1111
v -0.5428925 1.6193792 0.0863757
v -0.5488668 1.6360448 0.0333515
v -0.2829467 1.7155511 0.1038157
f 1112 1113 1114
v -0.3442488 1.7262694 0.0065935
v -0.5488668 1.6360448 0.0333515
v -0.6227949 1.6864870 -0.1884845
f 1115 1116 1117
v -0.6227949 1.6864870 -0.1884845
v -0.5034237 1.7376530 -0.1999974
v -0.3442488 1.7262694 0.0065935
f 1118 1119 1120
v -0.3442488 1.7262694 0.0065935
v -0.5488668 1.6360448 0.0333515
v -0.4241513 1.7933772 -0.2682667
f 1121 1122 1123
v -0.6066171 1.6903715 -0.1815427
v -0.3542181 1.6123395 0.3132620
v -0.5988738 1.6780442 -0.1386699
f 1124 1125 1126
v -0.5488668 1.6360448 0.0333515
v -0.5566101 1.6483721 -0.0095213
v -0.4241513 1.7933772 -0.2682667
f 1127 1128 1129
v -0.3542181 1.6123395 0.3132620
v -0.5428925 1.6193792 0.0863757
v -0.5988738 1.6780442 -0.1386699
f 1130 1131 1132
v -0.5488668 1.6360448 0.0333515
v -0.3442488 1.7262694 0.0065935
v -0.5566101 1.6483721 -0.0095213
f 1133 1134 1135
v -0.5428925 1.6193792 0.0863757
v -0.3542181 1.6123395 0.3132620
v -0.6066171 1.6903715 -0.1815427
f 1136 1137 1138
usemtl clut_848_500
v -0.5428925 1.6193792 0.0863757
vt 0.1894531 0.1125654
v -0.5610968 1.6463164 -0.0087189
vt 0.2949219 0.1596859
v -0.7559073 1.6060942 -0.1105867
vt 0.2480469 0.1596859
f 1139/722 1140/723 1141/724
v -0.5428925 1.6193792 0.0863757
vt 0.1894531 0.1125654
v -0.7559073 1.6060942 -0.1105867
vt 0.2480469 0.1596859
v -0.5988738 1.6780442 -0.1386699
vt 0.1894531 0.1335079
f 1142/725 1143/726 1144/727
v -0.5610968 1.6463164 -0.0087189
vt 0.2949219 0.1596859
v -0.3442488 1.7262694 0.0065935
vt 0.1894531 0.2068063
v -0.7559073 1.6060942 -0.1105867
vt 0.2480469 0.1596859
f 1145/728 1146/729 1147/730
usemtl clut_832_500
v -0.5566101 1.6483721 -0.0095213
vt 0.3769531 0.0759162
v -0.6653680 1.6232359 -0.0589167
vt 0.4511719 0.0445026
v -0.4241513 1.7933772 -0.2682667
vt 0.3769531 0.1282723
f 1148/731 1149/732 1150/733
usemtl clut_848_500
v -0.3442488 1.7262694 0.0065935
vt 0.1894531 0.2068063
v -0.4241513 1.7933772 -0.2682667
vt 0.1894531 0.1910995
v -0.7559073 1.6060942 -0.1105867
vt 0.2480469 0.1596859
f 1151/734 1152/735 1153/736
usemtl clut_832_500
v -0.6653680 1.6232359 -0.0589167
vt 0.4511719 0.0445026
v -0.7559073 1.6060942 -0.1105867
vt 0.4199219 0.1439791
v -0.4241513 1.7933772 -0.2682667
vt 0.3769531 0.1282723
f 1154/737 1155/738 1156/739
v -0.7559073 1.6060942 -0.1105867
vt 0.4199219 0.1439791
v -0.6653680 1.6232359 -0.0589167
vt 0.4511719 0.0445026
v -0.7371547 1.5903444 -0.0460787
vt 0.4511719 0.0445026
f 1157/740 1158/741 1159/742
v -0.5988738 1.6780442 -0.1386699
vt 0.3769531 0.1282723
v -0.7559073 1.6060942 -0.1105867
vt 0.4199219 0.1439791
v -0.7371547 1.5903444 -0.0460787
vt 0.4511719 0.0445026
f 1160/743 1161/744 1162/745
v -0.6066171 1.6903715 -0.1815427
vt 0.3769531 0.0759162
v -0.5988738 1.6780442 -0.1386699
vt 0.3769531 0.1282723
v -0.7371547 1.5903444 -0.0460787
vt 0.4511719 0.0445026
f 1163/746 1164/747 1165/748
usemtl clut_864_499
v -0.7436774 1.5958226 -0.0685162
vt 0.3886719 0.9973822
v -0.4656467 1.7059252 -0.0700464
vt 0.3457031 0.9659686
v -0.3983325 1.7716927 -0.1794513
vt 0.3886719 0.8769634
f 1166/749 1167/750 1168/751
v -0.3442488 1.7262694 0.0065935
vt 0.4394531 0.8717277
v -0.4871170 1.7239575 -0.1439034
vt 0.4394531 0.9816754
v -0.3983325 1.7716927 -0.1794513
vt 0.3886719 0.8769634
f 1169/752 1170/753 1171/754
v -0.5610968 1.6463164 -0.0087189
vt 0.5136719 0.9083770
v -0.4871170 1.7239575 -0.1439034
vt 0.4394531 0.9816754
v -0.3442488 1.7262694 0.0065935
vt 0.4394531 0.8717277
f 1172/755 1173/756 1174/757
v -0.6314871 1.7054352 -0.2508577
vt 0.3457031 0.8717277
v -0.5034237 1.7376530 -0.1999974
vt 0.3457031 0.7879581
v -0.3983325 1.7716927 -0.1794513
vt 0.3886719 0.8769634
f 1175/758 1176/759 1177/760
v -0.6227949 1.6864870 -0.1884845
vt 0.3886719 0.7460733
v -0.5488668 1.6360448 0.0333515
vt 0.4433594 0.7879581
v -0.3983325 1.7716927 -0.1794513
vt 0.3886719 0.8769634
f 1178/761 1179/762 1180/763
v -0.2829467 1.7155511 0.1038157
vt 0.3886719 0.7460733
v -0.5488668 1.6360448 0.0333515
vt 0.3457031 0.7879581
v -0.3928969 1.7671276 -0.1607534
vt 0.3886719 0.8769634
f 1181/764 1182/765 1183/766
v -0.5428925 1.6193792 0.0863757
vt 0.4394531 0.8717277
v -0.3542181 1.6123395 0.3132620
vt 0.4433594 0.7879581
v -0.3928969 1.7671276 -0.1607534
vt 0.3886719 0.8769634
f 1184/767 1185/768 1186/769
usemtl clut_880_499
v -0.5061414 1.7399356 -0.2093464
vt 0.3925781 0.2225131
v -0.4871170 1.7239575 -0.1439034
vt 0.3925781 0.1596859
v -0.5610968 1.6463164 -0.0087189
vt 0.4667969 0.1910995
f 1187/770 1188/771 1189/772
usemtl clut_864_499
v -0.5061414 1.7399356 -0.2093464
vt 0.4394531 0.9816754
v -0.5610968 1.6463164 -0.0087189
vt 0.5136719 0.9083770
v -0.5428925 1.6193792 0.0863757
vt 0.4394531 0.8717277
f 1190/773 1191/774 1192/775
v -0.5284836 1.6189255 0.1034689
vt 0.3886719 0.9973822
v -0.5061414 1.7399356 -0.2093464
vt 0.4394531 0.9816754
v -0.3928969 1.7671276 -0.1607534
vt 0.3886719 0.8769634
f 1193/776 1194/777 1195/778
v -0.4574933 1.6990774 -0.0419995
vt 0.3457031 0.8717277
v -0.3578377 1.7376823 -0.0401514
vt 0.3457031 0.9659686
v -0.3928969 1.7671276 -0.1607534
vt 0.3886719 0.8769634
f 1196/779 1197/780 1198/781
v -0.4871170 1.7239575 -0.1439034
vt 0.4394531 0.9816754
v -0.7436774 1.5958226 -0.0685162
vt 0.3886719 0.9973822
v -0.3983325 1.7716927 -0.1794513
vt 0.3886719 0.8769634
f 1199/782 1200/783 1201/784
v -0.4656467 1.7059252 -0.0700464
vt 0.3457031 0.9659686
v -0.6314871 1.7054352 -0.2508577
vt 0.3457031 0.8717277
v -0.3983325 1.7716927 -0.1794513
vt 0.3886719 0.8769634
f 1202/785 1203/786 1204/787
v -0.5488668 1.6360448 0.0333515
vt 0.4433594 0.7879581
v -0.3442488 1.7262694 0.0065935
vt 0.4394531 0.8717277
v -0.3983325 1.7716927 -0.1794513
vt 0.3886719 0.8769634
f 1205/788 1206/789 1207/790
v -0.5034237 1.7376530 -0.1999974
vt 0.3457031 0.7879581
v -0.6227949 1.6864870 -0.1884845
vt 0.3886719 0.7460733
v -0.3983325 1.7716927 -0.1794513
vt 0.3886719 0.8769634
f 1208/791 1209/792 1210/793
v -0.5061414 1.7399356 -0.2093464
vt 0.4394531 0.9816754
v -0.5428925 1.6193792 0.0863757
vt 0.4394531 0.8717277
v -0.3928969 1.7671276 -0.1607534
vt 0.3886719 0.8769634
f 1211/794 1212/795 1213/796
v -0.3578377 1.7376823 -0.0401514
vt 0.3457031 0.9659686
v -0.5284836 1.6189255 0.1034689
vt 0.3886719 0.9973822
v -0.3928969 1.7671276 -0.1607534
vt 0.3886719 0.8769634
f 1214/797 1215/798 1216/799
v -0.5488668 1.6360448 0.0333515
vt 0.3457031 0.7879581
v -0.4574933 1.6990774 -0.0419995
vt 0.3457031 0.8717277
v -0.3928969 1.7671276 -0.1607534
vt 0.3886719 0.8769634
f 1217/800 1218/801 1219/802
v -0.3542181 1.6123395 0.3132620
vt 0.4433594 0.7879581
v -0.2829467 1.7155511 0.1038157
vt 0.3886719 0.7460733
v -0.3928969 1.7671276 -0.1607534
vt 0.3886719 0.8769634
f 1220/803 1221/804 1222/805
usemtl clut_864_500
v -0.5034237 1.7376530 -0.1999974
vt 0.5253906 0.2696335
v -0.6314871 1.7054352 -0.2508577
vt 0.5292969 0.3534031
v -0.4656467 1.7059252 -0.0700464
vt 0.4980469 0.4476440
f 1223/806 1224/807 1225/808
v -0.4574933 1.6990774 -0.0419995
vt 0.4238281 0.3534031
v -0.5488668 1.6360448 0.0333515
vt 0.4277344 0.2696335
v -0.3578377 1.7376823 -0.0401514
vt 0.4511719 0.4476440
f 1226/809 1227/810 1228/811
usemtl rgb_032_032_032
v -0.5488668 1.6360448 0.0333515
v -0.5428925 1.6193792 0.0863757
v -0.5034237 1.7376530 -0.1999974
v -0.3442488 1.7262694 0.0065935
f 1229 1230 1231
f 1229 1231 1232
v -0.5566101 1.6483721 -0.0095213
v -0.6066171 1.6903715 -0.1815427
v -0.6653680 1.6232359 -0.0589167
v -0.7371547 1.5903444 -0.0460787
f 1233 1234 1235
f 1233 1235 1236
v -0.5428925 1.6193792 0.0863757
v -0.6066171 1.6903715 -0.1815427
v -0.3442488 1.7262694 0.0065935
v -0.5566101 1.6483721 -0.0095213
f 1237 1238 1239
f 1237 1239 1240
usemtl clut_880_499
v -0.7436774 1.5958226 -0.0685162
vt 0.3417969 0.1492147
v -0.5284836 1.6189255 0.1034689
vt 0.3417969 0.2277487
v -0.4656467 1.7059252 -0.0700464
vt 0.2988281 0.1596859
v -0.3578377 1.7376823 -0.0401514
vt 0.2988281 0.2225131
f 1241/812 1242/813 1243/814
f 1241/812 1243/814 1244/815
v -0.5061414 1.7399356 -0.2093464
vt 0.3925781 0.2225131
v -0.5284836 1.6189255 0.1034689
vt 0.3417969 0.2277487
v -0.4871170 1.7239575 -0.1439034
vt 0.3925781 0.1596859
v -0.7436774 1.5958226 -0.0685162
vt 0.3417969 0.1492147
f 1245/816 1246/817 1247/818
f 1245/816 1247/818 1248/819
usemtl clut_864_500
v -0.5488668 1.6360448 0.0333515
vt 0.4277344 0.2696335
v -0.5034237 1.7376530 -0.1999974
vt 0.5253906 0.2696335
v -0.3578377 1.7376823 -0.0401514
vt 0.4511719 0.4476440
v -0.4656467 1.7059252 -0.0700464
vt 0.4980469 0.4476440
f 1249/820 1250/821 1251/822
f 1249/820 1251/822 1252/823
g bone_14
usemtl clut_880_502
v -0.4936469 1.7323689 -0.2187467
vt 0.8339844 0.1178010
v -0.4406671 1.7685305 -0.2563030
vt 0.8339844 0.2015707
v -0.3827336 1.8297611 -0.3486043
vt 0.8144531 0.1178010
f 1253/824 1254/825 1255/826
v -0.3204677 1.8479709 -0.3353620
vt 0.8066406 0.2643979
v -0.3572093 1.8012051 -0.2580833
vt 0.7988281 0.1963351
v -0.3342078 1.8033023 -0.2422550
vt 0.8339844 0.2643979
f 1256/827 1257/828 1258/829
v -0.3572093 1.8012051 -0.2580833
vt 0.7988281 0.1963351
v -0.4406671 1.7685305 -0.2563030
vt 0.8339844 0.2015707
v -0.3342078 1.8033023 -0.2422550
vt 0.8339844 0.2643979
f 1259/830 1260/831 1261/832
v -0.4406671 1.7685305 -0.2563030
vt 0.8339844 0.2015707
v -0.3572093 1.8012051 -0.2580833
vt 0.7988281 0.1963351
v -0.3827336 1.8297611 -0.3486043
vt 0.8144531 0.1178010
f 1262/833 1263/834 1264/835
v -0.4406671 1.7685305 -0.2563030
vt 0.8339844 0.2015707
v -0.4156398 1.7949821 -0.2961772
vt 0.8730469 0.1963351
v -0.3342078 1.8033023 -0.2422550
vt 0.8339844 0.2643979
f 1265/836 1266/837 1267/838
v -0.4936469 1.7323689 -0.2187467
vt 0.8339844 0.1178010
v -0.4594255 1.8272441 -0.4119528
vt 0.8613281 0.1178010
v -0.4406671 1.7685305 -0.2563030
vt 0.8339844 0.2015707
f 1268/839 1269/840 1270/841
v -0.4594255 1.8272441 -0.4119528
vt 0.8613281 0.1178010
v -0.4156398 1.7949821 -0.2961772
vt 0.8730469 0.1963351
v -0.4406671 1.7685305 -0.2563030
vt 0.8339844 0.2015707
f 1271/842 1272/843 1273/844
v -0.4156398 1.7949821 -0.2961772
vt 0.8730469 0.1963351
v -0.4657501 1.7904130 -0.3306603
vt 0.8652344 0.2643979
v -0.3342078 1.8033023 -0.2422550
vt 0.8339844 0.2643979
f 1274/845 1275/846 1276/847
v -0.4730380 1.7906437 -0.3377900
vt 0.8339844 0.1963351
v -0.4147129 1.7959618 -0.2976540
vt 0.8339844 0.1178010
v -0.3572093 1.8012051 -0.2580833
vt 0.7988281 0.1963351
f 1277/848 1278/849 1279/850
v -0.4730380 1.7906437 -0.3377900
vt 0.8339844 0.1963351
v -0.4156398 1.7949821 -0.2961772
vt 0.8730469 0.1963351
v -0.4147129 1.7959618 -0.2976540
vt 0.8339844 0.1178010
f 1280/851 1281/852 1282/853
v -0.4730380 1.7906437 -0.3377900
vt 0.8339844 0.1963351
v -0.4615232 1.7464876 -0.2230746
vt 0.8339844 0.2643979
v -0.4156398 1.7949821 -0.2961772
vt 0.8730469 0.1963351
f 1283/854 1284/855 1285/856
v -0.3204677 1.8479709 -0.3353620
vt 0.8066406 0.2643979
v -0.4615232 1.7464876 -0.2230746
vt 0.8339844 0.2643979
v -0.3572093 1.8012051 -0.2580833
vt 0.7988281 0.1963351
f 1286/857 1287/858 1288/859
v -0.4615232 1.7464876 -0.2230746
vt 0.8339844 0.2643979
v -0.4730380 1.7906437 -0.3377900
vt 0.8339844 0.1963351
v -0.3572093 1.8012051 -0.2580833
vt 0.7988281 0.1963351
f 1289/860 1290/861 1291/862
v -0.4147129 1.7959618 -0.2976540
vt 0.8339844 0.1178010
v -0.3827336 1.8297611 -0.3486043
vt 0.8144531 0.1178010
v -0.3572093 1.8012051 -0.2580833
vt 0.7988281 0.1963351
f 1292/863 1293/864 1294/865
v -0.4156398 1.7949821 -0.2961772
vt 0.8730469 0.1963351
v -0.4594255 1.8272441 -0.4119528
vt 0.8613281 0.1178010
v -0.4147129 1.7959618 -0.2976540
vt 0.8339844 0.1178010
f 1295/866 1296/867 1297/868
v -0.4615232 1.7464876 -0.2230746
vt 0.8339844 0.2643979
v -0.4657501 1.7904130 -0.3306603
vt 0.8652344 0.2643979
v -0.4156398 1.7949821 -0.2961772
vt 0.8730469 0.1963351
f 1298/869 1299/870 1300/871
v -0.3342078 1.8033023 -0.2422550
vt 0.8339844 0.2643979
v -0.4657501 1.7904130 -0.3306603
vt 0.8652344 0.2643979
v -0.3204677 1.8479709 -0.3353620
vt 0.8066406 0.2643979
v -0.4615232 1.7464876 -0.2230746
vt 0.8339844 0.2643979
f 1301/872 1302/873 1303/874
f 1301/872 1303/874 1304/875
v -0.4594255 1.8272441 -0.4119528
vt 0.8613281 0.1178010
v -0.4936469 1.7323689 -0.2187467
vt 0.8339844 0.1178010
v -0.4147129 1.7959618 -0.2976540
vt 0.8339844 0.1178010
v -0.3827336 1.8297611 -0.3486043
vt 0.8144531 0.1178010
f 1305/876 1306/877 1307/878
f 1305/876 1307/878 1308/879
g bone_15
usemtl clut_848_507
v -0.3405778 1.4990976 -0.3654456
vt 0.2324219 0.1073298
v -0.3452125 1.4941991 -0.3580615
vt 0.1894531 0.0654450
v -0.2678826 1.4579399 -0.2794081
vt 0.2324219 0.0287958
f 1309/880 1310/881 1311/882
v -0.3266738 1.5137929 -0.3875979
vt 0.2792969 0.0654450
v -0.3405778 1.4990976 -0.3654456
vt 0.2324219 0.1073298
v -0.2678826 1.4579399 -0.2794081
vt 0.2324219 0.0287958
f 1312/883 1313/884 1314/885
usemtl clut_832_507
v -0.4419606 1.5110175 -0.4076291
vt 0.5253906 0.1701571
v -0.3266738 1.5137929 -0.3875979
vt 0.5253906 0.0811518
v -0.3683859 1.4697069 -0.3211410
vt 0.5644531 0.0811518
f 1315/886 1316/887 1317/888
v -0.4702427 1.4703010 -0.3440502
vt 0.4863281 0.0811518
v -0.3266738 1.5137929 -0.3875979
vt 0.5253906 0.0811518
v -0.4419606 1.5110175 -0.4076291
vt 0.5253906 0.1701571
f 1318/889 1319/890 1320/891
v -0.4419606 1.5110175 -0.4076291
vt 0.5253906 0.1701571
v -0.3683859 1.4697069 -0.3211410
vt 0.5644531 0.0811518
v -0.2674086 1.4692657 -0.2986825
vt 0.5761719 0.1335079
f 1321/892 1322/893 1323/894
v -0.4732181 1.5050430 -0.4041263
vt 0.4707031 0.1335079
v -0.4702427 1.4703010 -0.3440502
vt 0.4863281 0.0811518
v -0.4419606 1.5110175 -0.4076291
vt 0.5253906 0.1701571
f 1324/895 1325/896 1326/897
usemtl clut_864_506
v -0.2678826 1.4579399 -0.2794081
vt 0.9199219 0.2120419
v -0.3452125 1.4941991 -0.3580615
vt 0.8769531 0.1910995
v -0.1835633 1.5145836 -0.3581910
vt 0.9003906 0.0968586
f 1327/898 1328/899 1329/900
v -0.2627208 1.5283441 -0.3987463
vt 0.9433594 0.0968586
v -0.3266738 1.5137929 -0.3875979
vt 0.9667969 0.1910995
v -0.2678826 1.4579399 -0.2794081
vt 0.9199219 0.2120419
f 1330/901 1331/902 1332/903
usemtl clut_832_506
v -0.4419606 1.5110175 -0.4076291
vt 0.5878906 0.1753927
v -0.2674086 1.4692657 -0.2986825
vt 0.6386719 0.2486911
v -0.2923241 1.6042213 -0.5349200
vt 0.6035156 0.3062827
f 1333/904 1334/905 1335/906
v -0.2923241 1.6042213 -0.5349200
vt 0.5683594 0.3062827
v -0.4732181 1.5050430 -0.4041263
vt 0.5332031 0.2486911
v -0.4419606 1.5110175 -0.4076291
vt 0.5878906 0.1753927
f 1336/907 1337/908 1338/909
usemtl clut_864_506
v -0.2627208 1.5283441 -0.3987463
vt 0.9433594 0.0968586
v -0.2678826 1.4579399 -0.2794081
vt 0.9199219 0.2120419
v -0.1835633 1.5145836 -0.3581910
vt 0.9003906 0.0968586
f 1339/910 1340/911 1341/912
usemtl clut_832_506
v -0.2923241 1.6042213 -0.5349200
vt 0.5683594 0.3062827
v -0.4419606 1.5110175 -0.4076291
vt 0.5878906 0.1753927
v -0.2923241 1.6042213 -0.5349200
vt 0.6035156 0.3062827
f 1342/913 1343/914 1344/915
usemtl clut_880_505
v -0.2052508 1.5890848 -0.4903092
vt 0.9980469 0.3010471
v -0.3266738 1.5137929 -0.3875979
vt 0.9628906 0.3481675
v -0.3538911 1.6149240 -0.5664631
vt 0.9472656 0.3010471
f 1345/916 1346/917 1347/918
v -0.4956804 1.4975395 -0.3961173
vt 0.9472656 0.3010471
v -0.3452125 1.4941991 -0.3580615
vt 0.9628906 0.3481675
v -0.1794027 1.5081562 -0.3463007
vt 0.9980469 0.3010471
f 1348/919 1349/920 1350/921
v -0.1794027 1.5081562 -0.3463007
vt 0.9980469 0.3010471
v -0.4702427 1.4703010 -0.3440502
vt 0.9902344 0.2172775
v -0.4956804 1.4975395 -0.3961173
vt 0.9472656 0.3010471
f 1351/922 1352/923 1353/924
v -0.4702427 1.4703010 -0.3440502
vt 0.9902344 0.2172775
v -0.4732181 1.5050430 -0.4041263
vt 0.9472656 0.2591623
v -0.4956804 1.4975395 -0.3961173
vt 0.9472656 0.3010471
f 1354/925 1355/926 1356/927
v -0.3538911 1.6149240 -0.5664631
vt 0.9472656 0.3010471
v -0.2674086 1.4692657 -0.2986825
vt 0.9472656 0.2591623
v -0.3683859 1.4697069 -0.3211410
vt 0.9902344 0.2172775
f 1357/928 1358/929 1359/930
v -0.3683859 1.4697069 -0.3211410
vt 0.9902344 0.2172775
v -0.2052508 1.5890848 -0.4903092
vt 0.9980469 0.3010471
v -0.3538911 1.6149240 -0.5664631
vt 0.9472656 0.3010471
f 1360/931 1361/932 1362/933
v -0.4956804 1.4975395 -0.3961173
vt 0.9472656 0.3010471
v -0.4732181 1.5050430 -0.4041263
vt 0.9472656 0.2591623
v -0.2923241 1.6042213 -0.5349200
vt 0.8925781 0.2696335
f 1363/934 1364/935 1365/936
v -0.2923241 1.6042213 -0.5349200
vt 0.8925781 0.2696335
v -0.1835633 1.5145836 -0.3581910
vt 0.8925781 0.3324607
v -0.4956804 1.4975395 -0.3961173
vt 0.9472656 0.3010471
f 1366/937 1367/938 1368/939
v -0.2627208 1.5283441 -0.3987463
vt 0.8925781 0.3324607
v -0.2923241 1.6042213 -0.5349200
vt 0.8925781 0.2696335
v -0.3538911 1.6149240 -0.5664631
vt 0.9472656 0.3010471
f 1369/940 1370/941 1371/942
v -0.2923241 1.6042213 -0.5349200
vt 0.8925781 0.2696335
v -0.2674086 1.4692657 -0.2986825
vt 0.9472656 0.2591623
v -0.3538911 1.6149240 -0.5664631
vt 0.9472656 0.3010471
f 1372/943 1373/944 1374/945
v -0.2627208 1.5283441 -0.3987463
vt 0.8925781 0.3324607
v -0.3538911 1.6149240 -0.5664631
vt 0.9472656 0.3010471
v -0.3266738 1.5137929 -0.3875979
vt 0.9628906 0.3481675
f 1375/946 1376/947 1377/948
v -0.3452125 1.4941991 -0.3580615
vt 0.9628906 0.3481675
v -0.4956804 1.4975395 -0.3961173
vt 0.9472656 0.3010471
v -0.1835633 1.5145836 -0.3581910
vt 0.8925781 0.3324607
f 1378/949 1379/950 1380/951
v -0.3405778 1.4990976 -0.3654456
vt 0.9980469 0.3900524
v -0.3266738 1.5137929 -0.3875979
vt 0.9628906 0.3481675
v -0.2052508 1.5890848 -0.4903092
vt 0.9980469 0.3010471
f 1381/952 1382/953 1383/954
usemtl clut_848_506
v -0.2052508 1.5890848 -0.4903092
vt 0.1894531 0.2958115
v -0.2057885 1.5127430 -0.3598192
vt 0.2402344 0.3115183
v -0.3405778 1.4990976 -0.3654456
vt 0.2402344 0.3848168
f 1384/955 1385/956 1386/957
v -0.3405778 1.4990976 -0.3654456
vt 0.2402344 0.3848168
v -0.2057885 1.5127430 -0.3598192
vt 0.2402344 0.3115183
v -0.1794027 1.5081562 -0.3463007
vt 0.2949219 0.2958115
f 1387/958 1388/959 1389/960
usemtl clut_880_505
v -0.1794027 1.5081562 -0.3463007
vt 0.9980469 0.3010471
v -0.3452125 1.4941991 -0.3580615
vt 0.9628906 0.3481675
v -0.3405778 1.4990976 -0.3654456
vt 0.9980469 0.3900524
f 1390/961 1391/962 1392/963
usemtl clut_848_506
v -0.2057885 1.5127430 -0.3598192
vt 0.2402344 0.3115183
v -0.2052508 1.5890848 -0.4903092
vt 0.1894531 0.2958115
v -0.3683859 1.4697069 -0.3211410
vt 0.1972656 0.2120419
f 1393/964 1394/965 1395/966
v -0.3683859 1.4697069 -0.3211410
vt 0.1972656 0.2120419
v -0.3266738 1.5137929 -0.3875979
vt 0.2402344 0.2120419
v -0.2057885 1.5127430 -0.3598192
vt 0.2402344 0.3115183
f 1396/967 1397/968 1398/969
v -0.2057885 1.5127430 -0.3598192
vt 0.2402344 0.3115183
v -0.3266738 1.5137929 -0.3875979
vt 0.2402344 0.2120419
v -0.4702427 1.4703010 -0.3440502
vt 0.2871094 0.2120419
f 1399/970 1400/971 1401/972
v -0.4702427 1.4703010 -0.3440502
vt 0.2871094 0.2120419
v -0.1794027 1.5081562 -0.3463007
vt 0.2949219 0.2958115
v -0.2057885 1.5127430 -0.3598192
vt 0.2402344 0.3115183
f 1402/973 1403/974 1404/975
usemtl clut_880_506
v -0.2923241 1.6042213 -0.5349200
vt 0.4707031 0.6780105
v -0.2923241 1.6042213 -0.5349200
vt 0.5136719 0.6780105
v -0.1835633 1.5145836 -0.3581910
vt 0.4707031 0.7408377
v -0.2627208 1.5283441 -0.3987463
vt 0.5136719 0.7408377
f 1405/976 1406/977 1407/978
f 1405/976 1407/978 1408/979
g bone_16
usemtl rgb_032_032_032
v -0.3551873 1.4071970 -0.3678671
v -0.3311449 1.3487967 -0.2831772
v -0.3088405 1.4561815 -0.4417081
f 1409 1410 1411
usemtl clut_832_503
v -0.4032890 1.4413836 -0.4160076
vt 0.7011719 0.4685864
v -0.2742945 1.4453221 -0.4272289
vt 0.6464844 0.4581152
v -0.2636817 1.3593666 -0.3015347
vt 0.6464844 0.5104712
f 1412/980 1413/981 1414/982
v -0.2211468 1.4286153 -0.4049533
vt 0.6464844 0.5104712
v -0.3974201 1.4840260 -0.4788342
vt 0.6464844 0.4581152
v -0.4151360 1.4895950 -0.4862594
vt 0.7011719 0.4685864
f 1415/983 1416/984 1417/985
v -0.3311449 1.3487967 -0.2831772
vt 0.6738281 0.3115183
v -0.3551873 1.4071970 -0.3678671
vt 0.6464844 0.3115183
v -0.4032890 1.4413836 -0.4160076
vt 0.7011719 0.4685864
f 1418/986 1419/987 1420/988
v -0.3311449 1.3487967 -0.2831772
vt 0.6738281 0.3115183
v -0.4032890 1.4413836 -0.4160076
vt 0.7011719 0.4685864
v -0.4151360 1.4895950 -0.4862594
vt 0.7011719 0.4685864
f 1421/989 1422/990 1423/991
v -0.3974201 1.4840260 -0.4788342
vt 0.6464844 0.4581152
v -0.3088405 1.4561815 -0.4417081
vt 0.6464844 0.3115183
v -0.4151360 1.4895950 -0.4862594
vt 0.7011719 0.4685864
f 1424/992 1425/993 1426/994
v -0.3551873 1.4071970 -0.3678671
vt 0.6464844 0.3115183
v -0.2742945 1.4453221 -0.4272289
vt 0.6464844 0.4581152
v -0.4032890 1.4413836 -0.4160076
vt 0.7011719 0.4685864
f 1427/995 1428/996 1429/997
v -0.3088405 1.4561815 -0.4417081
vt 0.6464844 0.3115183
v -0.3311449 1.3487967 -0.2831772
vt 0.6738281 0.3115183
v -0.4151360 1.4895950 -0.4862594
vt 0.7011719 0.4685864
f 1430/998 1431/999 1432/1000
v -0.3442723 1.4673193 -0.4565585
vt 0.5957031 0.4685864
v -0.3868073 1.3980706 -0.3531400
vt 0.6074219 0.4162304
v -0.3974201 1.4840260 -0.4788342
vt 0.6464844 0.4581152
f 1433/1001 1434/1002 1435/1003
v -0.2742945 1.4453221 -0.4272289
vt 0.6464844 0.4581152
v -0.2844850 1.5305092 -0.5518135
vt 0.6074219 0.4162304
v -0.2284112 1.4938167 -0.5003316
vt 0.5957031 0.4685864
f 1436/1004 1437/1005 1438/1006
v -0.2742945 1.4453221 -0.4272289
vt 0.6464844 0.4581152
v -0.3551873 1.4071970 -0.3678671
vt 0.6464844 0.3115183
v -0.2844850 1.5305092 -0.5518135
vt 0.6074219 0.4162304
f 1439/1007 1440/1008 1441/1009
v -0.2461271 1.4993856 -0.5077568
vt 0.6113281 0.3115183
v -0.3088405 1.4561815 -0.4417081
vt 0.6464844 0.3115183
v -0.3868073 1.3980706 -0.3531400
vt 0.6074219 0.4162304
f 1442/1010 1443/1011 1444/1012
v -0.3442723 1.4673193 -0.4565585
vt 0.5957031 0.4685864
v -0.3974201 1.4840260 -0.4788342
vt 0.6464844 0.4581152
v -0.2211468 1.4286153 -0.4049533
vt 0.6464844 0.5104712
f 1445/1013 1446/1014 1447/1015
v -0.2636817 1.3593666 -0.3015347
vt 0.6464844 0.5104712
v -0.2742945 1.4453221 -0.4272289
vt 0.6464844 0.4581152
v -0.2284112 1.4938167 -0.5003316
vt 0.5957031 0.4685864
f 1448/1016 1449/1017 1450/1018
v -0.3088405 1.4561815 -0.4417081
vt 0.6464844 0.3115183
v -0.3974201 1.4840260 -0.4788342
vt 0.6464844 0.4581152
v -0.3868073 1.3980706 -0.3531400
vt 0.6074219 0.4162304
f 1451/1019 1452/1020 1453/1021
v -0.3551873 1.4071970 -0.3678671
vt 0.6464844 0.3115183
v -0.2765128 1.5280032 -0.5484721
vt 0.6113281 0.3115183
v -0.2844850 1.5305092 -0.5518135
vt 0.6074219 0.4162304
f 1454/1022 1455/1023 1456/1024
usemtl rgb_032_032_032
v -0.2636817 1.3593666 -0.3015347
v -0.2211468 1.4286153 -0.4049533
v -0.4032890 1.4413836 -0.4160076
v -0.4151360 1.4895950 -0.4862594
f 1457 1458 1459
f 1457 1459 1460
v -0.3551873 1.4071970 -0.3678671
v -0.3088405 1.4561815 -0.4417081
v -0.2765128 1.5280032 -0.5484721
v -0.2461271 1.4993856 -0.5077568
f 1461 1462 1463
f 1461 1463 1464
v -0.2211468 1.4286153 -0.4049533
v -0.2636817 1.3593666 -0.3015347
v -0.3442723 1.4673193 -0.4565585
v -0.2284112 1.4938167 -0.5003316
f 1465 1466 1467
f 1465 1467 1468
usemtl clut_848_503
v -0.2844850 1.5305092 -0.5518135
vt 0.1582031 0.5104712
v -0.3868073 1.3980706 -0.3531400
vt 0.2011719 0.5104712
v -0.2284112 1.4938167 -0.5003316
vt 0.1660156 0.5628272
v -0.3442723 1.4673193 -0.4565585
vt 0.1894531 0.5628272
f 1469/1025 1470/1026 1471/1027
f 1469/1025 1471/1027 1472/1028
v -0.2844850 1.5305092 -0.5518135
vt 0.1582031 0.5104712
v -0.2765128 1.5280032 -0.5484721
vt 0.1582031 0.4057592
v -0.3868073 1.3980706 -0.3531400
vt 0.2011719 0.5104712
v -0.2461271 1.4993856 -0.5077568
vt 0.1933594 0.4057592
f 1473/1029 1474/1030 1475/1031
f 1473/1029 1475/1031 1476/1032
g bone_17
usemtl clut_848_502
v -0.2320773 1.2181182 -0.6520449
vt 0.8613281 0.0445026
v -0.2102494 1.2138336 -0.6263313
vt 0.8730469 0.0026178
v -0.2327193 1.2182442 -0.6528011
vt 0.9003906 0.0287958
f 1477/1033 1478/1034 1479/1035
v -0.2320773 1.2181182 -0.6520449
vt 0.8613281 0.0445026
v -0.2705970 1.2256790 -0.6974218
vt 0.9042969 0.0916230
v -0.2749574 1.2306135 -0.7140542
vt 0.8691406 0.0916230
f 1480/1036 1481/1037 1482/1038
usemtl clut_832_502
v -0.2230893 1.2163539 -0.6414569
vt 0.4746094 0.2015707
v -0.2765085 1.2227608 -0.6928899
vt 0.5019531 0.1753927
v -0.3140023 1.1781188 -0.5904872
vt 0.5136719 0.2172775
f 1483/1039 1484/1040 1485/1041
v -0.3140023 1.1781188 -0.5904872
vt 0.5136719 0.2172775
v -0.2856210 1.1766265 -0.5685493
vt 0.4707031 0.2643979
v -0.2230893 1.2163539 -0.6414569
vt 0.4746094 0.2015707
f 1486/1042 1487/1043 1488/1044
usemtl clut_848_502
v -0.2320773 1.2181182 -0.6520449
vt 0.8613281 0.0445026
v -0.2327193 1.2182442 -0.6528011
vt 0.9003906 0.0287958
v -0.2705970 1.2256790 -0.6974218
vt 0.9042969 0.0916230
f 1489/1045 1490/1046 1491/1047
usemtl clut_832_502
v -0.3140023 1.1781188 -0.5904872
vt 0.5136719 0.2172775
v -0.3562404 1.1904881 -0.6517403
vt 0.5058594 0.2643979
v -0.2856210 1.1766265 -0.5685493
vt 0.4707031 0.2643979
f 1492/1048 1493/1049 1494/1050
usemtl rgb_032_032_032
v -0.3562404 1.1904881 -0.6517403
v -0.2749574 1.2306135 -0.7140542
v -0.2856210 1.1766265 -0.5685493
v -0.2705970 1.2256790 -0.6974218
f 1495 1496 1497
f 1495 1497 1498
usemtl clut_880_501
v -0.2327193 1.2182442 -0.6528011
vt 0.5957031 0.6047120
v -0.2230893 1.2163539 -0.6414569
vt 0.6386719 0.6047120
v -0.2705970 1.2256790 -0.6974218
vt 0.5957031 0.6675393
v -0.2856210 1.1766265 -0.5685493
vt 0.6347656 0.6675393
f 1499/1051 1500/1052 1501/1053
f 1499/1051 1501/1053 1502/1054
v -0.2102494 1.2138336 -0.6263313
vt 0.5957031 0.5785340
v -0.2765085 1.2227608 -0.6928899
vt 0.6347656 0.5785340
v -0.2327193 1.2182442 -0.6528011
vt 0.5957031 0.6047120
v -0.2230893 1.2163539 -0.6414569
vt 0.6386719 0.6047120
f 1503/1055 1504/1056 1505/1057
f 1503/1055 1505/1057 1506/1058
usemtl clut_864_502
v -0.2320773 1.2181182 -0.6520449
vt 0.9511719 0.0445026
v -0.3140023 1.1781188 -0.5904872
vt 0.9082031 0.0445026
v -0.2102494 1.2138336 -0.6263313
vt 0.9511719 0.0026178
v -0.2765085 1.2227608 -0.6928899
vt 0.9082031 0.0026178
f 1507/1059 1508/1060 1509/1061
f 1507/1059 1509/1061 1510/1062
v -0.2749574 1.2306135 -0.7140542
vt 0.9472656 0.0916230
v -0.3562404 1.1904881 -0.6517403
vt 0.9121094 0.0916230
v -0.2320773 1.2181182 -0.6520449
vt 0.9511719 0.0445026
v -0.3140023 1.1781188 -0.5904872
vt 0.9082031 0.0445026
f 1511/1063 1512/1064 1513/1065
f 1511/1063 1513/1065 1514/1066
g bone_18
usemtl rgb_032_032_032
v -0.1493687 1.8351427 0.2583029
v -0.0602543 1.8508783 0.2025264
v 0.1048371 1.9141776 0.2776132
f 1515 1516 1517
v -0.0602543 1.8508783 0.2025264
v -0.1493687 1.8351427 0.2583029
v 0.0953834 1.9030093 0.2338994
f 1518 1519 1520
v -0.1133778 1.8601921 0.3334506
v 0.0826350 1.8984493 0.2298149
v -0.1183835 1.8096987 0.0773816
f 1521 1522 1523
v 0.0826350 1.8984493 0.2298149
v -0.1133778 1.8601921 0.3334506
v -0.0232970 1.8189342 -0.0216046
f 1524 1525 1526
v -0.1133778 1.8601921 0.3334506
v -0.2058194 1.7947050 0.1344355
v -0.1183835 1.8096987 0.0773816
f 1527 1528 1529
v -0.0141624 1.8321121 0.0331028
v 0.0083588 1.8458308 0.0699075
v 0.1048371 1.9141776 0.2776132
f 1530 1531 1532
v -0.1183835 1.8096987 0.0773816
v -0.2058194 1.7947050 0.1344355
v 0.0601138 1.8847305 0.1930101
f 1533 1534 1535
v 0.1048371 1.9141776 0.2776132
v 0.0083588 1.8458308 0.0699075
v -0.0602543 1.8508783 0.2025264
f 1536 1537 1538
v -0.1183835 1.8096987 0.0773816
v 0.0601138 1.8847305 0.1930101
v -0.1133778 1.8601921 0.3334506
f 1539 1540 1541
v -0.0602543 1.8508783 0.2025264
v -0.0141624 1.8321121 0.0331028
v 0.1048371 1.9141776 0.2776132
f 1542 1543 1544
usemtl clut_848_500
v -0.0602543 1.8508783 0.2025264
vt 0.1894531 0.1125654
v 0.0644696 1.8855806 0.1907071
vt 0.2480469 0.1596859
v 0.0911198 1.8619839 0.0261502
vt 0.2949219 0.1596859
f 1545/1067 1546/1068 1547/1069
v -0.0602543 1.8508783 0.2025264
vt 0.1894531 0.1125654
v 0.0083588 1.8458308 0.0699075
vt 0.1894531 0.1335079
v 0.0644696 1.8855806 0.1907071
vt 0.2480469 0.1596859
f 1548/1070 1549/1071 1550/1072
v 0.0911198 1.8619839 0.0261502
vt 0.2949219 0.1596859
v 0.0644696 1.8855806 0.1907071
vt 0.2480469 0.1596859
v -0.1133778 1.8601921 0.3334506
vt 0.1894531 0.2068063
f 1551/1073 1552/1074 1553/1075
usemtl clut_832_500
v 0.0601138 1.8847305 0.1930101
vt 0.3769531 0.0759162
v -0.2058194 1.7947050 0.1344355
vt 0.3769531 0.1282723
v 0.1886668 1.8953183 0.0492672
vt 0.4511719 0.0445026
f 1554/1076 1555/1077 1556/1078
usemtl clut_848_500
v -0.1133778 1.8601921 0.3334506
vt 0.1894531 0.2068063
v 0.0644696 1.8855806 0.1907071
vt 0.2480469 0.1596859
v -0.2058194 1.7947050 0.1344355
vt 0.1894531 0.1910995
f 1557/1079 1558/1080 1559/1081
usemtl clut_832_500
v 0.1886668 1.8953183 0.0492672
vt 0.4511719 0.0445026
v -0.2058194 1.7947050 0.1344355
vt 0.3769531 0.1282723
v 0.0644696 1.8855806 0.1907071
vt 0.4199219 0.1439791
f 1560/1082 1561/1083 1562/1084
v 0.0644696 1.8855806 0.1907071
vt 0.4199219 0.1439791
v 0.1886668 1.8953183 0.0492672
vt 0.4511719 0.0445026
v 0.1886668 1.8953183 0.0492672
vt 0.4511719 0.0445026
f 1563/1085 1564/1086 1565/1087
v 0.0083588 1.8458308 0.0699075
vt 0.3769531 0.1282723
v 0.1886668 1.8953183 0.0492672
vt 0.4511719 0.0445026
v 0.0644696 1.8855806 0.1907071
vt 0.4199219 0.1439791
f 1566/1088 1567/1089 1568/1090
v -0.0141624 1.8321121 0.0331028
vt 0.3769531 0.0759162
v 0.1886668 1.8953183 0.0492672
vt 0.4511719 0.0445026
v 0.0083588 1.8458308 0.0699075
vt 0.3769531 0.1282723
f 1569/1091 1570/1092 1571/1093
usemtl clut_864_499
v 0.1789786 1.8884551 0.0284097
vt 0.3886719 0.9973822
v -0.0582359 1.8523082 0.2068717
vt 0.3886719 0.8769634
v -0.0981997 1.8239972 0.1208346
vt 0.3457031 0.9659686
f 1572/1094 1573/1095 1574/1096
v -0.1133778 1.8601921 0.3334506
vt 0.4394531 0.8717277
v -0.0582359 1.8523082 0.2068717
vt 0.3886719 0.8769634
v -0.2360950 1.7732573 0.0692559
vt 0.4394531 0.9816754
f 1575/1097 1576/1098 1577/1099
v 0.0911198 1.8619839 0.0261502
vt 0.5136719 0.9083770
v -0.1133778 1.8601921 0.3334506
vt 0.4394531 0.8717277
v -0.2360950 1.7732573 0.0692559
vt 0.4394531 0.9816754
f 1578/1100 1579/1101 1580/1102
v 0.0144139 1.8501204 0.0829435
vt 0.3457031 0.8717277
v -0.0582359 1.8523082 0.2068717
vt 0.3886719 0.8769634
v -0.0232970 1.8189342 -0.0216046
vt 0.3457031 0.7879581
f 1581/1103 1582/1104 1583/1105
v 0.0826350 1.8984493 0.2298149
vt 0.3886719 0.7460733
v -0.0582359 1.8523082 0.2068717
vt 0.3886719 0.8769634
v -0.1183835 1.8096987 0.0773816
vt 0.4433594 0.7879581
f 1584/1106 1585/1107 1586/1108
v -0.1493687 1.8351427 0.2583029
vt 0.3886719 0.7460733
v -0.1815989 1.8118632 0.1865792
vt 0.3886719 0.8769634
v 0.0953834 1.9030093 0.2338994
vt 0.3457031 0.7879581
f 1587/1109 1588/1110 1589/1111
v -0.0602543 1.8508783 0.2025264
vt 0.4394531 0.8717277
v -0.1815989 1.8118632 0.1865792
vt 0.3886719 0.8769634
v 0.1048371 1.9141776 0.2776132
vt 0.4433594 0.7879581
f 1590/1112 1591/1113 1592/1114
usemtl clut_880_499
v -0.1183835 1.8096987 0.0773816
vt 0.3925781 0.2225131
v 0.0911198 1.8619839 0.0261502
vt 0.4667969 0.1910995
v -0.2360950 1.7732573 0.0692559
vt 0.3925781 0.1596859
f 1593/1115 1594/1116 1595/1117
usemtl clut_864_499
v -0.1183835 1.8096987 0.0773816
vt 0.4394531 0.9816754
v -0.0602543 1.8508783 0.2025264
vt 0.4394531 0.8717277
v 0.0911198 1.8619839 0.0261502
vt 0.5136719 0.9083770
f 1596/1118 1597/1119 1598/1120
v 0.1129106 1.9198970 0.2949945
vt 0.3886719 0.9973822
v -0.1815989 1.8118632 0.1865792
vt 0.3886719 0.8769634
v -0.1183835 1.8096987 0.0773816
vt 0.4394531 0.9816754
f 1599/1121 1600/1122 1601/1123
v -0.0461257 1.8608873 0.2329436
vt 0.3457031 0.8717277
v -0.1815989 1.8118632 0.1865792
vt 0.3886719 0.8769634
v -0.1295248 1.8487533 0.2986881
vt 0.3457031 0.9659686
f 1602/1124 1603/1125 1604/1126
v -0.2360950 1.7732573 0.0692559
vt 0.4394531 0.9816754
v -0.0582359 1.8523082 0.2068717
vt 0.3886719 0.8769634
v 0.1789786 1.8884551 0.0284097
vt 0.3886719 0.9973822
f 1605/1127 1606/1128 1607/1129
v -0.0981997 1.8239972 0.1208346
vt 0.3457031 0.9659686
v -0.0582359 1.8523082 0.2068717
vt 0.3886719 0.8769634
v 0.0144139 1.8501204 0.0829435
vt 0.3457031 0.8717277
f 1608/1130 1609/1131 1610/1132
v -0.1183835 1.8096987 0.0773816
vt 0.4433594 0.7879581
v -0.0582359 1.8523082 0.2068717
vt 0.3886719 0.8769634
v -0.1133778 1.8601921 0.3334506
vt 0.4394531 0.8717277
f 1611/1133 1612/1134 1613/1135
v -0.0232970 1.8189342 -0.0216046
vt 0.3457031 0.7879581
v -0.0582359 1.8523082 0.2068717
vt 0.3886719 0.8769634
v 0.0826350 1.8984493 0.2298149
vt 0.3886719 0.7460733
f 1614/1136 1615/1137 1616/1138
v -0.1183835 1.8096987 0.0773816
vt 0.4394531 0.9816754
v -0.1815989 1.8118632 0.1865792
vt 0.3886719 0.8769634
v -0.0602543 1.8508783 0.2025264
vt 0.4394531 0.8717277
f 1617/1139 1618/1140 1619/1141
v -0.1295248 1.8487533 0.2986881
vt 0.3457031 0.9659686
v -0.1815989 1.8118632 0.1865792
vt 0.3886719 0.8769634
v 0.1129106 1.9198970 0.2949945
vt 0.3886719 0.9973822
f 1620/1142 1621/1143 1622/1144
v 0.0953834 1.9030093 0.2338994
vt 0.3457031 0.7879581
v -0.1815989 1.8118632 0.1865792
vt 0.3886719 0.8769634
v -0.0461257 1.8608873 0.2329436
vt 0.3457031 0.8717277
f 1623/1145 1624/1146 1625/1147
v 0.1048371 1.9141776 0.2776132
vt 0.4433594 0.7879581
v -0.1815989 1.8118632 0.1865792
vt 0.3886719 0.8769634
v -0.1493687 1.8351427 0.2583029
vt 0.3886719 0.7460733
f 1626/1148 1627/1149 1628/1150
usemtl clut_864_500
v -0.0232970 1.8189342 -0.0216046
vt 0.5253906 0.2696335
v -0.0981997 1.8239972 0.1208346
vt 0.4980469 0.4476440
v 0.0144139 1.8501204 0.0829435
vt 0.5292969 0.3534031
f 1629/1151 1630/1152 1631/1153
v -0.0461257 1.8608873 0.2329436
vt 0.4238281 0.3534031
v -0.1295248 1.8487533 0.2986881
vt 0.4511719 0.4476440
v 0.0953834 1.9030093 0.2338994
vt 0.4277344 0.2696335
f 1632/1154 1633/1155 1634/1156
usemtl rgb_032_032_032
v 0.0953834 1.9030093 0.2338994
v -0.0232970 1.8189342 -0.0216046
v -0.0602543 1.8508783 0.2025264
v -0.1133778 1.8601921 0.3334506
f 1635 1636 1637
f 1635 1637 1638
v 0.0601138 1.8847305 0.1930101
v 0.1886668 1.8953183 0.0492672
v -0.0141624 1.8321121 0.0331028
v 0.1886668 1.8953183 0.0492672
f 1639 1640 1641
f 1639 1641 1642
v -0.0602543 1.8508783 0.2025264
v -0.1133778 1.8601921 0.3334506
v -0.0141624 1.8321121 0.0331028
v 0.0601138 1.8847305 0.1930101
f 1643 1644 1645
f 1643 1645 1646
usemtl clut_880_499
v 0.1789786 1.8884551 0.0284097
vt 0.3417969 0.1492147
v -0.0981997 1.8239972 0.1208346
vt 0.2988281 0.1596859
v 0.1129106 1.9198970 0.2949945
vt 0.3417969 0.2277487
v -0.1295248 1.8487533 0.2986881
vt 0.2988281 0.2225131
f 1647/1157 1648/1158 1649/1159
f 1647/1157 1649/1159 1650/1160
v -0.1183835 1.8096987 0.0773816
vt 0.3925781 0.2225131
v -0.2360950 1.7732573 0.0692559
vt 0.3925781 0.1596859
v 0.1129106 1.9198970 0.2949945
vt 0.3417969 0.2277487
v 0.1789786 1.8884551 0.0284097
vt 0.3417969 0.1492147
f 1651/1161 1652/1162 1653/1163
f 1651/1161 1653/1163 1654/1164
usemtl clut_864_500
v 0.0953834 1.9030093 0.2338994
vt 0.4277344 0.2696335
v -0.1295248 1.8487533 0.2986881
vt 0.4511719 0.4476440
v -0.0232970 1.8189342 -0.0216046
vt 0.5253906 0.2696335
v -0.0981997 1.8239972 0.1208346
vt 0.4980469 0.4476440
f 1655/1165 1656/1166 1657/1167
f 1655/1165 1657/1167 1658/1168
g bone_19
usemtl clut_880_502
v 0.0187379 1.9023209 0.4043922
vt 0.8339844 0.1178010
v -0.0525668 1.8813456 0.4052138
vt 0.8144531 0.1178010
v -0.1854374 1.8449808 0.4209620
vt 0.8339844 0.2015707
f 1659/1169 1660/1170 1661/1171
v -0.1023946 1.8631442 0.3872723
vt 0.8066406 0.2643979
v -0.2139593 1.8365906 0.4212906
vt 0.8339844 0.2643979
v -0.1023946 1.8631442 0.3872723
vt 0.7988281 0.1963351
f 1662/1172 1663/1173 1664/1174
v -0.1023946 1.8631442 0.3872723
vt 0.7988281 0.1963351
v -0.2139593 1.8365906 0.4212906
vt 0.8339844 0.2643979
v -0.1854374 1.8449808 0.4209620
vt 0.8339844 0.2015707
f 1665/1175 1666/1176 1667/1177
v -0.1854374 1.8449808 0.4209620
vt 0.8339844 0.2015707
v -0.0525668 1.8813456 0.4052138
vt 0.8144531 0.1178010
v -0.1023946 1.8631442 0.3872723
vt 0.7988281 0.1963351
f 1668/1178 1669/1179 1670/1180
v -0.1854374 1.8449808 0.4209620
vt 0.8339844 0.2015707
v -0.2139593 1.8365906 0.4212906
vt 0.8339844 0.2643979
v -0.2080454 1.8444306 0.4530956
vt 0.8730469 0.1963351
f 1671/1181 1672/1182 1673/1183
v 0.0187379 1.9023209 0.4043922
vt 0.8339844 0.1178010
v -0.1854374 1.8449808 0.4209620
vt 0.8339844 0.2015707
v -0.0648963 1.8567599 0.2958496
vt 0.8613281 0.1178010
f 1674/1184 1675/1185 1676/1186
v -0.0648963 1.8567599 0.2958496
vt 0.8613281 0.1178010
v -0.1854374 1.8449808 0.4209620
vt 0.8339844 0.2015707
v -0.2080454 1.8444306 0.4530956
vt 0.8730469 0.1963351
f 1677/1187 1678/1188 1679/1189
v -0.2080454 1.8444306 0.4530956
vt 0.8730469 0.1963351
v -0.2139593 1.8365906 0.4212906
vt 0.8339844 0.2643979
v -0.0786065 1.8594599 0.3311871
vt 0.8652344 0.2643979
f 1680/1190 1681/1191 1682/1192
v -0.0767782 1.8580994 0.3212470
vt 0.8339844 0.1963351
v -0.1023946 1.8631442 0.3872723
vt 0.7988281 0.1963351
v -0.1023946 1.8631442 0.3872723
vt 0.8339844 0.1178010
f 1683/1193 1684/1194 1685/1195
v -0.0767782 1.8580994 0.3212470
vt 0.8339844 0.1963351
v -0.1023946 1.8631442 0.3872723
vt 0.8339844 0.1178010
v -0.2080454 1.8444306 0.4530956
vt 0.8730469 0.1963351
f 1686/1196 1687/1197 1688/1198
v -0.0767782 1.8580994 0.3212470
vt 0.8339844 0.1963351
v -0.2080454 1.8444306 0.4530956
vt 0.8730469 0.1963351
v -0.0125265 1.8959716 0.4196310
vt 0.8339844 0.2643979
f 1689/1199 1690/1200 1691/1201
v -0.1023946 1.8631442 0.3872723
vt 0.8066406 0.2643979
v -0.1023946 1.8631442 0.3872723
vt 0.7988281 0.1963351
v -0.0125265 1.8959716 0.4196310
vt 0.8339844 0.2643979
f 1692/1202 1693/1203 1694/1204
v -0.0125265 1.8959716 0.4196310
vt 0.8339844 0.2643979
v -0.1023946 1.8631442 0.3872723
vt 0.7988281 0.1963351
v -0.0767782 1.8580994 0.3212470
vt 0.8339844 0.1963351
f 1695/1205 1696/1206 1697/1207
v -0.1023946 1.8631442 0.3872723
vt 0.8339844 0.1178010
v -0.1023946 1.8631442 0.3872723
vt 0.7988281 0.1963351
v -0.0525668 1.8813456 0.4052138
vt 0.8144531 0.1178010
f 1698/1208 1699/1209 1700/1210
v -0.2080454 1.8444306 0.4530956
vt 0.8730469 0.1963351
v -0.1023946 1.8631442 0.3872723
vt 0.8339844 0.1178010
v -0.0648963 1.8567599 0.2958496
vt 0.8613281 0.1178010
f 1701/1211 1702/1212 1703/1213
v -0.0125265 1.8959716 0.4196310
vt 0.8339844 0.2643979
v -0.2080454 1.8444306 0.4530956
vt 0.8730469 0.1963351
v -0.0786065 1.8594599 0.3311871
vt 0.8652344 0.2643979
f 1704/1214 1705/1215 1706/1216
v -0.2139593 1.8365906 0.4212906
vt 0.8339844 0.2643979
v -0.1023946 1.8631442 0.3872723
vt 0.8066406 0.2643979
v -0.0786065 1.8594599 0.3311871
vt 0.8652344 0.2643979
v -0.0125265 1.8959716 0.4196310
vt 0.8339844 0.2643979
f 1707/1217 1708/1218 1709/1219
f 1707/1217 1709/1219 1710/1220
v -0.0648963 1.8567599 0.2958496
vt 0.8613281 0.1178010
v -0.1023946 1.8631442 0.3872723
vt 0.8339844 0.1178010
v 0.0187379 1.9023209 0.4043922
vt 0.8339844 0.1178010
v -0.0525668 1.8813456 0.4052138
vt 0.8144531 0.1178010
f 1711/1221 1712/1222 1713/1223
f 1711/1221 1713/1223 1714/1224
g bone_20
usemtl clut_848_507
v 0.0394368 1.5860146 0.4649127
vt 0.2324219 0.1073298
v 0.0483346 1.5892648 0.4681166
vt 0.2324219 0.0287958
v 0.0839259 1.6022658 0.4809319
vt 0.1894531 0.0654450
f 1715/1225 1716/1226 1717/1227
v -0.0009519 1.6473238 0.5460973
vt 0.2792969 0.0654450
v 0.0483346 1.5892648 0.4681166
vt 0.2324219 0.0287958
v 0.0394368 1.5860146 0.4649127
vt 0.2324219 0.1073298
f 1718/1228 1719/1229 1720/1230
usemtl clut_832_507
v 0.0624819 1.5176722 0.3766051
vt 0.5253906 0.1701571
v 0.0127433 1.5762639 0.4553013
vt 0.5644531 0.0811518
v 0.1380407 1.5522509 0.4125938
vt 0.5253906 0.0811518
f 1721/1231 1722/1232 1723/1233
v 0.0661302 1.5957653 0.4745242
vt 0.4863281 0.0811518
v 0.0624819 1.5176722 0.3766051
vt 0.5253906 0.1701571
v 0.1380407 1.5522509 0.4125938
vt 0.5253906 0.0811518
f 1724/1234 1725/1235 1726/1236
v 0.0624819 1.5176722 0.3766051
vt 0.5253906 0.1701571
v 0.0747524 1.6679993 0.5645737
vt 0.5761719 0.1335079
v 0.0127433 1.5762639 0.4553013
vt 0.5644531 0.0811518
f 1727/1237 1728/1238 1729/1239
v 0.1271732 1.5238574 0.3779426
vt 0.4707031 0.1335079
v 0.0624819 1.5176722 0.3766051
vt 0.5253906 0.1701571
v 0.0661302 1.5957653 0.4745242
vt 0.4863281 0.0811518
f 1730/1240 1731/1241 1732/1242
usemtl clut_864_506
v 0.0483346 1.5892648 0.4681166
vt 0.9199219 0.2120419
v -0.0901486 1.6356763 0.5403273
vt 0.9003906 0.0968586
v 0.0839259 1.6022658 0.4809319
vt 0.8769531 0.1910995
f 1733/1243 1734/1244 1735/1245
v -0.0494533 1.5877377 0.4759396
vt 0.9433594 0.0968586
v 0.0483346 1.5892648 0.4681166
vt 0.9199219 0.2120419
v -0.0009519 1.6473238 0.5460973
vt 0.9667969 0.1910995
f 1736/1246 1737/1247 1738/1248
usemtl clut_832_506
v 0.0624819 1.5176722 0.3766051
vt 0.5878906 0.1753927
v -0.1150216 1.4947022 0.3653855
vt 0.6035156 0.3062827
v 0.0747524 1.6679993 0.5645737
vt 0.6386719 0.2486911
f 1739/1249 1740/1250 1741/1251
v -0.1150216 1.4947022 0.3653855
vt 0.5683594 0.3062827
v 0.0624819 1.5176722 0.3766051
vt 0.5878906 0.1753927
v 0.1271732 1.5238574 0.3779426
vt 0.5332031 0.2486911
f 1742/1252 1743/1253 1744/1254
usemtl clut_864_506
v -0.0494533 1.5877377 0.4759396
vt 0.9433594 0.0968586
v -0.0901486 1.6356763 0.5403273
vt 0.9003906 0.0968586
v 0.0483346 1.5892648 0.4681166
vt 0.9199219 0.2120419
f 1745/1255 1746/1256 1747/1257
usemtl clut_832_506
v -0.1150216 1.4947022 0.3653855
vt 0.5683594 0.3062827
v -0.1150216 1.4947022 0.3653855
vt 0.6035156 0.3062827
v 0.0624819 1.5176722 0.3766051
vt 0.5878906 0.1753927
f 1748/1258 1749/1259 1750/1260
usemtl clut_880_505
v -0.1597864 1.5474347 0.4362121
vt 0.9980469 0.3010471
v -0.0833697 1.4574166 0.3153062
vt 0.9472656 0.3010471
v -0.0009519 1.6473238 0.5460973
vt 0.9628906 0.3481675
f 1751/1261 1752/1262 1753/1263
v 0.1517514 1.5223681 0.3736190
vt 0.9472656 0.3010471
v -0.0857724 1.6442531 0.5506853
vt 0.9980469 0.3010471
v 0.0839259 1.6022658 0.4809319
vt 0.9628906 0.3481675
f 1754/1264 1755/1265 1756/1266
v -0.0857724 1.6442531 0.5506853
vt 0.9980469 0.3010471
v 0.1517514 1.5223681 0.3736190
vt 0.9472656 0.3010471
v 0.0661302 1.5957653 0.4745242
vt 0.9902344 0.2172775
f 1757/1267 1758/1268 1759/1269
v 0.0661302 1.5957653 0.4745242
vt 0.9902344 0.2172775
v 0.1517514 1.5223681 0.3736190
vt 0.9472656 0.3010471
v 0.1271732 1.5238574 0.3779426
vt 0.9472656 0.2591623
f 1760/1270 1761/1271 1762/1272
v -0.0833697 1.4574166 0.3153062
vt 0.9472656 0.3010471
v 0.0127433 1.5762639 0.4553013
vt 0.9902344 0.2172775
v 0.0747524 1.6679993 0.5645737
vt 0.9472656 0.2591623
f 1763/1273 1764/1274 1765/1275
v 0.0127433 1.5762639 0.4553013
vt 0.9902344 0.2172775
v -0.0833697 1.4574166 0.3153062
vt 0.9472656 0.3010471
v -0.1597864 1.5474347 0.4362121
vt 0.9980469 0.3010471
f 1766/1276 1767/1277 1768/1278
v 0.1517514 1.5223681 0.3736190
vt 0.9472656 0.3010471
v -0.1150216 1.4947022 0.3653855
vt 0.8925781 0.2696335
v 0.1271732 1.5238574 0.3779426
vt 0.9472656 0.2591623
f 1769/1279 1770/1280 1771/1281
v -0.1150216 1.4947022 0.3653855
vt 0.8925781 0.2696335
v 0.1517514 1.5223681 0.3736190
vt 0.9472656 0.3010471
v -0.0901486 1.6356763 0.5403273
vt 0.8925781 0.3324607
f 1772/1282 1773/1283 1774/1284
v -0.0494533 1.5877377 0.4759396
vt 0.8925781 0.3324607
v -0.0833697 1.4574166 0.3153062
vt 0.9472656 0.3010471
v -0.1150216 1.4947022 0.3653855
vt 0.8925781 0.2696335
f 1775/1285 1776/1286 1777/1287
v -0.1150216 1.4947022 0.3653855
vt 0.8925781 0.2696335
v -0.0833697 1.4574166 0.3153062
vt 0.9472656 0.3010471
v 0.0747524 1.6679993 0.5645737
vt 0.9472656 0.2591623
f 1778/1288 1779/1289 1780/1290
v -0.0494533 1.5877377 0.4759396
vt 0.8925781 0.3324607
v -0.0009519 1.6473238 0.5460973
vt 0.9628906 0.3481675
v -0.0833697 1.4574166 0.3153062
vt 0.9472656 0.3010471
f 1781/1291 1782/1292 1783/1293
v 0.0839259 1.6022658 0.4809319
vt 0.9628906 0.3481675
v -0.0901486 1.6356763 0.5403273
vt 0.8925781 0.3324607
v 0.1517514 1.5223681 0.3736190
vt 0.9472656 0.3010471
f 1784/1294 1785/1295 1786/1296
v 0.0394368 1.5860146 0.4649127
vt 0.9980469 0.3900524
v -0.1597864 1.5474347 0.4362121
vt 0.9980469 0.3010471
v -0.0009519 1.6473238 0.5460973
vt 0.9628906 0.3481675
f 1787/1297 1788/1298 1789/1299
usemtl clut_848_506
v -0.1597864 1.5474347 0.4362121
vt 0.1894531 0.2958115
v 0.0394368 1.5860146 0.4649127
vt 0.2402344 0.3848168
v -0.0722073 1.6282735 0.5292228
vt 0.2402344 0.3115183
f 1790/1300 1791/1301 1792/1302
v 0.0394368 1.5860146 0.4649127
vt 0.2402344 0.3848168
v -0.0857724 1.6442531 0.5506853
vt 0.2949219 0.2958115
v -0.0722073 1.6282735 0.5292228
vt 0.2402344 0.3115183
f 1793/1303 1794/1304 1795/1305
usemtl clut_880_505
v -0.0857724 1.6442531 0.5506853
vt 0.9980469 0.3010471
v 0.0394368 1.5860146 0.4649127
vt 0.9980469 0.3900524
v 0.0839259 1.6022658 0.4809319
vt 0.9628906 0.3481675
f 1796/1306 1797/1307 1798/1308
usemtl clut_848_506
v -0.0722073 1.6282735 0.5292228
vt 0.2402344 0.3115183
v 0.0127433 1.5762639 0.4553013
vt 0.1972656 0.2120419
v -0.1597864 1.5474347 0.4362121
vt 0.1894531 0.2958115
f 1799/1309 1800/1310 1801/1311
v 0.0127433 1.5762639 0.4553013
vt 0.1972656 0.2120419
v -0.0722073 1.6282735 0.5292228
vt 0.2402344 0.3115183
v 0.1380407 1.5522509 0.4125938
vt 0.2402344 0.2120419
f 1802/1312 1803/1313 1804/1314
v -0.0722073 1.6282735 0.5292228
vt 0.2402344 0.3115183
v 0.0661302 1.5957653 0.4745242
vt 0.2871094 0.2120419
v 0.1380407 1.5522509 0.4125938
vt 0.2402344 0.2120419
f 1805/1315 1806/1316 1807/1317
v 0.0661302 1.5957653 0.4745242
vt 0.2871094 0.2120419
v -0.0722073 1.6282735 0.5292228
vt 0.2402344 0.3115183
v -0.0857724 1.6442531 0.5506853
vt 0.2949219 0.2958115
f 1808/1318 1809/1319 1810/1320
usemtl clut_880_506
v -0.1150216 1.4947022 0.3653855
vt 0.4707031 0.6780105
v -0.0901486 1.6356763 0.5403273
vt 0.4707031 0.7408377
v -0.1150216 1.4947022 0.3653855
vt 0.5136719 0.6780105
v -0.0494533 1.5877377 0.4759396
vt 0.5136719 0.7408377
f 1811/1321 1812/1322 1813/1323
f 1811/1321 1813/1323 1814/1324
g bone_21
usemtl rgb_032_032_032
v 0.0885805 1.5365595 0.5346632
v 0.1306026 1.6213355 0.5816544
v 0.0291853 1.4444312 0.4809547
f 1815 1816 1817
usemtl clut_832_503
v -0.0003978 1.5040571 0.5026249
vt 0.7011719 0.4685864
v 0.0454049 1.5600289 0.5371251
vt 0.6464844 0.5104712
v 0.0734349 1.6306382 0.5749225
vt 0.6464844 0.4581152
f 1818/1325 1819/1326 1820/1327
v -0.0506892 1.6054210 0.5394642
vt 0.6464844 0.5104712
v 0.0418638 1.4188773 0.4716675
vt 0.7011719 0.4685864
v 0.0165068 1.4699852 0.4902419
vt 0.6464844 0.4581152
f 1821/1328 1822/1329 1823/1330
v 0.0291853 1.4444312 0.4809547
vt 0.6738281 0.3115183
v -0.0003978 1.5040571 0.5026249
vt 0.7011719 0.4685864
v 0.0885805 1.5365595 0.5346632
vt 0.6464844 0.3115183
f 1824/1331 1825/1332 1826/1333
v 0.0291853 1.4444312 0.4809547
vt 0.6738281 0.3115183
v 0.0418638 1.4188773 0.4716675
vt 0.7011719 0.4685864
v -0.0003978 1.5040571 0.5026249
vt 0.7011719 0.4685864
f 1827/1334 1828/1335 1829/1336
v 0.0165068 1.4699852 0.4902419
vt 0.6464844 0.4581152
v 0.0418638 1.4188773 0.4716675
vt 0.7011719 0.4685864
v 0.1306026 1.6213355 0.5816544
vt 0.6464844 0.3115183
f 1830/1337 1831/1338 1832/1339
v 0.0885805 1.5365595 0.5346632
vt 0.6464844 0.3115183
v -0.0003978 1.5040571 0.5026249
vt 0.7011719 0.4685864
v 0.0734349 1.6306382 0.5749225
vt 0.6464844 0.4581152
f 1833/1340 1834/1341 1835/1342
v 0.1306026 1.6213355 0.5816544
vt 0.6464844 0.3115183
v 0.0418638 1.4188773 0.4716675
vt 0.7011719 0.4685864
v 0.0291853 1.4444312 0.4809547
vt 0.6738281 0.3115183
f 1836/1343 1837/1344 1838/1345
v 0.1659880 1.4440945 0.5071258
vt 0.5957031 0.4685864
v 0.0165068 1.4699852 0.4902419
vt 0.6464844 0.4581152
v 0.0080545 1.4870211 0.4964334
vt 0.6074219 0.4162304
f 1839/1346 1840/1347 1841/1348
v 0.0734349 1.6306382 0.5749225
vt 0.6464844 0.4581152
v -0.0982752 1.4280570 0.4489125
vt 0.5957031 0.4685864
v -0.0965161 1.4880638 0.4767889
vt 0.6074219 0.4162304
f 1842/1349 1843/1350 1844/1351
v 0.0734349 1.6306382 0.5749225
vt 0.6464844 0.4581152
v -0.0965161 1.4880638 0.4767889
vt 0.6074219 0.4162304
v 0.0885805 1.5365595 0.5346632
vt 0.6464844 0.3115183
f 1845/1352 1846/1353 1847/1354
v -0.1316619 1.4953490 0.4733688
vt 0.6113281 0.3115183
v 0.0080545 1.4870211 0.4964334
vt 0.6074219 0.4162304
v 0.1306026 1.6213355 0.5816544
vt 0.6464844 0.3115183
f 1848/1355 1849/1356 1850/1357
v 0.1659880 1.4440945 0.5071258
vt 0.5957031 0.4685864
v -0.0506892 1.6054210 0.5394642
vt 0.6464844 0.5104712
v 0.0165068 1.4699852 0.4902419
vt 0.6464844 0.4581152
f 1851/1358 1852/1359 1853/1360
v 0.0454049 1.5600289 0.5371251
vt 0.6464844 0.5104712
v -0.0982752 1.4280570 0.4489125
vt 0.5957031 0.4685864
v 0.0734349 1.6306382 0.5749225
vt 0.6464844 0.4581152
f 1854/1361 1855/1362 1856/1363
v 0.1306026 1.6213355 0.5816544
vt 0.6464844 0.3115183
v 0.0080545 1.4870211 0.4964334
vt 0.6074219 0.4162304
v 0.0165068 1.4699852 0.4902419
vt 0.6464844 0.4581152
f 1857/1364 1858/1365 1859/1366
v 0.0885805 1.5365595 0.5346632
vt 0.6464844 0.3115183
v -0.0965161 1.4880638 0.4767889
vt 0.6074219 0.4162304
v -0.0753852 1.4454739 0.4613102
vt 0.6113281 0.3115183
f 1860/1367 1861/1368 1862/1369
usemtl rgb_032_032_032
v 0.0454049 1.5600289 0.5371251
v -0.0003978 1.5040571 0.5026249
v -0.0506892 1.6054210 0.5394642
v 0.0418638 1.4188773 0.4716675
f 1863 1864 1865
f 1863 1865 1866
v 0.0885805 1.5365595 0.5346632
v -0.0753852 1.4454739 0.4613102
v 0.1306026 1.6213355 0.5816544
v -0.1316619 1.4953490 0.4733688
f 1867 1868 1869
f 1867 1869 1870
v -0.0506892 1.6054210 0.5394642
v 0.1659880 1.4440945 0.5071258
v 0.0454049 1.5600289 0.5371251
v -0.0982752 1.4280570 0.4489125
f 1871 1872 1873
f 1871 1873 1874
usemtl clut_848_503
v -0.0965161 1.4880638 0.4767889
vt 0.1582031 0.5104712
v -0.0982752 1.4280570 0.4489125
vt 0.1660156 0.5628272
v 0.0080545 1.4870211 0.4964334
vt 0.2011719 0.5104712
v 0.1659880 1.4440945 0.5071258
vt 0.1894531 0.5628272
f 1875/1370 1876/1371 1877/1372
f 1875/1370 1877/1372 1878/1373
v -0.0965161 1.4880638 0.4767889
vt 0.1582031 0.5104712
v 0.0080545 1.4870211 0.4964334
vt 0.2011719 0.5104712
v -0.0753852 1.4454739 0.4613102
vt 0.1582031 0.4057592
v -0.1316619 1.4953490 0.4733688
vt 0.1933594 0.4057592
f 1879/1374 1880/1375 1881/1376
f 1879/1374 1881/1376 1882/1377
g bone_22
usemtl clut_848_502
v -0.1370299 1.3641023 0.7618821
vt 0.8613281 0.0445026
v -0.1485218 1.3960967 0.7613400
vt 0.9003906 0.0287958
v -0.1167501 1.3076416 0.7628387
vt 0.8730469 0.0026178
f 1883/1378 1884/1379 1885/1380
v -0.1370299 1.3641023 0.7618821
vt 0.8613281 0.0445026
v -0.1438102 1.3605611 0.7593349
vt 0.8691406 0.0916230
v -0.1417619 1.3772765 0.7616588
vt 0.9042969 0.0916230
f 1886/1381 1887/1382 1888/1383
usemtl clut_832_502
v -0.1042239 1.2951856 0.7656568
vt 0.4746094 0.2015707
v -0.1167501 1.3076416 0.7628387
vt 0.5136719 0.2172775
v -0.0506457 1.4318494 0.7965821
vt 0.5019531 0.1753927
f 1889/1384 1890/1385 1891/1386
v -0.1167501 1.3076416 0.7628387
vt 0.5136719 0.2172775
v -0.1042239 1.2951856 0.7656568
vt 0.4746094 0.2015707
v -0.0459341 1.3963138 0.7945771
vt 0.4707031 0.2643979
f 1892/1387 1893/1388 1894/1389
usemtl clut_848_502
v -0.1370299 1.3641023 0.7618821
vt 0.8613281 0.0445026
v -0.1417619 1.3772765 0.7616588
vt 0.9042969 0.0916230
v -0.1485218 1.3960967 0.7613400
vt 0.9003906 0.0287958
f 1895/1390 1896/1391 1897/1392
usemtl clut_832_502
v -0.1167501 1.3076416 0.7628387
vt 0.5136719 0.2172775
v -0.0459341 1.3963138 0.7945771
vt 0.4707031 0.2643979
v -0.0205843 1.3257379 0.7957728
vt 0.5058594 0.2643979
f 1898/1393 1899/1394 1900/1395
usemtl rgb_032_032_032
v -0.0205843 1.3257379 0.7957728
v -0.0459341 1.3963138 0.7945771
v -0.1438102 1.3605611 0.7593349
v -0.1417619 1.3772765 0.7616588
f 1901 1902 1903
f 1901 1903 1904
usemtl clut_880_501
v -0.1485218 1.3960967 0.7613400
vt 0.5957031 0.6047120
v -0.1417619 1.3772765 0.7616588
vt 0.5957031 0.6675393
v -0.1042239 1.2951856 0.7656568
vt 0.6386719 0.6047120
v -0.0459341 1.3963138 0.7945771
vt 0.6347656 0.6675393
f 1905/1396 1906/1397 1907/1398
f 1905/1396 1907/1398 1908/1399
v -0.1167501 1.3076416 0.7628387
vt 0.5957031 0.5785340
v -0.1485218 1.3960967 0.7613400
vt 0.5957031 0.6047120
v -0.0506457 1.4318494 0.7965821
vt 0.6347656 0.5785340
v -0.1042239 1.2951856 0.7656568
vt 0.6386719 0.6047120
f 1909/1400 1910/1401 1911/1402
f 1909/1400 1911/1402 1912/1403
usemtl clut_864_502
v -0.1370299 1.3641023 0.7618821
vt 0.9511719 0.0445026
v -0.1167501 1.3076416 0.7628387
vt 0.9511719 0.0026178
v -0.1167501 1.3076416 0.7628387
vt 0.9082031 0.0445026
v -0.0506457 1.4318494 0.7965821
vt 0.9082031 0.0026178
f 1913/1404 1914/1405 1915/1406
f 1913/1404 1915/1406 1916/1407
v -0.1438102 1.3605611 0.7593349
vt 0.9472656 0.0916230
v -0.1370299 1.3641023 0.7618821
vt 0.9511719 0.0445026
v -0.0205843 1.3257379 0.7957728
vt 0.9121094 0.0916230
v -0.1167501 1.3076416 0.7628387
vt 0.9082031 0.0445026
f 1917/1408 1918/1409 1919/1410
f 1917/1408 1919/1410 1920/1411
g bone_23
usemtl rgb_048_048_000
v -0.3372579 1.3831373 0.0367436
v -0.4836927 1.3616845 0.1227764
v -0.4017107 1.3773663 0.0214945
f 1921 1922 1923
v -0.3066157 1.4024573 -0.1958242
v -0.3448785 1.4024573 -0.2544413
v -0.3953761 1.3874027 -0.1140015
f 1924 1925 1926
v -0.3066157 1.4024573 -0.1958242
v -0.3372579 1.3831373 0.0367436
v -0.4017107 1.3773663 0.0214945
f 1927 1928 1929
v -0.3066157 1.4024573 -0.1958242
v -0.3953761 1.3874027 -0.1140015
v -0.3372579 1.3831373 0.0367436
f 1930 1931 1932
usemtl clut_832_501
v -0.4017107 1.3773663 0.0214945
vt 0.7988281 0.7460733
v -0.4836927 1.3616845 0.1227764
vt 0.8808594 0.7879581
v -0.3448785 1.4024573 -0.2544413
vt 0.8496094 0.9607330
f 1933/1412 1934/1413 1935/1414
v -0.3448785 1.4024573 -0.2544413
vt 0.8496094 0.9607330
v -0.3066157 1.4024573 -0.1958242
vt 0.7988281 0.9450262
v -0.4017107 1.3773663 0.0214945
vt 0.7988281 0.7460733
f 1936/1415 1937/1416 1938/1417
v -0.3953761 1.3874027 -0.1140015
vt 0.8925781 0.9973822
v -0.3448785 1.4024573 -0.2544413
vt 0.8496094 0.9607330
v -0.4836927 1.3616845 0.1227764
vt 0.8808594 0.7879581
f 1939/1418 1940/1419 1941/1420
v -0.4836927 1.3616845 0.1227764
vt 0.8808594 0.7879581
v -0.3372579 1.3831373 0.0367436
vt 0.9355469 0.8455497
v -0.3953761 1.3874027 -0.1140015
vt 0.8925781 0.9973822
f 1942/1421 1943/1422 1944/1423
g bone_24
usemtl rgb_048_048_000
v -0.3878480 1.4072281 -0.1964720
v -0.3163110 1.4097992 -0.1238370
v -0.2231782 1.4486988 -0.1965632
f 1945 1946 1947
v -0.3163110 1.4097992 -0.1238370
v -0.1425312 1.4434147 -0.0761757
v -0.2231782 1.4486988 -0.1965632
f 1948 1949 1950
v -0.4895153 1.3812269 -0.1945469
v -0.3338117 1.4055022 -0.1243464
v -0.1425312 1.4434147 -0.0761757
f 1951 1952 1953
v -0.1425312 1.4434147 -0.0761757
v -0.3163110 1.4097992 -0.1238370
v -0.4895153 1.3812269 -0.1945469
f 1954 1955 1956
v -0.1425312 1.4434147 -0.0761757
v -0.3562515 1.3561641 0.0812313
v -0.4063082 1.3594438 0.0065080
f 1957 1958 1959
v -0.4063082 1.3594438 0.0065080
v -0.2231782 1.4486988 -0.1965632
v -0.1425312 1.4434147 -0.0761757
f 1960 1961 1962
usemtl clut_864_497
v -0.3338117 1.4055022 -0.1243464
vt 0.6035156 0.6727749
v -0.3721885 1.4080166 -0.1816343
vt 0.5800781 0.7774869
v -0.1425312 1.4434147 -0.0761757
vt 0.5800781 0.7617801
f 1963/1424 1964/1425 1965/1426
v -0.1425312 1.4434147 -0.0761757
vt 0.5800781 0.7617801
v -0.3721885 1.4080166 -0.1816343
vt 0.5800781 0.7774869
v -0.3562515 1.3561641 0.0812313
vt 0.5527344 0.6727749
f 1966/1427 1967/1428 1968/1429
v -0.3163110 1.4097992 -0.1238370
vt 0.6347656 0.9607330
v -0.3878480 1.4072281 -0.1964720
vt 0.5800781 0.9973822
v -0.5456136 1.3631275 -0.1758280
vt 0.5800781 0.9293194
f 1969/1430 1970/1431 1971/1432
v -0.5456136 1.3631275 -0.1758280
vt 0.5800781 0.9293194
v -0.3878480 1.4072281 -0.1964720
vt 0.5800781 0.9973822
v -0.2231782 1.4486988 -0.1965632
vt 0.5214844 0.9607330
f 1972/1433 1973/1434 1974/1435
v -0.2231782 1.4486988 -0.1965632
vt 0.5214844 0.9607330
v -0.4063082 1.3594438 0.0065080
vt 0.5175781 0.7722513
v -0.5456136 1.3631275 -0.1758280
vt 0.5800781 0.9293194
f 1975/1436 1976/1437 1977/1438
v -0.4895153 1.3812269 -0.1945469
vt 0.6386719 0.7722513
v -0.3163110 1.4097992 -0.1238370
vt 0.6347656 0.9607330
v -0.5456136 1.3631275 -0.1758280
vt 0.5800781 0.9293194
f 1978/1439 1979/1440 1980/1441
v -0.5456136 1.3631275 -0.1758280
vt 0.5800781 0.9293194
v -0.4063082 1.3594438 0.0065080
vt 0.5175781 0.7722513
v -0.3721885 1.4080166 -0.1816343
vt 0.5800781 0.7774869
f 1981/1442 1982/1443 1983/1444
v -0.5456136 1.3631275 -0.1758280
vt 0.5800781 0.9293194
v -0.3721885 1.4080166 -0.1816343
vt 0.5800781 0.7774869
v -0.4895153 1.3812269 -0.1945469
vt 0.6386719 0.7722513
f 1984/1445 1985/1446 1986/1447
v -0.3721885 1.4080166 -0.1816343
vt 0.5800781 0.7774869
v -0.3338117 1.4055022 -0.1243464
vt 0.6035156 0.6727749
v -0.4895153 1.3812269 -0.1945469
vt 0.6386719 0.7722513
f 1987/1448 1988/1449 1989/1450
v -0.4063082 1.3594438 0.0065080
vt 0.5175781 0.7722513
v -0.3562515 1.3561641 0.0812313
vt 0.5527344 0.6727749
v -0.3721885 1.4080166 -0.1816343
vt 0.5800781 0.7774869
f 1990/1451 1991/1452 1992/1453
g bone_25
usemtl rgb_048_048_000
v -0.2795355 1.3913900 0.2462624
v -0.0243355 1.3792288 0.0796789
v -0.3044691 1.3921875 0.2446251
f 1993 1994 1995
v -0.2464469 1.3842129 -0.0320874
v -0.3755284 1.3921875 0.1357648
v -0.2129780 1.3826180 -0.0539344
f 1996 1997 1998
v -0.2464469 1.3842129 -0.0320874
v -0.0243355 1.3792288 0.0796789
v -0.2795355 1.3913900 0.2462624
f 1999 2000 2001
v -0.2464469 1.3842129 -0.0320874
v -0.2795355 1.3913900 0.2462624
v -0.3755284 1.3921875 0.1357648
f 2002 2003 2004
usemtl clut_832_501
v -0.0243355 1.3792288 0.0796789
vt 0.7988281 0.7460733
v -0.2129780 1.3826180 -0.0539344
vt 0.8496094 0.9607330
v -0.3044691 1.3921875 0.2446251
vt 0.8808594 0.7879581
f 2005/1454 2006/1455 2007/1456
v -0.2129780 1.3826180 -0.0539344
vt 0.8496094 0.9607330
v -0.0243355 1.3792288 0.0796789
vt 0.7988281 0.7460733
v -0.2464469 1.3842129 -0.0320874
vt 0.7988281 0.9450262
f 2008/1457 2009/1458 2010/1459
v -0.3755284 1.3921875 0.1357648
vt 0.8925781 0.9973822
v -0.3044691 1.3921875 0.2446251
vt 0.8808594 0.7879581
v -0.2129780 1.3826180 -0.0539344
vt 0.8496094 0.9607330
f 2011/1460 2012/1461 2013/1462
v -0.3044691 1.3921875 0.2446251
vt 0.8808594 0.7879581
v -0.3755284 1.3921875 0.1357648
vt 0.8925781 0.9973822
v -0.2795355 1.3913900 0.2462624
vt 0.9355469 0.8455497
f 2014/1463 2015/1464 2016/1465
g bone_26
usemtl rgb_048_048_000
v 0.0024858 1.4659077 0.0324053
v 0.0590166 1.4644153 0.1566110
v -0.0450447 1.4255303 0.2126039
f 2017 2018 2019
v -0.0450447 1.4255303 0.2126039
v 0.0590166 1.4644153 0.1566110
v -0.1223239 1.4204925 0.0912015
f 2020 2021 2022
v 0.2190176 1.5033226 0.2132757
v -0.1223239 1.4204925 0.0912015
v 0.0655889 1.4687270 0.1403871
f 2023 2024 2025
v -0.1223239 1.4204925 0.0912015
v 0.2190176 1.5033226 0.2132757
v -0.0450447 1.4255303 0.2126039
f 2026 2027 2028
v -0.1223239 1.4204925 0.0912015
v 0.2628842 1.5178319 0.2025423
v 0.1031552 1.4711759 0.1994021
f 2029 2030 2031
v 0.2628842 1.5178319 0.2025423
v -0.1223239 1.4204925 0.0912015
v 0.0590166 1.4644153 0.1566110
f 2032 2033 2034
usemtl clut_864_497
v 0.0655889 1.4687270 0.1403871
vt 0.6035156 0.6727749
v -0.1223239 1.4204925 0.0912015
vt 0.5800781 0.7617801
v 0.0916892 1.5066718 -0.0663977
vt 0.5800781 0.7774869
f 2035/1466 2036/1467 2037/1468
v -0.1223239 1.4204925 0.0912015
vt 0.5800781 0.7617801
v 0.1031552 1.4711759 0.1994021
vt 0.5527344 0.6727749
v 0.0916892 1.5066718 -0.0663977
vt 0.5800781 0.7774869
f 2038/1469 2039/1470 2040/1471
v -0.0450447 1.4255303 0.2126039
vt 0.6347656 0.9607330
v 0.1519276 1.5144819 0.0016856
vt 0.5800781 0.9293194
v 0.0024858 1.4659077 0.0324053
vt 0.5800781 0.9973822
f 2041/1472 2042/1473 2043/1474
v 0.1519276 1.5144819 0.0016856
vt 0.5800781 0.9293194
v 0.0590166 1.4644153 0.1566110
vt 0.5214844 0.9607330
v 0.0024858 1.4659077 0.0324053
vt 0.5800781 0.9973822
f 2044/1475 2045/1476 2046/1477
v 0.0590166 1.4644153 0.1566110
vt 0.5214844 0.9607330
v 0.1519276 1.5144819 0.0016856
vt 0.5800781 0.9293194
v 0.2628842 1.5178319 0.2025423
vt 0.5175781 0.7722513
f 2047/1478 2048/1479 2049/1480
v 0.2190176 1.5033226 0.2132757
vt 0.6386719 0.7722513
v 0.1519276 1.5144819 0.0016856
vt 0.5800781 0.9293194
v -0.0450447 1.4255303 0.2126039
vt 0.6347656 0.9607330
f 2050/1481 2051/1482 2052/1483
v 0.1519276 1.5144819 0.0016856
vt 0.5800781 0.9293194
v 0.0916892 1.5066718 -0.0663977
vt 0.5800781 0.7774869
v 0.2628842 1.5178319 0.2025423
vt 0.5175781 0.7722513
f 2053/1484 2054/1485 2055/1486
v 0.1519276 1.5144819 0.0016856
vt 0.5800781 0.9293194
v 0.2190176 1.5033226 0.2132757
vt 0.6386719 0.7722513
v 0.0916892 1.5066718 -0.0663977
vt 0.5800781 0.7774869
f 2056/1487 2057/1488 2058/1489
v 0.0916892 1.5066718 -0.0663977
vt 0.5800781 0.7774869
v 0.2190176 1.5033226 0.2132757
vt 0.6386719 0.7722513
v 0.0655889 1.4687270 0.1403871
vt 0.6035156 0.6727749
f 2059/1490 2060/1491 2061/1492
v 0.2628842 1.5178319 0.2025423
vt 0.5175781 0.7722513
v 0.0916892 1.5066718 -0.0663977
vt 0.5800781 0.7774869
v 0.1031552 1.4711759 0.1994021
vt 0.5527344 0.6727749
f 2062/1493 2063/1494 2064/1495
g bone_27
usemtl rgb_032_032_032
v -0.3109482 1.9831671 0.0063656
v -0.3529680 1.9302657 0.0800934
v -0.0438278 2.0893282 0.1262717
f 2065 2066 2067
v -0.2258732 2.0229918 0.0291741
v -0.1297429 2.0285672 0.1557793
v -0.4396588 1.8692926 0.1090066
f 2068 2069 2070
v -0.4018410 1.9169038 0.0426516
v -0.3529680 1.9302657 0.0800934
v -0.3109482 1.9831671 0.0063656
f 2071 2072 2073
v -0.4018410 1.9169038 0.0426516
v -0.3109482 1.9831671 0.0063656
v -0.5550529 1.8004720 0.1159303
f 2074 2075 2076
usemtl rgb_112_032_000
v -0.3435285 1.8748680 0.2356118
v -0.1297429 2.0285672 0.1557793
v -0.2947866 1.9958683 -0.0024368
f 2077 2078 2079
v -0.2269087 2.0889698 -0.1410899
v -0.1183019 2.1186629 -0.0578860
v -0.1641996 2.0150054 0.1399739
f 2080 2081 2082
v -0.2320793 2.0212951 0.0244196
v -0.3413307 1.8837515 0.2161118
v -0.3907858 1.8826544 0.1464484
f 2083 2084 2085
v -0.4712697 1.7736825 0.3072198
v -0.3031889 1.8858968 0.2665161
v -0.3245228 1.9049121 0.1866207
f 2086 2087 2088
usemtl clut_848_505
v -0.4169663 1.7885290 0.3488218
vt 0.5332031 0.4528796
v -0.1978154 1.9726843 0.1989561
vt 0.5214844 0.5732984
v -0.4785121 1.8876593 0.0050976
vt 0.5371094 0.5732984
f 2089/1496 2090/1497 2091/1498
v -0.4785121 1.8876593 0.0050976
vt 0.5371094 0.5732984
v -0.3499944 1.9393613 0.0611876
vt 0.5722656 0.4633508
v -0.4169663 1.7885290 0.3488218
vt 0.5332031 0.4528796
f 2092/1499 2093/1500 2094/1501
v -0.4169663 1.7885290 0.3488218
vt 0.5332031 0.4528796
v -0.3163786 1.9816824 0.0022054
vt 0.4902344 0.4633508
v -0.1978154 1.9726843 0.1989561
vt 0.5214844 0.5732984
f 2095/1502 2096/1503 2097/1504
v -0.4785121 1.8876593 0.0050976
vt 0.5371094 0.5732984
v -0.4330001 1.8669717 0.1246998
vt 0.5917969 0.5366492
v -0.3499944 1.9393613 0.0611876
vt 0.5722656 0.4633508
f 2098/1505 2099/1506 2100/1507
v -0.3279507 1.9992252 -0.0596196
vt 0.5644531 0.6675393
v -0.4330001 1.8669717 0.1246998
vt 0.5917969 0.5366492
v -0.4785121 1.8876593 0.0050976
vt 0.5371094 0.5732984
f 2101/1508 2102/1509 2103/1510
v -0.1978154 1.9726843 0.1989561
vt 0.5214844 0.5732984
v -0.2115211 2.0020678 0.1037207
vt 0.4707031 0.5366492
v -0.2414510 1.8986346 0.3244056
vt 0.4980469 0.6675393
f 2104/1511 2105/1512 2106/1513
v -0.3163786 1.9816824 0.0022054
vt 0.4902344 0.4633508
v -0.2115211 2.0020678 0.1037207
vt 0.4707031 0.5366492
v -0.1978154 1.9726843 0.1989561
vt 0.5214844 0.5732984
f 2107/1514 2108/1515 2109/1516
v -0.2787528 1.9174256 0.2216852
vt 0.5332031 0.5680628
v -0.4785121 1.8876593 0.0050976
vt 0.5371094 0.5732984
v -0.1978154 1.9726843 0.1989561
vt 0.5214844 0.5732984
f 2110/1517 2111/1518 2112/1519
v -0.2414510 1.8986346 0.3244056
vt 0.4980469 0.6675393
v -0.2787528 1.9174256 0.2216852
vt 0.5332031 0.5680628
v -0.1978154 1.9726843 0.1989561
vt 0.5214844 0.5732984
f 2113/1520 2114/1521 2115/1522
v -0.2787528 1.9174256 0.2216852
vt 0.5332031 0.5680628
v -0.3279507 1.9992252 -0.0596196
vt 0.5644531 0.6675393
v -0.4785121 1.8876593 0.0050976
vt 0.5371094 0.5732984
f 2116/1523 2117/1524 2118/1525
usemtl clut_832_505
v -0.2787528 1.9174256 0.2216852
vt 0.2636719 0.4947644
v -0.4330001 1.8669717 0.1246998
vt 0.2050781 0.4581152
v -0.3279507 1.9992252 -0.0596196
vt 0.2324219 0.5942408
f 2119/1526 2120/1527 2121/1528
v -0.2115211 2.0020678 0.1037207
vt 0.3261719 0.4581152
v -0.2787528 1.9174256 0.2216852
vt 0.2636719 0.4947644
v -0.2414510 1.8986346 0.3244056
vt 0.2988281 0.5942408
f 2122/1529 2123/1530 2124/1531
v -0.3163786 1.9816824 0.0022054
vt 0.3066406 0.3900524
v -0.2787528 1.9174256 0.2216852
vt 0.2636719 0.4947644
v -0.2115211 2.0020678 0.1037207
vt 0.3261719 0.4581152
f 2125/1532 2126/1533 2127/1534
v -0.2787528 1.9174256 0.2216852
vt 0.2636719 0.4947644
v -0.3499944 1.9393613 0.0611876
vt 0.2246094 0.3900524
v -0.4330001 1.8669717 0.1246998
vt 0.2050781 0.4581152
f 2128/1535 2129/1536 2130/1537
usemtl clut_880_497
v -0.3435285 1.8748680 0.2356118
vt 0.5800781 0.1335079
v -0.2947866 1.9958683 -0.0024368
vt 0.6699219 0.1492147
v -0.1784214 1.9779867 0.2138139
vt 0.6191406 0.1020942
f 2131/1538 2132/1539 2133/1540
v -0.3435285 1.8748680 0.2356118
vt 0.5800781 0.1335079
v -0.1784214 1.9779867 0.2138139
vt 0.6191406 0.1020942
v -0.3499944 1.9393613 0.0611876
vt 0.5800781 0.0863874
f 2134/1541 2135/1542 2136/1543
usemtl clut_832_498
v -0.1904470 2.0492426 0.0139465
vt 0.7128906 0.0968586
v -0.2773324 2.0254882 -0.0526166
vt 0.6777344 0.0811518
v -0.1183019 2.1186629 -0.0578860
vt 0.6738281 0.1335079
f 2137/1544 2138/1545 2139/1546
v -0.1904470 2.0492426 0.0139465
vt 0.7128906 0.0968586
v -0.1183019 2.1186629 -0.0578860
vt 0.6738281 0.1335079
v -0.2269087 2.0889698 -0.1410899
vt 0.7636719 0.1492147
f 2140/1547 2141/1548 2142/1549
usemtl clut_880_497
v -0.1784214 1.9779867 0.2138139
vt 0.6191406 0.1020942
v -0.1297429 2.0285672 0.1557793
vt 0.5917969 0.0602094
v -0.3499944 1.9393613 0.0611876
vt 0.5800781 0.0863874
f 2143/1550 2144/1551 2145/1552
usemtl clut_832_498
v -0.1904470 2.0492426 0.0139465
vt 0.7128906 0.0968586
v -0.1641996 2.0150054 0.1399739
vt 0.6972656 0.0602094
v -0.2773324 2.0254882 -0.0526166
vt 0.6777344 0.0811518
f 2146/1553 2147/1554 2148/1555
usemtl clut_880_497
v -0.2947866 1.9958683 -0.0024368
vt 0.6699219 0.1492147
v -0.1297429 2.0285672 0.1557793
vt 0.5917969 0.0602094
v -0.1784214 1.9779867 0.2138139
vt 0.6191406 0.1020942
f 2149/1556 2150/1557 2151/1558
usemtl clut_832_498
v -0.2269087 2.0889698 -0.1410899
vt 0.7636719 0.1492147
v -0.1641996 2.0150054 0.1399739
vt 0.6972656 0.0602094
v -0.1904470 2.0492426 0.0139465
vt 0.7128906 0.0968586
f 2152/1559 2153/1560 2154/1561
usemtl clut_880_497
v -0.3907858 1.8826544 0.1464484
vt 0.6699219 0.1492147
v -0.3413307 1.8837515 0.2161118
vt 0.5800781 0.1335079
v -0.2608468 1.9927235 0.0553403
vt 0.6191406 0.1020942
f 2155/1562 2156/1563 2157/1564
v -0.2608468 1.9927235 0.0553403
vt 0.6191406 0.1020942
v -0.3413307 1.8837515 0.2161118
vt 0.5800781 0.1335079
v -0.4216217 1.8369521 0.2181522
vt 0.5800781 0.0863874
f 2158/1565 2159/1566 2160/1567
usemtl clut_832_498
v -0.3949878 1.8773643 0.1538211
vt 0.6777344 0.0811518
v -0.4249193 1.8733223 0.1202986
vt 0.7128906 0.0968586
v -0.3031889 1.8858968 0.2665161
vt 0.6738281 0.1335079
f 2161/1568 2162/1569 2163/1570
v -0.3031889 1.8858968 0.2665161
vt 0.6738281 0.1335079
v -0.4249193 1.8733223 0.1202986
vt 0.7128906 0.0968586
v -0.3245228 1.9049121 0.1866207
vt 0.7636719 0.1492147
f 2164/1571 2165/1572 2166/1573
usemtl clut_880_497
v -0.2320793 2.0212951 0.0244196
vt 0.5917969 0.0602094
v -0.2608468 1.9927235 0.0553403
vt 0.6191406 0.1020942
v -0.4216217 1.8369521 0.2181522
vt 0.5800781 0.0863874
f 2167/1574 2168/1575 2169/1576
usemtl clut_832_498
v -0.4712697 1.7736825 0.3072198
vt 0.6972656 0.0602094
v -0.4249193 1.8733223 0.1202986
vt 0.7128906 0.0968586
v -0.3949878 1.8773643 0.1538211
vt 0.6777344 0.0811518
f 2170/1577 2171/1578 2172/1579
usemtl clut_880_497
v -0.2320793 2.0212951 0.0244196
vt 0.5917969 0.0602094
v -0.3907858 1.8826544 0.1464484
vt 0.6699219 0.1492147
v -0.2608468 1.9927235 0.0553403
vt 0.6191406 0.1020942
f 2173/1580 2174/1581 2175/1582
usemtl clut_832_498
v -0.4712697 1.7736825 0.3072198
vt 0.6972656 0.0602094
v -0.3245228 1.9049121 0.1866207
vt 0.7636719 0.1492147
v -0.4249193 1.8733223 0.1202986
vt 0.7128906 0.0968586
f 2176/1583 2177/1584 2178/1585
usemtl clut_880_504
v -0.2787528 1.9174256 0.2216852
vt 0.8339844 0.4581152
v -0.4216217 1.8369521 0.2181522
vt 0.8652344 0.4005236
v -0.3322804 1.9027911 0.1806775
vt 0.8066406 0.4005236
f 2179/1586 2180/1587 2181/1588
usemtl clut_864_504
v -0.3499944 1.9393613 0.0611876
vt 0.6464844 0.6361257
v -0.2787528 1.9174256 0.2216852
vt 0.7128906 0.7356021
v -0.3322804 1.9027911 0.1806775
vt 0.7558594 0.6780105
f 2182/1589 2183/1590 2184/1591
v -0.3163786 1.9816824 0.0022054
vt 0.6464844 0.6361257
v -0.4216217 1.8369521 0.2181522
vt 0.7558594 0.6780105
v -0.2787528 1.9174256 0.2216852
vt 0.7128906 0.7356021
f 2185/1592 2186/1593 2187/1594
v -0.3499944 1.9393613 0.0611876
vt 0.6464844 0.6361257
v -0.3529680 1.9302657 0.0800934
vt 0.7011719 0.5366492
v -0.2258732 2.0229918 0.0291741
vt 0.6425781 0.5157068
f 2188/1595 2189/1596 2190/1597
v -0.4018410 1.9169038 0.0426516
vt 0.7011719 0.5366492
v -0.3163786 1.9816824 0.0022054
vt 0.6464844 0.6361257
v -0.1297429 2.0285672 0.1557793
vt 0.6425781 0.5157068
f 2191/1598 2192/1599 2193/1600
usemtl clut_848_498
v -0.4396588 1.8692926 0.1090066
vt 0.1503906 0.0654450
v -0.1297429 2.0285672 0.1557793
vt 0.1113281 0.0602094
v -0.1525632 2.0181868 0.1488886
vt 0.1503906 0.0968586
f 2194/1601 2195/1602 2196/1603
v -0.2258732 2.0229918 0.0291741
vt 0.1816406 0.0602094
v -0.4396588 1.8692926 0.1090066
vt 0.1503906 0.0654450
v -0.1525632 2.0181868 0.1488886
vt 0.1503906 0.0968586
f 2197/1604 2198/1605 2199/1606
v -0.3163786 1.9816824 0.0022054
vt 0.1113281 0.1806283
v -0.1525632 2.0181868 0.1488886
vt 0.1503906 0.0968586
v -0.1297429 2.0285672 0.1557793
vt 0.1113281 0.0602094
f 2200/1607 2201/1608 2202/1609
v -0.1525632 2.0181868 0.1488886
vt 0.1503906 0.0968586
v -0.3163786 1.9816824 0.0022054
vt 0.1113281 0.1806283
v -0.4169663 1.7885290 0.3488218
vt 0.1503906 0.1701571
f 2203/1610 2204/1611 2205/1612
v -0.1525632 2.0181868 0.1488886
vt 0.1503906 0.0968586
v -0.3499944 1.9393613 0.0611876
vt 0.1855469 0.1806283
v -0.2258732 2.0229918 0.0291741
vt 0.1816406 0.0602094
f 2206/1613 2207/1614 2208/1615
v -0.3499944 1.9393613 0.0611876
vt 0.1855469 0.1806283
v -0.1525632 2.0181868 0.1488886
vt 0.1503906 0.0968586
v -0.4169663 1.7885290 0.3488218
vt 0.1503906 0.1701571
f 2209/1616 2210/1617 2211/1618
usemtl clut_880_504
v -0.3109482 1.9831671 0.0063656
vt 0.8339844 0.2801047
v -0.4216217 1.8369521 0.2181522
vt 0.8652344 0.4005236
v -0.5550529 1.8004720 0.1159303
vt 0.8886719 0.2696335
f 2212/1619 2213/1620 2214/1621
v -0.3109482 1.9831671 0.0063656
vt 0.8339844 0.2801047
v -0.0438278 2.0893282 0.1262717
vt 0.7832031 0.2696335
v -0.3322804 1.9027911 0.1806775
vt 0.8066406 0.4005236
f 2215/1622 2216/1623 2217/1624
v -0.3109482 1.9831671 0.0063656
vt 0.8339844 0.2801047
v -0.3322804 1.9027911 0.1806775
vt 0.8066406 0.4005236
v -0.4216217 1.8369521 0.2181522
vt 0.8652344 0.4005236
f 2218/1625 2219/1626 2220/1627
usemtl clut_864_504
v -0.3322804 1.9027911 0.1806775
vt 0.7558594 0.6780105
v -0.3529680 1.9302657 0.0800934
vt 0.7011719 0.5366492
v -0.3499944 1.9393613 0.0611876
vt 0.6464844 0.6361257
f 2221/1628 2222/1629 2223/1630
v -0.3529680 1.9302657 0.0800934
vt 0.7011719 0.5366492
v -0.3322804 1.9027911 0.1806775
vt 0.7558594 0.6780105
v -0.0438278 2.0893282 0.1262717
vt 0.7636719 0.5418848
f 2224/1631 2225/1632 2226/1633
v -0.4018410 1.9169038 0.0426516
vt 0.7011719 0.5366492
v -0.4216217 1.8369521 0.2181522
vt 0.7558594 0.6780105
v -0.3163786 1.9816824 0.0022054
vt 0.6464844 0.6361257
f 2227/1634 2228/1635 2229/1636
v -0.4216217 1.8369521 0.2181522
vt 0.7558594 0.6780105
v -0.4018410 1.9169038 0.0426516
vt 0.7011719 0.5366492
v -0.5550529 1.8004720 0.1159303
vt 0.7636719 0.5418848
f 2230/1637 2231/1638 2232/1639
usemtl rgb_032_032_032
v -0.4018410 1.9169038 0.0426516
v -0.1297429 2.0285672 0.1557793
v -0.3529680 1.9302657 0.0800934
v -0.2258732 2.0229918 0.0291741
f 2233 2234 2235
f 2233 2235 2236
