# Original Vanguard Bandits ATAC Glaive
mtllib glaive.mtl
o glaive
g bone_00
usemtl clut_864_506
v 0.6964518 1.2340463 0.1809748
vt 0.2128906 0.4604520
v -0.0916417 1.3853146 0.5210564
vt 0.2128906 0.4604520
v -0.1043407 1.5525124 -0.1226824
vt 0.1582031 0.4209040
f 1/1 2/2 3/3
v -0.2472158 1.4689135 -0.0294197
vt 0.3027344 0.3474576
v -0.2169578 1.5349126 -0.2294936
vt 0.2246094 0.3474576
v -0.0006994 1.5415125 0.0771637
vt 0.3105469 0.4604520
f 4/4 5/5 6/6
v 0.6964518 1.2340463 0.1809748
vt 0.2128906 0.4604520
v -0.1019551 1.5459125 -0.0943849
vt 0.2246094 0.3474576
v -0.2351856 1.3963144 0.2600810
vt 0.3105469 0.4604520
f 7/7 8/8 9/9
v -0.3651460 1.3919145 0.0774148
vt 0.1777344 0.3474576
v -0.1043407 1.5525124 -0.1226824
vt 0.1582031 0.4209040
v -0.2169578 1.5349126 -0.2294936
vt 0.2246094 0.3474576
f 10/10 11/11 12/12
v 0.6964518 1.2340463 0.1809748
vt 0.2128906 0.4604520
v -0.1043407 1.5525124 -0.1226824
vt 0.1582031 0.4209040
v -0.1019551 1.5459125 -0.0943849
vt 0.2246094 0.3474576
f 13/13 14/14 15/15
v -0.1019551 1.5459125 -0.0943849
vt 0.2246094 0.3474576
v -0.1043407 1.5525124 -0.1226824
vt 0.1582031 0.4209040
v -0.3651460 1.3919145 0.0774148
vt 0.1777344 0.3474576
f 16/16 17/17 18/18
v -0.2169578 1.5349126 -0.2294936
vt 0.2246094 0.3474576
v -0.1043407 1.5525124 -0.1226824
vt 0.1582031 0.4209040
v -0.0916417 1.3853146 0.5210564
vt 0.2128906 0.4604520
f 19/19 20/20 21/21
v -0.2472158 1.4689135 -0.0294197
vt 0.3027344 0.3474576
v -0.3651460 1.3919145 0.0774148
vt 0.1777344 0.3474576
v -0.2169578 1.5349126 -0.2294936
vt 0.2246094 0.3474576
f 22/22 23/23 24/24
v -0.1019551 1.5459125 -0.0943849
vt 0.2246094 0.3474576
v -0.3651460 1.3919145 0.0774148
vt 0.1777344 0.3474576
v -0.1111099 1.4689135 0.1790897
vt 0.3027344 0.3474576
f 25/25 26/26 27/27
v -0.1111099 1.4689135 0.1790897
vt 0.3027344 0.3474576
v -0.3651460 1.3919145 0.0774148
vt 0.1777344 0.3474576
v -0.2472158 1.4689135 -0.0294197
vt 0.3027344 0.3474576
f 28/28 29/29 30/30
v -0.0006994 1.5415125 0.0771637
vt 0.3105469 0.4604520
v -0.2169578 1.5349126 -0.2294936
vt 0.2246094 0.3474576
v -0.0916417 1.3853146 0.5210564
vt 0.2128906 0.4604520
f 31/31 32/32 33/33
v -0.2351856 1.3963144 0.2600810
vt 0.3105469 0.4604520
v -0.1019551 1.5459125 -0.0943849
vt 0.2246094 0.3474576
v -0.1111099 1.4689135 0.1790897
vt 0.3027344 0.3474576
f 34/34 35/35 36/36
usemtl clut_880_506
v -0.0006994 1.5415125 0.0771637
vt 0.1582031 0.3418079
v -0.2351856 1.3963144 0.2600810
vt 0.2949219 0.3418079
v -0.2472158 1.4689135 -0.0294197
vt 0.1660156 0.2288136
v -0.1111099 1.4689135 0.1790897
vt 0.2871094 0.2288136
f 37/37 38/38 39/39
f 37/37 39/39 40/40
usemtl clut_864_506
v -0.0916417 1.3853146 0.5210564
vt 0.2128906 0.4604520
v 0.6964518 1.2340463 0.1809748
vt 0.2128906 0.4604520
v -0.0006994 1.5415125 0.0771637
vt 0.3105469 0.4604520
v -0.2351856 1.3963144 0.2600810
vt 0.3105469 0.4604520
f 41/41 42/42 43/43
f 41/41 43/43 44/44
g bone_01
usemtl rgb_001_000_000
v -0.4291811 1.4402584 -0.0312539
v -0.1321440 1.4868735 0.1629651
v 0.0033090 1.5024119 0.2835306
f 45 46 47
v -0.4291811 1.4402584 -0.0312539
v 0.0033090 1.5024119 0.2835306
v 0.0045085 1.4868735 0.3723119
f 48 49 50
v -0.0325547 1.4713351 0.4024761
v 0.1318565 1.5365962 0.2891847
v -0.2348946 1.4371508 0.2837748
f 51 52 53
v -0.4291811 1.4402584 -0.0312539
v 0.1318565 1.5365962 0.2891847
v -0.0325547 1.4713351 0.4024761
f 54 55 56
v -0.4291811 1.4402584 -0.0312539
v -0.1075466 1.4868735 0.2006476
v -0.1321440 1.4868735 0.1629651
f 57 58 59
v -0.4291811 1.4402584 -0.0312539
v -0.0325547 1.4713351 0.4024761
v 0.0767157 1.5428116 0.1699334
f 60 61 62
v -0.4291811 1.4402584 -0.0312539
v 0.0767157 1.5428116 0.1699334
v -0.1075466 1.4868735 0.2006476
f 63 64 65
v -0.4291811 1.4402584 -0.0312539
v 0.1677202 1.5676730 0.1702392
v 0.1318565 1.5365962 0.2891847
f 66 67 68
v -0.4291811 1.4402584 -0.0312539
v 0.0045085 1.4868735 0.3723119
v -0.2707582 1.4060740 0.4027203
f 69 70 71
v -0.4291811 1.4402584 -0.0312539
v -0.2707582 1.4060740 0.4027203
v 0.1677202 1.5676730 0.1702392
f 72 73 74
usemtl clut_848_499
v -0.2707582 1.4060740 0.4027203
vt 0.7636719 0.6864407
v 0.0045085 1.4868735 0.3723119
vt 0.7089844 0.6129944
v 0.0033090 1.5024119 0.2835306
vt 0.6894531 0.6977401
f 75/45 76/46 77/47
v -0.1321440 1.4868735 0.1629651
vt 0.7089844 0.6129944
v -0.1075466 1.4868735 0.2006476
vt 0.7636719 0.6864407
v 0.0033090 1.5024119 0.2835306
vt 0.6894531 0.6977401
f 78/48 79/49 80/50
v -0.2070842 1.4309354 0.3611567
vt 0.6894531 0.8841808
v -0.2707582 1.4060740 0.4027203
vt 0.7636719 0.6864407
v 0.0033090 1.5024119 0.2835306
vt 0.6894531 0.6977401
f 81/51 82/52 83/53
v -0.2070842 1.4309354 0.3611567
vt 0.6894531 0.8841808
v 0.1677202 1.5676730 0.1702392
vt 0.7949219 0.7146893
v -0.2707582 1.4060740 0.4027203
vt 0.7636719 0.6864407
f 84/54 85/55 86/56
v 0.1318565 1.5365962 0.2891847
vt 0.7558594 0.9745763
v 0.1677202 1.5676730 0.1702392
vt 0.7949219 0.7146893
v -0.2070842 1.4309354 0.3611567
vt 0.6894531 0.8841808
f 87/57 88/58 89/59
v -0.1075466 1.4868735 0.2006476
vt 0.7636719 0.6864407
v -0.2070842 1.4309354 0.3611567
vt 0.6894531 0.8841808
v 0.0033090 1.5024119 0.2835306
vt 0.6894531 0.6977401
f 90/60 91/61 92/62
v 0.0767157 1.5428116 0.1699334
vt 0.7949219 0.7146893
v -0.2070842 1.4309354 0.3611567
vt 0.6894531 0.8841808
v -0.1075466 1.4868735 0.2006476
vt 0.7636719 0.6864407
f 93/63 94/64 95/65
v -0.2070842 1.4309354 0.3611567
vt 0.6894531 0.8841808
v 0.0767157 1.5428116 0.1699334
vt 0.7949219 0.7146893
v -0.0325547 1.4713351 0.4024761
vt 0.7558594 0.9745763
f 96/66 97/67 98/68
v -0.2070842 1.4309354 0.3611567
vt 0.6894531 0.8841808
v -0.0325547 1.4713351 0.4024761
vt 0.7558594 0.9745763
v -0.2348946 1.4371508 0.2837748
vt 0.6894531 0.9971751
f 99/69 100/70 101/71
v 0.1318565 1.5365962 0.2891847
vt 0.7558594 0.9745763
v -0.2070842 1.4309354 0.3611567
vt 0.6894531 0.8841808
v -0.2348946 1.4371508 0.2837748
vt 0.6894531 0.9971751
f 102/72 103/73 104/74
usemtl rgb_032_032_032
v -0.0392203 1.4868735 0.3053210
v -0.0697816 1.4685382 0.3610957
v -0.0627735 1.5052088 0.1666448
v -0.1566926 1.4685382 0.2279512
f 105 106 107
f 105 107 108
v -0.0697816 1.4685382 0.3610957
v -0.0392203 1.4868735 0.3053210
v -0.2600997 1.5052088 -0.1356520
v -0.2600997 1.5052088 -0.1356520
f 109 110 111
f 109 111 112
v -0.2600997 1.5052088 -0.1356520
v -0.1791036 1.4685382 0.1936183
v -0.2600997 1.5052088 -0.1356520
v -0.1791036 1.4685382 0.1936183
f 113 114 115
f 113 115 116
v -0.1791036 1.4685382 0.1936183
v -0.1566926 1.4685382 0.2279512
v -0.2600997 1.5052088 -0.1356520
v -0.0697816 1.4685382 0.3610957
f 117 118 119
f 117 119 120
v -0.1791036 1.4685382 0.1936183
v -0.0627735 1.5052088 0.1666448
v -0.1791036 1.4685382 0.1936183
v -0.1566926 1.4685382 0.2279512
f 121 122 123
f 121 123 124
v -0.0627735 1.5052088 0.1666448
v -0.1791036 1.4685382 0.1936183
v -0.0392203 1.4868735 0.3053210
v -0.2600997 1.5052088 -0.1356520
f 125 126 127
f 125 127 128
g bone_02
usemtl rgb_001_000_000
v -0.1796967 1.2626790 -0.2277629
v -0.3233652 1.2983559 -0.2447192
v -0.4321313 1.2838743 -0.1005485
f 129 130 131
v -0.4321313 1.2838743 -0.1005485
v -0.3667008 1.2868158 -0.1654422
v -0.1796967 1.2626790 -0.2277629
f 132 133 134
v -0.3667008 1.2868158 -0.1654422
v -0.2877368 1.2998812 -0.2797662
v -0.1796967 1.2626790 -0.2277629
f 135 136 137
v -0.2347048 1.2867119 -0.2735071
v -0.3233652 1.2983559 -0.2447192
v -0.1796967 1.2626790 -0.2277629
f 138 139 140
v -0.2877368 1.2998812 -0.2797662
v -0.4679437 1.3119573 -0.1773913
v -0.1796967 1.2626790 -0.2277629
f 141 142 143
v -0.2209675 1.2314364 -0.0756261
v -0.2778564 1.2455635 -0.0823403
v -0.1796967 1.2626790 -0.2277629
f 144 145 146
v -0.2778564 1.2455635 -0.0823403
v -0.2347048 1.2867119 -0.2735071
v -0.1796967 1.2626790 -0.2277629
f 147 148 149
v -0.4679437 1.3119573 -0.1773913
v -0.2209675 1.2314364 -0.0756261
v -0.1796967 1.2626790 -0.2277629
f 150 151 152
usemtl clut_848_502
v -0.2347048 1.2867119 -0.2735071
vt 0.2480469 0.7259887
v -0.4559986 1.2379372 0.0928944
vt 0.2597656 0.9689266
v -0.4849252 1.2451204 0.0894804
vt 0.2128906 0.8276836
f 153/75 154/76 155/77
v -0.2347048 1.2867119 -0.2735071
vt 0.2480469 0.7259887
v -0.2778564 1.2455635 -0.0823403
vt 0.3261719 0.7259887
v -0.4559986 1.2379372 0.0928944
vt 0.2597656 0.9689266
f 156/78 157/79 158/80
v -0.4025724 1.2700510 -0.0725273
vt 0.2128906 0.8276836
v -0.4679437 1.3119573 -0.1773913
vt 0.2480469 0.7259887
v -0.3667008 1.2868158 -0.1654422
vt 0.1738281 0.7372881
f 159/81 160/82 161/83
v -0.3233652 1.2983559 -0.2447192
vt 0.2207031 0.6694915
v -0.2347048 1.2867119 -0.2735071
vt 0.2480469 0.7259887
v -0.4321313 1.2838743 -0.1005485
vt 0.1738281 0.7372881
f 162/84 163/85 164/86
v -0.2347048 1.2867119 -0.2735071
vt 0.2480469 0.7259887
v -0.4849252 1.2451204 0.0894804
vt 0.2128906 0.8276836
v -0.4321313 1.2838743 -0.1005485
vt 0.1738281 0.7372881
f 165/87 166/88 167/89
v -0.4679437 1.3119573 -0.1773913
vt 0.2480469 0.7259887
v -0.2877368 1.2998812 -0.2797662
vt 0.2207031 0.6694915
v -0.3667008 1.2868158 -0.1654422
vt 0.1738281 0.7372881
f 168/90 169/91 170/92
usemtl clut_880_502
v -0.4025724 1.2700510 -0.0725273
vt 0.9082031 0.1723164
v -0.4849252 1.2451204 0.0894804
vt 0.9511719 0.1723164
v -0.2853747 1.2731033 -0.1803762
vt 0.9277344 0.3248588
f 171/93 172/94 173/95
usemtl clut_848_502
v -0.2853747 1.2731033 -0.1803762
vt 0.2207031 0.9858757
v -0.3335856 1.2850754 -0.1860663
vt 0.2597656 0.9689266
v -0.4025724 1.2700510 -0.0725273
vt 0.2128906 0.8276836
f 174/96 175/97 176/98
v -0.2374956 1.2547305 -0.1501929
vt 0.3066406 0.9971751
v -0.2209675 1.2314364 -0.0756261
vt 0.3261719 0.7259887
v -0.3335856 1.2850754 -0.1860663
vt 0.2597656 0.9689266
f 177/99 178/100 179/101
v -0.4559986 1.2379372 0.0928944
vt 0.2597656 0.9689266
v -0.2853747 1.2731033 -0.1803762
vt 0.2207031 0.9858757
v -0.4849252 1.2451204 0.0894804
vt 0.2128906 0.8276836
f 180/102 181/103 182/104
v -0.3335856 1.2850754 -0.1860663
vt 0.2597656 0.9689266
v -0.4679437 1.3119573 -0.1773913
vt 0.2480469 0.7259887
v -0.4025724 1.2700510 -0.0725273
vt 0.2128906 0.8276836
f 183/105 184/106 185/107
v -0.2374956 1.2547305 -0.1501929
vt 0.3066406 0.9971751
v -0.3335856 1.2850754 -0.1860663
vt 0.2597656 0.9689266
v -0.2853747 1.2731033 -0.1803762
vt 0.2207031 0.9858757
f 186/108 187/109 188/110
v -0.4559986 1.2379372 0.0928944
vt 0.2597656 0.9689266
v -0.3061506 1.2461067 -0.0611472
vt 0.3066406 0.9971751
v -0.2853747 1.2731033 -0.1803762
vt 0.2207031 0.9858757
f 189/111 190/112 191/113
v -0.3061506 1.2461067 -0.0611472
vt 0.3066406 0.9971751
v -0.2374956 1.2547305 -0.1501929
vt 0.3066406 0.9971751
v -0.2853747 1.2731033 -0.1803762
vt 0.2207031 0.9858757
f 192/114 193/115 194/116
v -0.2778564 1.2455635 -0.0823403
vt 0.3261719 0.7259887
v -0.3061506 1.2461067 -0.0611472
vt 0.3066406 0.9971751
v -0.4559986 1.2379372 0.0928944
vt 0.2597656 0.9689266
f 195/117 196/118 197/119
v -0.2209675 1.2314364 -0.0756261
vt 0.3261719 0.7259887
v -0.4679437 1.3119573 -0.1773913
vt 0.2480469 0.7259887
v -0.3335856 1.2850754 -0.1860663
vt 0.2597656 0.9689266
f 198/120 199/121 200/122
usemtl clut_880_502
v -0.4321313 1.2838743 -0.1005485
vt 0.9433594 0.0875706
v -0.4849252 1.2451204 0.0894804
vt 0.9511719 0.1723164
v -0.3667008 1.2868158 -0.1654422
vt 0.9160156 0.0875706
v -0.4025724 1.2700510 -0.0725273
vt 0.9082031 0.1723164
f 201/123 202/124 203/125
f 201/123 203/125 204/126
usemtl clut_864_502
v -0.3061506 1.2461067 -0.0611472
vt 0.3222656 0.4491525
v -0.2778564 1.2455635 -0.0823403
vt 0.3144531 0.1779661
v -0.2374956 1.2547305 -0.1501929
vt 0.3652344 0.4491525
v -0.2209675 1.2314364 -0.0756261
vt 0.3730469 0.1779661
f 205/127 206/128 207/129
f 205/127 207/129 208/130
g bone_03
usemtl rgb_001_000_000
v -0.5333934 0.7705687 -0.1720182
v -0.2831379 0.7524916 -0.1325038
v -0.3572325 0.7440548 -0.0849243
f 209 210 211
v -0.2653084 0.7351165 -0.0605301
v -0.3983076 0.7906869 -0.2791260
v -0.4019956 0.8196804 -0.4032057
f 212 213 214
v -0.2831379 0.7524916 -0.1325038
v -0.5500480 0.7556846 -0.1054894
v -0.3572325 0.7440548 -0.0849243
f 215 216 217
v -0.3983076 0.7906869 -0.2791260
v -0.3500299 0.7871996 -0.2715031
v -0.4019956 0.8196804 -0.4032057
f 218 219 220
usemtl clut_880_503
v -0.4660374 0.8243064 -0.4133177
vt 0.7402344 0.5677966
v -0.4019956 0.8196804 -0.4032057
vt 0.7246094 0.4491525
v -0.3500299 0.7871996 -0.2715031
vt 0.7949219 0.4604520
f 221/131 222/132 223/133
v -0.5333934 0.7705687 -0.1720182
vt 0.7949219 0.4604520
v -0.3572325 0.7440548 -0.0849243
vt 0.7246094 0.4491525
v -0.5237411 0.7560825 -0.1112154
vt 0.7402344 0.5677966
f 224/134 225/135 226/136
v -0.2648078 0.7695528 -0.2086479
vt 0.7832031 0.5677966
v -0.5333934 0.7705687 -0.1720182
vt 0.7949219 0.4604520
v -0.5237411 0.7560825 -0.1112154
vt 0.7402344 0.5677966
f 227/137 228/138 229/139
v -0.4660374 0.8243064 -0.4133177
vt 0.7402344 0.5677966
v -0.3500299 0.7871996 -0.2715031
vt 0.7949219 0.4604520
v -0.3091444 0.7727555 -0.2156485
vt 0.7832031 0.5677966
f 230/140 231/141 232/142
v -0.5237411 0.7560825 -0.1112154
vt 0.7402344 0.5677966
v -0.3572325 0.7440548 -0.0849243
vt 0.7246094 0.4491525
v -0.5500480 0.7556846 -0.1054894
vt 0.6738281 0.4491525
f 233/143 234/144 235/145
v -0.4735403 0.7604998 -0.1378682
vt 0.6855469 0.6073446
v -0.5237411 0.7560825 -0.1112154
vt 0.7402344 0.5677966
v -0.3513683 0.7516748 -0.1185777
vt 0.6582031 0.5677966
f 236/146 237/147 238/148
v -0.2653084 0.7351165 -0.0605301
vt 0.6738281 0.4491525
v -0.4019956 0.8196804 -0.4032057
vt 0.7246094 0.4491525
v -0.4660374 0.8243064 -0.4133177
vt 0.7402344 0.5677966
f 239/149 240/150 241/151
v -0.3334427 0.8087533 -0.3666940
vt 0.6855469 0.6073446
v -0.3936182 0.8305661 -0.4512819
vt 0.6582031 0.5677966
v -0.4660374 0.8243064 -0.4133177
vt 0.7402344 0.5677966
f 242/152 243/153 244/154
v -0.5237411 0.7560825 -0.1112154
vt 0.7402344 0.5677966
v -0.5500480 0.7556846 -0.1054894
vt 0.6738281 0.4491525
v -0.3513683 0.7516748 -0.1185777
vt 0.6582031 0.5677966
f 245/155 246/156 247/157
v -0.3936182 0.8305661 -0.4512819
vt 0.6582031 0.5677966
v -0.2653084 0.7351165 -0.0605301
vt 0.6738281 0.4491525
v -0.4660374 0.8243064 -0.4133177
vt 0.7402344 0.5677966
f 248/158 249/159 250/160
v -0.2648078 0.7695528 -0.2086479
vt 0.7832031 0.5677966
v -0.5237411 0.7560825 -0.1112154
vt 0.7402344 0.5677966
v -0.4735403 0.7604998 -0.1378682
vt 0.6855469 0.6073446
f 251/161 252/162 253/163
v -0.3334427 0.8087533 -0.3666940
vt 0.6855469 0.6073446
v -0.4660374 0.8243064 -0.4133177
vt 0.7402344 0.5677966
v -0.3091444 0.7727555 -0.2156485
vt 0.7832031 0.5677966
f 254/164 255/165 256/166
usemtl clut_832_504
v -0.3091444 0.7727555 -0.2156485
vt 0.1816406 0.2231638
v -0.3500299 0.7871996 -0.2715031
vt 0.1738281 0.1836158
v -0.3983076 0.7906869 -0.2791260
vt 0.1894531 0.2062147
f 257/167 258/168 259/169
v -0.2831379 0.7524916 -0.1325038
vt 0.2167969 0.2062147
v -0.5333934 0.7705687 -0.1720182
vt 0.2324219 0.1836158
v -0.2648078 0.7695528 -0.2086479
vt 0.2246094 0.2231638
f 260/170 261/171 262/172
usemtl clut_848_504
v -0.3513683 0.7516748 -0.1185777
vt 0.0136719 0.2175141
v -0.5500480 0.7556846 -0.1054894
vt 0.0136719 0.0988701
v -0.3936182 0.8305661 -0.4512819
vt 0.0332031 0.2175141
v -0.2653084 0.7351165 -0.0605301
vt 0.0332031 0.0988701
f 263/173 264/174 265/175
f 263/173 265/175 266/176
v -0.3334427 0.8087533 -0.3666940
vt 0.0449219 0.2570621
v -0.4735403 0.7604998 -0.1378682
vt 0.0019531 0.2570621
v -0.3936182 0.8305661 -0.4512819
vt 0.0332031 0.2175141
v -0.3513683 0.7516748 -0.1185777
vt 0.0136719 0.2175141
f 267/177 268/178 269/179
f 267/177 269/179 270/180
usemtl rgb_001_000_000
v -0.2653084 0.7351165 -0.0605301
v -0.5500480 0.7556846 -0.1054894
v -0.3983076 0.7906869 -0.2791260
v -0.2831379 0.7524916 -0.1325038
f 271 272 273
f 271 273 274
usemtl clut_880_503
v -0.3091444 0.7727555 -0.2156485
vt 0.7832031 0.5677966
v -0.2648078 0.7695528 -0.2086479
vt 0.7832031 0.5677966
v -0.3334427 0.8087533 -0.3666940
vt 0.6855469 0.6073446
v -0.4735403 0.7604998 -0.1378682
vt 0.6855469 0.6073446
f 275/181 276/182 277/183
f 275/181 277/183 278/184
usemtl clut_832_504
v -0.2648078 0.7695528 -0.2086479
vt 0.2246094 0.2231638
v -0.3091444 0.7727555 -0.2156485
vt 0.1816406 0.2231638
v -0.2831379 0.7524916 -0.1325038
vt 0.2167969 0.2062147
v -0.3983076 0.7906869 -0.2791260
vt 0.1894531 0.2062147
f 279/185 280/186 281/187
f 279/185 281/187 282/188
g bone_04
usemtl rgb_000_000_001
v -0.4264353 0.6550800 -0.4176937
v -0.4234641 0.6706335 -0.4926955
v -0.4978106 0.6500293 -0.4427148
f 283 284 285
v -0.4135899 0.6425396 -0.3465338
v -0.3253191 0.6414821 -0.2793911
v -0.4978106 0.6500293 -0.4427148
f 286 287 288
v -0.3253191 0.6414821 -0.2793911
v -0.4264353 0.6550800 -0.4176937
v -0.4978106 0.6500293 -0.4427148
f 289 290 291
v -0.3803976 0.6459149 -0.3399857
v -0.4135899 0.6425396 -0.3465338
v -0.4978106 0.6500293 -0.4427148
f 292 293 294
v -0.3328253 0.6668066 -0.4101670
v -0.3803976 0.6459149 -0.3399857
v -0.4978106 0.6500293 -0.4427148
f 295 296 297
v -0.4978106 0.6500293 -0.4427148
v -0.4234641 0.6706335 -0.4926955
v -0.3691049 0.6430498 -0.3178664
f 298 299 300
v -0.3691049 0.6430498 -0.3178664
v -0.5187875 0.5876934 -0.1484799
v -0.4978106 0.6500293 -0.4427148
f 301 302 303
v -0.5187875 0.5876934 -0.1484799
v -0.3328253 0.6668066 -0.4101670
v -0.4978106 0.6500293 -0.4427148
f 304 305 306
usemtl clut_848_496
v -0.4657531 0.6332216 -0.3369329
vt 0.0917969 0.8559322
v -0.4135899 0.6425396 -0.3465338
vt 0.0605469 0.9971751
v -0.3803976 0.6459149 -0.3399857
vt 0.0683594 0.9971751
f 307/189 308/190 309/191
v -0.3691049 0.6430498 -0.3178664
vt 0.0683594 0.9971751
v -0.4234641 0.6706335 -0.4926955
vt 0.0605469 0.9971751
v -0.3001087 0.6099308 -0.1053395
vt 0.0917969 0.8559322
f 310/192 311/193 312/194
usemtl rgb_000_000_001
v -0.5766362 0.6119121 -0.3090787
v -0.4018884 0.6296822 -0.2746049
v -0.3397841 0.6811497 -0.4861331
f 313 314 315
v -0.2993492 0.6752277 -0.4284274
v -0.5145653 0.6282579 -0.3465624
v -0.4657531 0.6332216 -0.3369329
f 316 317 318
v -0.4204036 0.6629177 -0.4523086
v -0.2763282 0.6876025 -0.4736147
v -0.3942370 0.6103927 -0.1736378
f 319 320 321
v -0.3391585 0.6059598 -0.1130432
v -0.5375864 0.6158831 -0.3013750
v -0.5543411 0.5941117 -0.2052226
f 322 323 324
v -0.2763282 0.6876025 -0.4736147
v -0.3397841 0.6811497 -0.4861331
v -0.3942370 0.6103927 -0.1736378
f 325 326 327
v -0.5375864 0.6158831 -0.3013750
v -0.2993492 0.6752277 -0.4284274
v -0.5543411 0.5941117 -0.2052226
f 328 329 330
usemtl clut_880_496
v -0.4741305 0.6223359 -0.2888567
vt 0.9707031 0.2401130
v -0.4264353 0.6550800 -0.4176937
vt 0.9824219 0.3248588
v -0.3253191 0.6414821 -0.2793911
vt 0.9550781 0.3248588
f 331/195 332/196 333/197
v -0.4657531 0.6332216 -0.3369329
vt 0.9785156 0.0028249
v -0.4504504 0.5946426 -0.1349985
vt 0.9707031 0.1045198
v -0.5766362 0.6119121 -0.3090787
vt 0.9589844 0.0028249
f 334/198 335/199 336/200
usemtl clut_848_496
v -0.3001087 0.6099308 -0.1053395
vt 0.0917969 0.8559322
v -0.4741305 0.6223359 -0.2888567
vt 0.0214844 0.8559322
v -0.4504504 0.5946426 -0.1349985
vt 0.0410156 0.7146893
f 337/201 338/202 339/203
v -0.4504504 0.5946426 -0.1349985
vt 0.0410156 0.7146893
v -0.4741305 0.6223359 -0.2888567
vt 0.0214844 0.8559322
v -0.4657531 0.6332216 -0.3369329
vt 0.0917969 0.8559322
f 340/204 341/205 342/206
v -0.3959975 0.6653995 -0.4474938
vt 0.0917969 0.6864407
v -0.3001087 0.6099308 -0.1053395
vt 0.0917969 0.8559322
v -0.4504504 0.5946426 -0.1349985
vt 0.0410156 0.7146893
f 343/207 344/208 345/209
v -0.4504504 0.5946426 -0.1349985
vt 0.0410156 0.7146893
v -0.4657531 0.6332216 -0.3369329
vt 0.0917969 0.8559322
v -0.4971181 0.6450828 -0.4177137
vt 0.0917969 0.6864407
f 346/210 347/211 348/212
v -0.4135899 0.6425396 -0.3465338
vt 0.0605469 0.9971751
v -0.4657531 0.6332216 -0.3369329
vt 0.0917969 0.8559322
v -0.3253191 0.6414821 -0.2793911
vt 0.0292969 0.9406780
f 349/213 350/214 351/215
v -0.4657531 0.6332216 -0.3369329
vt 0.0917969 0.8559322
v -0.4741305 0.6223359 -0.2888567
vt 0.0214844 0.8559322
v -0.3253191 0.6414821 -0.2793911
vt 0.0292969 0.9406780
f 352/216 353/217 354/218
v -0.4264353 0.6550800 -0.4176937
vt 0.0292969 0.9406780
v -0.4741305 0.6223359 -0.2888567
vt 0.0214844 0.8559322
v -0.3001087 0.6099308 -0.1053395
vt 0.0917969 0.8559322
f 355/219 356/220 357/221
v -0.4264353 0.6550800 -0.4176937
vt 0.0292969 0.9406780
v -0.3001087 0.6099308 -0.1053395
vt 0.0917969 0.8559322
v -0.4234641 0.6706335 -0.4926955
vt 0.0605469 0.9971751
f 358/222 359/223 360/224
v -0.2763282 0.6876025 -0.4736147
vt 0.1503906 0.6299435
v -0.4204036 0.6629177 -0.4523086
vt 0.1308594 0.5451977
v -0.3335513 0.6366314 -0.2611236
vt 0.1308594 0.6977401
f 361/225 362/226 363/227
v -0.3677198 0.6331568 -0.2678643
vt 0.1308594 0.6977401
v -0.3391585 0.6059598 -0.1130432
vt 0.1308594 0.5451977
v -0.5543411 0.5941117 -0.2052226
vt 0.1503906 0.6299435
f 364/228 365/229 366/230
v -0.3001087 0.6099308 -0.1053395
vt 0.0917969 0.8559322
v -0.5006477 0.5995718 -0.1946301
vt 0.1699219 0.8672316
v -0.5187875 0.5876934 -0.1484799
vt 0.1503906 0.9971751
f 367/231 368/232 369/233
v -0.3328253 0.6668066 -0.4101670
vt 0.1503906 0.9971751
v -0.5201725 0.5975863 -0.1984820
vt 0.1699219 0.8672316
v -0.4657531 0.6332216 -0.3369329
vt 0.0917969 0.8559322
f 370/234 371/235 372/236
v -0.3328253 0.6668066 -0.4101670
vt 0.1503906 0.9971751
v -0.4657531 0.6332216 -0.3369329
vt 0.0917969 0.8559322
v -0.3803976 0.6459149 -0.3399857
vt 0.0683594 0.9971751
f 373/237 374/238 375/239
v -0.3691049 0.6430498 -0.3178664
vt 0.0683594 0.9971751
v -0.3001087 0.6099308 -0.1053395
vt 0.0917969 0.8559322
v -0.5187875 0.5876934 -0.1484799
vt 0.1503906 0.9971751
f 376/240 377/241 378/242
v -0.5375864 0.6158831 -0.3013750
vt 0.0917969 0.5451977
v -0.3391585 0.6059598 -0.1130432
vt 0.1308594 0.5451977
v -0.3959975 0.6653995 -0.4474938
vt 0.0917969 0.6864407
f 379/243 380/244 381/245
v -0.3335513 0.6366314 -0.2611236
vt 0.1308594 0.6977401
v -0.4204036 0.6629177 -0.4523086
vt 0.1308594 0.5451977
v -0.4971181 0.6450828 -0.4177137
vt 0.0917969 0.6864407
f 382/246 383/247 384/248
v -0.3959975 0.6653995 -0.4474938
vt 0.0917969 0.6864407
v -0.4504504 0.5946426 -0.1349985
vt 0.0410156 0.7146893
v -0.4657531 0.6332216 -0.3369329
vt 0.0019531 0.6186441
f 385/249 386/250 387/251
v -0.4971181 0.6450828 -0.4177137
vt 0.0917969 0.6864407
v -0.3942370 0.6103927 -0.1736378
vt 0.0917969 0.5451977
v -0.3397841 0.6811497 -0.4861331
vt 0.0683594 0.5734463
f 388/252 389/253 390/254
v -0.3959975 0.6653995 -0.4474938
vt 0.0917969 0.6864407
v -0.4657531 0.6332216 -0.3369329
vt 0.0019531 0.6186441
v -0.3817044 0.5915995 -0.0717076
vt 0.0214844 0.5734463
f 391/255 392/256 393/257
v -0.3677198 0.6331568 -0.2678643
vt 0.1308594 0.6977401
v -0.5006477 0.5995718 -0.1946301
vt 0.1699219 0.8672316
v -0.3001087 0.6099308 -0.1053395
vt 0.0917969 0.8559322
f 394/258 395/259 396/260
v -0.3001087 0.6099308 -0.1053395
vt 0.0917969 0.8559322
v -0.3959975 0.6653995 -0.4474938
vt 0.0917969 0.6864407
v -0.3677198 0.6331568 -0.2678643
vt 0.1308594 0.6977401
f 397/261 398/262 399/263
v -0.5766362 0.6119121 -0.3090787
vt 0.0019531 0.6186441
v -0.4504504 0.5946426 -0.1349985
vt 0.0410156 0.7146893
v -0.4971181 0.6450828 -0.4177137
vt 0.0917969 0.6864407
f 400/264 401/265 402/266
v -0.5766362 0.6119121 -0.3090787
vt 0.0019531 0.6186441
v -0.4971181 0.6450828 -0.4177137
vt 0.0917969 0.6864407
v -0.5174024 0.5778004 -0.0984777
vt 0.0214844 0.5734463
f 403/267 404/268 405/269
v -0.4971181 0.6450828 -0.4177137
vt 0.0917969 0.6864407
v -0.3397841 0.6811497 -0.4861331
vt 0.0683594 0.5734463
v -0.5174024 0.5778004 -0.0984777
vt 0.0214844 0.5734463
f 406/270 407/271 408/272
v -0.4657531 0.6332216 -0.3369329
vt 0.0917969 0.8559322
v -0.5201725 0.5975863 -0.1984820
vt 0.1699219 0.8672316
v -0.3335513 0.6366314 -0.2611236
vt 0.1308594 0.6977401
f 409/273 410/274 411/275
v -0.3335513 0.6366314 -0.2611236
vt 0.1308594 0.6977401
v -0.4971181 0.6450828 -0.4177137
vt 0.0917969 0.6864407
v -0.4657531 0.6332216 -0.3369329
vt 0.0917969 0.8559322
f 412/276 413/277 414/278
v -0.3391585 0.6059598 -0.1130432
vt 0.1308594 0.5451977
v -0.3677198 0.6331568 -0.2678643
vt 0.1308594 0.6977401
v -0.3959975 0.6653995 -0.4474938
vt 0.0917969 0.6864407
f 415/279 416/280 417/281
v -0.4204036 0.6629177 -0.4523086
vt 0.1308594 0.5451977
v -0.3942370 0.6103927 -0.1736378
vt 0.0917969 0.5451977
v -0.4971181 0.6450828 -0.4177137
vt 0.0917969 0.6864407
f 418/282 419/283 420/284
usemtl rgb_000_000_001
v -0.4657531 0.6332216 -0.3369329
v -0.5766362 0.6119121 -0.3090787
v -0.2993492 0.6752277 -0.4284274
v -0.3397841 0.6811497 -0.4861331
f 421 422 423
f 421 423 424
v -0.2993492 0.6752277 -0.4284274
v -0.3397841 0.6811497 -0.4861331
v -0.5543411 0.5941117 -0.2052226
v -0.2763282 0.6876025 -0.4736147
f 425 426 427
f 425 427 428
usemtl clut_864_496
v -0.5201725 0.5975863 -0.1984820
vt 0.9980469 0.8672316
v -0.3328253 0.6668066 -0.4101670
vt 0.9863281 0.9971751
v -0.5006477 0.5995718 -0.1946301
vt 0.9394531 0.8672316
v -0.5187875 0.5876934 -0.1484799
vt 0.9472656 0.9971751
f 429/285 430/286 431/287
f 429/285 431/287 432/288
v -0.3335513 0.6366314 -0.2611236
vt 0.9902344 0.6977401
v -0.5201725 0.5975863 -0.1984820
vt 0.9980469 0.8672316
v -0.3677198 0.6331568 -0.2678643
vt 0.9472656 0.6977401
v -0.5006477 0.5995718 -0.1946301
vt 0.9394531 0.8672316
f 433/289 434/290 435/291
f 433/289 435/291 436/292
v -0.5543411 0.5941117 -0.2052226
vt 0.9472656 0.6299435
v -0.2763282 0.6876025 -0.4736147
vt 0.9863281 0.6299435
v -0.3677198 0.6331568 -0.2678643
vt 0.9472656 0.6977401
v -0.3335513 0.6366314 -0.2611236
vt 0.9902344 0.6977401
f 437/293 438/294 439/295
f 437/293 439/295 440/296
usemtl clut_848_496
v -0.3817044 0.5915995 -0.0717076
vt 0.0214844 0.5734463
v -0.2993492 0.6752277 -0.4284274
vt 0.0683594 0.5734463
v -0.3959975 0.6653995 -0.4474938
vt 0.0917969 0.6864407
v -0.5375864 0.6158831 -0.3013750
vt 0.0917969 0.5451977
f 441/297 442/298 443/299
f 441/297 443/299 444/300
g bone_05
usemtl clut_832_496
v -0.1850186 0.0000000 -0.5576345
vt 0.6542969 0.3361582
v -0.2429025 0.0001065 -0.5690555
vt 0.5332031 0.3361582
v -0.2703246 0.0001400 -0.1769471
vt 0.5332031 0.3361582
f 445/301 446/302 447/303
v -0.2703246 0.0001400 -0.1769471
vt 0.5332031 0.3361582
v -0.3047328 0.0002174 -0.5139828
vt 0.5332031 0.2401130
v -0.3439762 0.0002895 -0.5217259
vt 0.6074219 0.2966102
f 448/304 449/305 450/306
v -0.2949220 0.0001993 -0.5120470
vt 0.6464844 0.3079096
v -0.1850186 0.0000000 -0.5576345
vt 0.6542969 0.3361582
v -0.3439762 0.0002895 -0.5217259
vt 0.6074219 0.2966102
f 451/307 452/308 453/309
v -0.2429025 0.0001065 -0.5690555
vt 0.5332031 0.3361582
v -0.1850186 0.0000000 -0.5576345
vt 0.6542969 0.3361582
v -0.3138222 0.0002254 -0.3129396
vt 0.6074219 0.2966102
f 454/310 455/311 456/312
v -0.2752960 0.0001502 -0.2034100
vt 0.5878906 0.2401130
v -0.2314112 0.0000738 -0.2966791
vt 0.5332031 0.2401130
v -0.3138222 0.0002254 -0.3129396
vt 0.6074219 0.2966102
f 457/313 458/314 459/315
v -0.3047328 0.0002174 -0.5139828
vt 0.5332031 0.2401130
v -0.1972053 0.0000131 -0.3408939
vt 0.5878906 0.2401130
v -0.3439762 0.0002895 -0.5217259
vt 0.6074219 0.2966102
f 460/316 461/317 462/318
v -0.2314112 0.0000738 -0.2966791
vt 0.5332031 0.2401130
v -0.2429025 0.0001065 -0.5690555
vt 0.5332031 0.3361582
v -0.3138222 0.0002254 -0.3129396
vt 0.6074219 0.2966102
f 463/319 464/320 465/321
v -0.1850186 0.0000000 -0.5576345
vt 0.6542969 0.3361582
v -0.2703246 0.0001400 -0.1769471
vt 0.5332031 0.3361582
v -0.3439762 0.0002895 -0.5217259
vt 0.6074219 0.2966102
f 466/322 467/323 468/324
v -0.1850186 0.0000000 -0.5576345
vt 0.6542969 0.3361582
v -0.3194491 0.0002444 -0.5168865
vt 0.6464844 0.3079096
v -0.3138222 0.0002254 -0.3129396
vt 0.6074219 0.2966102
f 469/325 470/326 471/327
v -0.3194491 0.0002444 -0.5168865
vt 0.6464844 0.3079096
v -0.1850186 0.0000000 -0.5576345
vt 0.6542969 0.3361582
v -0.2949220 0.0001993 -0.5120470
vt 0.6464844 0.3079096
f 472/328 473/329 474/330
v -0.2429025 0.0001065 -0.5690555
vt 0.5332031 0.3361582
v -0.2314112 0.0000738 -0.2966791
vt 0.5332031 0.2401130
v -0.2703246 0.0001400 -0.1769471
vt 0.5332031 0.3361582
v -0.3047328 0.0002174 -0.5139828
vt 0.5332031 0.2401130
f 475/331 476/332 477/333
f 475/331 477/333 478/334
v -0.1972053 0.0000131 -0.3408939
vt 0.5878906 0.2401130
v -0.3047328 0.0002174 -0.5139828
vt 0.5332031 0.2401130
v -0.2752960 0.0001502 -0.2034100
vt 0.5878906 0.2401130
v -0.2314112 0.0000738 -0.2966791
vt 0.5332031 0.2401130
f 479/335 480/336 481/337
f 479/335 481/337 482/338
v -0.3138222 0.0002254 -0.3129396
vt 0.6074219 0.2966102
v -0.3194491 0.0002444 -0.5168865
vt 0.6464844 0.3079096
v -0.3439762 0.0002895 -0.5217259
vt 0.6074219 0.2966102
v -0.2949220 0.0001993 -0.5120470
vt 0.6464844 0.3079096
f 483/339 484/340 485/341
f 483/339 485/341 486/342
v -0.2752960 0.0001502 -0.2034100
vt 0.5878906 0.2401130
v -0.3138222 0.0002254 -0.3129396
vt 0.6074219 0.2966102
v -0.1972053 0.0000131 -0.3408939
vt 0.5878906 0.2401130
v -0.3439762 0.0002895 -0.5217259
vt 0.6074219 0.2966102
f 487/343 488/344 489/345
f 487/343 489/345 490/346
g bone_06
usemtl clut_832_503
v -0.4620062 0.0505003 -0.3931577
vt 0.6191406 0.3813559
v -0.5096834 0.0505815 -0.2496729
vt 0.6972656 0.4378531
v -0.4616849 0.0505105 -0.6479142
vt 0.6972656 0.4378531
f 491/347 492/348 493/349
v -0.4423229 0.0504663 -0.4412573
vt 0.6191406 0.3418079
v -0.5247339 0.0506179 -0.4575178
vt 0.5644531 0.3531073
v -0.4322524 0.0504564 -0.6421069
vt 0.6191406 0.3418079
f 494/350 495/351 496/352
v -0.5247339 0.0506179 -0.4575178
vt 0.5644531 0.3531073
v -0.4423229 0.0504663 -0.4412573
vt 0.6191406 0.3418079
v -0.4620062 0.0505003 -0.3931577
vt 0.6191406 0.3813559
f 497/353 498/354 499/355
v -0.4620062 0.0505003 -0.3931577
vt 0.6191406 0.3813559
v -0.4322524 0.0504564 -0.6421069
vt 0.6191406 0.3418079
v -0.5247339 0.0506179 -0.4575178
vt 0.5644531 0.3531073
f 500/356 501/357 502/358
v -0.4322524 0.0504564 -0.6421069
vt 0.6191406 0.3418079
v -0.4620062 0.0505003 -0.3931577
vt 0.6191406 0.3813559
v -0.4616849 0.0505105 -0.6479142
vt 0.6972656 0.4378531
f 503/359 504/360 505/361
v -0.5096834 0.0505815 -0.2496729
vt 0.6972656 0.4378531
v -0.4620062 0.0505003 -0.3931577
vt 0.6191406 0.3813559
v -0.4423229 0.0504663 -0.4412573
vt 0.6191406 0.3418079
f 506/362 507/363 508/364
v -0.4423229 0.0504663 -0.4412573
vt 0.6191406 0.3418079
v -0.3502373 0.0503120 -0.7788165
vt 0.7050781 0.3418079
v -0.5205499 0.0506188 -0.6595289
vt 0.7324219 0.3983051
f 509/365 510/366 511/367
v -0.5205499 0.0506188 -0.6595289
vt 0.7324219 0.3983051
v -0.5096834 0.0505815 -0.2496729
vt 0.6972656 0.4378531
v -0.4423229 0.0504663 -0.4412573
vt 0.6191406 0.3418079
f 512/368 513/369 514/370
v -0.5491950 0.0506618 -0.4368622
vt 0.7324219 0.3983051
v -0.4177255 0.0504167 -0.3334567
vt 0.7050781 0.3418079
v -0.4322524 0.0504564 -0.6421069
vt 0.6191406 0.3418079
f 515/371 516/372 517/373
v -0.5491950 0.0506618 -0.4368622
vt 0.7324219 0.3983051
v -0.4322524 0.0504564 -0.6421069
vt 0.6191406 0.3418079
v -0.4616849 0.0505105 -0.6479142
vt 0.6972656 0.4378531
f 518/374 519/375 520/376
v -0.3502373 0.0503120 -0.7788165
vt 0.7050781 0.3418079
v -0.4423229 0.0504663 -0.4412573
vt 0.6191406 0.3418079
v -0.4177255 0.0504167 -0.3334567
vt 0.7050781 0.3418079
v -0.4322524 0.0504564 -0.6421069
vt 0.6191406 0.3418079
f 521/377 522/378 523/379
f 521/377 523/379 524/380
v -0.5205499 0.0506188 -0.6595289
vt 0.7324219 0.3983051
v -0.3502373 0.0503120 -0.7788165
vt 0.7050781 0.3418079
v -0.5491950 0.0506618 -0.4368622
vt 0.7324219 0.3983051
v -0.4177255 0.0504167 -0.3334567
vt 0.7050781 0.3418079
f 525/381 526/382 527/383
f 525/381 527/383 528/384
v -0.5491950 0.0506618 -0.4368622
vt 0.7324219 0.3983051
v -0.4616849 0.0505105 -0.6479142
vt 0.6972656 0.4378531
v -0.5205499 0.0506188 -0.6595289
vt 0.7324219 0.3983051
v -0.5096834 0.0505815 -0.2496729
vt 0.6972656 0.4378531
f 529/385 530/386 531/387
f 529/385 531/387 532/388
g bone_07
usemtl rgb_001_000_000
v 0.0238955 1.2476912 -0.0157728
v -0.0513237 1.2380180 -0.0107230
v -0.1260173 1.2221497 -0.0340695
f 533 534 535
v -0.0513237 1.2380180 -0.0107230
v 0.0238955 1.2476912 -0.0157728
v -0.3265857 1.1850577 -0.0717725
f 536 537 538
v -0.3265857 1.1850577 -0.0717725
v 0.0238955 1.2476912 -0.0157728
v -0.1962029 1.2262792 0.0302184
f 539 540 541
v -0.3180705 1.2228311 0.0937590
v 0.0238955 1.2476912 -0.0157728
v -0.1260173 1.2221497 -0.0340695
f 542 543 544
v -0.1962029 1.2262792 0.0302184
v 0.0238955 1.2476912 -0.0157728
v -0.2044677 1.1896168 -0.1304445
f 545 546 547
v -0.1178027 1.2585899 0.1256197
v 0.0238955 1.2476912 -0.0157728
v -0.1207579 1.2454803 0.0681706
f 548 549 550
v -0.1207579 1.2454803 0.0681706
v 0.0238955 1.2476912 -0.0157728
v -0.3180705 1.2228311 0.0937590
f 551 552 553
v -0.2044677 1.1896168 -0.1304445
v 0.0238955 1.2476912 -0.0157728
v -0.1178027 1.2585899 0.1256197
f 554 555 556
usemtl clut_848_502
v -0.3180705 1.2228311 0.0937590
vt 0.2480469 0.7259887
v 0.0695421 1.2370221 -0.0937379
vt 0.2128906 0.8276836
v 0.0707943 1.2425770 -0.0693950
vt 0.2597656 0.9689266
f 557/389 558/390 559/391
v -0.3180705 1.2228311 0.0937590
vt 0.2480469 0.7259887
v 0.0707943 1.2425770 -0.0693950
vt 0.2597656 0.9689266
v -0.1207579 1.2454803 0.0681706
vt 0.3261719 0.7259887
f 560/392 561/393 562/394
v -0.2276917 1.1931738 -0.0992517
vt 0.2128906 0.8276836
v -0.3265857 1.1850577 -0.0717725
vt 0.1738281 0.7372881
v -0.2044677 1.1896168 -0.1304445
vt 0.2480469 0.7259887
f 563/395 564/396 565/397
v -0.1260173 1.2221497 -0.0340695
vt 0.2207031 0.6694915
v -0.0513237 1.2380180 -0.0107230
vt 0.1738281 0.7372881
v -0.3180705 1.2228311 0.0937590
vt 0.2480469 0.7259887
f 566/398 567/399 568/400
v -0.3180705 1.2228311 0.0937590
vt 0.2480469 0.7259887
v -0.0513237 1.2380180 -0.0107230
vt 0.1738281 0.7372881
v 0.0695421 1.2370221 -0.0937379
vt 0.2128906 0.8276836
f 569/401 570/402 571/403
v -0.2044677 1.1896168 -0.1304445
vt 0.2480469 0.7259887
v -0.3265857 1.1850577 -0.0717725
vt 0.1738281 0.7372881
v -0.1962029 1.2262792 0.0302184
vt 0.2207031 0.6694915
f 572/404 573/405 574/406
usemtl clut_880_502
v -0.2276917 1.1931738 -0.0992517
vt 0.9082031 0.1723164
v -0.0972835 1.2430343 0.0418463
vt 0.9277344 0.3248588
v 0.0695421 1.2370221 -0.0937379
vt 0.9511719 0.1723164
f 575/407 576/408 577/409
usemtl clut_848_502
v -0.0972835 1.2430343 0.0418463
vt 0.2207031 0.9858757
v -0.2276917 1.1931738 -0.0992517
vt 0.2128906 0.8276836
v -0.2224323 1.2165044 0.0029883
vt 0.2597656 0.9689266
f 578/410 579/411 580/412
v -0.1924963 1.2427217 0.1022732
vt 0.3066406 0.9971751
v -0.2224323 1.2165044 0.0029883
vt 0.2597656 0.9689266
v -0.1178027 1.2585899 0.1256197
vt 0.3261719 0.7259887
f 581/413 582/414 583/415
v 0.0707943 1.2425770 -0.0693950
vt 0.2597656 0.9689266
v 0.0695421 1.2370221 -0.0937379
vt 0.2128906 0.8276836
v -0.0972835 1.2430343 0.0418463
vt 0.2207031 0.9858757
f 584/416 585/417 586/418
v -0.2224323 1.2165044 0.0029883
vt 0.2597656 0.9689266
v -0.2276917 1.1931738 -0.0992517
vt 0.2128906 0.8276836
v -0.2044677 1.1896168 -0.1304445
vt 0.2480469 0.7259887
f 587/419 588/420 589/421
v -0.1924963 1.2427217 0.1022732
vt 0.3066406 0.9971751
v -0.0972835 1.2430343 0.0418463
vt 0.2207031 0.9858757
v -0.2224323 1.2165044 0.0029883
vt 0.2597656 0.9689266
f 590/422 591/423 592/424
v 0.0707943 1.2425770 -0.0693950
vt 0.2597656 0.9689266
v -0.0972835 1.2430343 0.0418463
vt 0.2207031 0.9858757
v -0.0972835 1.2430343 0.0418463
vt 0.3066406 0.9971751
f 593/425 594/426 595/427
v -0.0972835 1.2430343 0.0418463
vt 0.3066406 0.9971751
v -0.0972835 1.2430343 0.0418463
vt 0.2207031 0.9858757
v -0.1924963 1.2427217 0.1022732
vt 0.3066406 0.9971751
f 596/428 597/429 598/430
v -0.1207579 1.2454803 0.0681706
vt 0.3261719 0.7259887
v 0.0707943 1.2425770 -0.0693950
vt 0.2597656 0.9689266
v -0.0972835 1.2430343 0.0418463
vt 0.3066406 0.9971751
f 599/431 600/432 601/433
v -0.1178027 1.2585899 0.1256197
vt 0.3261719 0.7259887
v -0.2224323 1.2165044 0.0029883
vt 0.2597656 0.9689266
v -0.2044677 1.1896168 -0.1304445
vt 0.2480469 0.7259887
f 602/434 603/435 604/436
usemtl clut_880_502
v -0.0513237 1.2380180 -0.0107230
vt 0.9433594 0.0875706
v -0.3265857 1.1850577 -0.0717725
vt 0.9160156 0.0875706
v 0.0695421 1.2370221 -0.0937379
vt 0.9511719 0.1723164
v -0.2276917 1.1931738 -0.0992517
vt 0.9082031 0.1723164
f 605/437 606/438 607/439
f 605/437 607/439 608/440
usemtl clut_864_502
v -0.0972835 1.2430343 0.0418463
vt 0.3222656 0.4491525
v -0.1924963 1.2427217 0.1022732
vt 0.3652344 0.4491525
v -0.1207579 1.2454803 0.0681706
vt 0.3144531 0.1779661
v -0.1178027 1.2585899 0.1256197
vt 0.3730469 0.1779661
f 609/441 610/442 611/443
f 609/441 611/443 612/444
g bone_08
usemtl rgb_001_000_000
v 0.1750455 0.8118770 0.0511161
v 0.1980410 0.7895724 0.3030878
v 0.2601010 0.7943994 0.3280928
f 613 614 615
v 0.0635776 0.7791140 0.2489102
v 0.2546915 0.8104834 0.1596498
v -0.0776193 0.7806053 0.0663664
f 616 617 618
v 0.2601010 0.7943994 0.3280928
v 0.1980410 0.7895724 0.3030878
v 0.0546148 0.7878076 0.1507007
f 619 620 621
v -0.0776193 0.7806053 0.0663664
v 0.2546915 0.8104834 0.1596498
v 0.2591277 0.8061806 0.2082585
f 622 623 624
usemtl clut_880_503
v -0.0749033 0.7779709 0.0961269
vt 0.7402344 0.5677966
v 0.2591277 0.8061806 0.2082585
vt 0.7949219 0.4604520
v 0.2546915 0.8104834 0.1596498
vt 0.7246094 0.4491525
f 625/445 626/446 627/447
v 0.1750455 0.8118770 0.0511161
vt 0.7949219 0.4604520
v 0.2362002 0.8175821 0.0662010
vt 0.7402344 0.5677966
v 0.1980410 0.7895724 0.3030878
vt 0.7246094 0.4491525
f 628/448 629/449 630/450
v 0.1193683 0.7791849 0.3143884
vt 0.7832031 0.5677966
v 0.2362002 0.8175821 0.0662010
vt 0.7402344 0.5677966
v 0.1750455 0.8118770 0.0511161
vt 0.7949219 0.4604520
f 631/451 632/452 633/453
v -0.0749033 0.7779709 0.0961269
vt 0.7402344 0.5677966
v 0.1152943 0.7831365 0.2697477
vt 0.7832031 0.5677966
v 0.2591277 0.8061806 0.2082585
vt 0.7949219 0.4604520
f 634/454 635/455 636/456
v 0.2362002 0.8175821 0.0662010
vt 0.7402344 0.5677966
v 0.0546148 0.7878076 0.1507007
vt 0.6738281 0.4491525
v 0.1980410 0.7895724 0.3030878
vt 0.7246094 0.4491525
f 637/457 638/458 639/459
v 0.2056568 0.8092781 0.1136157
vt 0.6855469 0.6073446
v 0.2168830 0.7983892 0.2366254
vt 0.6582031 0.5677966
v 0.2362002 0.8175821 0.0662010
vt 0.7402344 0.5677966
f 640/460 641/461 642/462
v 0.0635776 0.7791140 0.2489102
vt 0.6738281 0.4491525
v -0.0749033 0.7779709 0.0961269
vt 0.7402344 0.5677966
v 0.2546915 0.8104834 0.1596498
vt 0.7246094 0.4491525
f 643/463 644/464 645/465
v -0.0366034 0.7689981 0.2319562
vt 0.6855469 0.6073446
v -0.0749033 0.7779709 0.0961269
vt 0.7402344 0.5677966
v -0.1184720 0.7660453 0.1645706
vt 0.6582031 0.5677966
f 646/466 647/467 648/468
v 0.2362002 0.8175821 0.0662010
vt 0.7402344 0.5677966
v 0.2168830 0.7983892 0.2366254
vt 0.6582031 0.5677966
v 0.0546148 0.7878076 0.1507007
vt 0.6738281 0.4491525
f 649/469 650/470 651/471
v -0.1184720 0.7660453 0.1645706
vt 0.6582031 0.5677966
v -0.0749033 0.7779709 0.0961269
vt 0.7402344 0.5677966
v 0.0635776 0.7791140 0.2489102
vt 0.6738281 0.4491525
f 652/472 653/473 654/474
v 0.1193683 0.7791849 0.3143884
vt 0.7832031 0.5677966
v 0.2056568 0.8092781 0.1136157
vt 0.6855469 0.6073446
v 0.2362002 0.8175821 0.0662010
vt 0.7402344 0.5677966
f 655/475 656/476 657/477
v -0.0366034 0.7689981 0.2319562
vt 0.6855469 0.6073446
v 0.1152943 0.7831365 0.2697477
vt 0.7832031 0.5677966
v -0.0749033 0.7779709 0.0961269
vt 0.7402344 0.5677966
f 658/478 659/479 660/480
usemtl clut_832_504
v 0.1152943 0.7831365 0.2697477
vt 0.1816406 0.2231638
v -0.0776193 0.7806053 0.0663664
vt 0.1894531 0.2062147
v 0.2591277 0.8061806 0.2082585
vt 0.1738281 0.1836158
f 661/481 662/482 663/483
v 0.2601010 0.7943994 0.3280928
vt 0.2167969 0.2062147
v 0.1193683 0.7791849 0.3143884
vt 0.2246094 0.2231638
v 0.1750455 0.8118770 0.0511161
vt 0.2324219 0.1836158
f 664/484 665/485 666/486
usemtl clut_848_504
v 0.2168830 0.7983892 0.2366254
vt 0.0136719 0.2175141
v -0.1184720 0.7660453 0.1645706
vt 0.0332031 0.2175141
v 0.0546148 0.7878076 0.1507007
vt 0.0136719 0.0988701
v 0.0635776 0.7791140 0.2489102
vt 0.0332031 0.0988701
f 667/487 668/488 669/489
f 667/487 669/489 670/490
v -0.0366034 0.7689981 0.2319562
vt 0.0449219 0.2570621
v -0.1184720 0.7660453 0.1645706
vt 0.0332031 0.2175141
v 0.2056568 0.8092781 0.1136157
vt 0.0019531 0.2570621
v 0.2168830 0.7983892 0.2366254
vt 0.0136719 0.2175141
f 671/491 672/492 673/493
f 671/491 673/493 674/494
usemtl rgb_001_000_000
v 0.0635776 0.7791140 0.2489102
v -0.0776193 0.7806053 0.0663664
v 0.0546148 0.7878076 0.1507007
v 0.2601010 0.7943994 0.3280928
f 675 676 677
f 675 677 678
usemtl clut_880_503
v 0.1152943 0.7831365 0.2697477
vt 0.7832031 0.5677966
v -0.0366034 0.7689981 0.2319562
vt 0.6855469 0.6073446
v 0.1193683 0.7791849 0.3143884
vt 0.7832031 0.5677966
v 0.2056568 0.8092781 0.1136157
vt 0.6855469 0.6073446
f 679/495 680/496 681/497
f 679/495 681/497 682/498
usemtl clut_832_504
v 0.1193683 0.7791849 0.3143884
vt 0.2246094 0.2231638
v 0.2601010 0.7943994 0.3280928
vt 0.2167969 0.2062147
v 0.1152943 0.7831365 0.2697477
vt 0.1816406 0.2231638
v -0.0776193 0.7806053 0.0663664
vt 0.1894531 0.2062147
f 683/499 684/500 685/501
f 683/499 685/501 686/502
g bone_09
usemtl rgb_000_000_001
v -0.0195828 0.6191883 0.2093050
v -0.0152003 0.5691690 0.3243044
v -0.0959729 0.6136293 0.2061983
f 687 688 689
v -0.0396200 0.6470112 0.1417003
v -0.0152003 0.5691690 0.3243044
v 0.0638030 0.5795067 0.3170509
f 690 691 692
v 0.0638030 0.5795067 0.3170509
v -0.0152003 0.5691690 0.3243044
v -0.0195828 0.6191883 0.2093050
f 693 694 695
v 0.0558666 0.6048054 0.2577045
v -0.0152003 0.5691690 0.3243044
v -0.0396200 0.6470112 0.1417003
f 696 697 698
v -0.0189853 0.5812346 0.2960008
v -0.0152003 0.5691690 0.3243044
v 0.0558666 0.6048054 0.2577045
f 699 700 701
v -0.0152003 0.5691690 0.3243044
v 0.0774794 0.6014544 0.2698147
v -0.0959729 0.6136293 0.2061983
f 702 703 704
v 0.0774794 0.6014544 0.2698147
v -0.0152003 0.5691690 0.3243044
v 0.2607632 0.6726417 0.1453140
f 705 706 707
v 0.2607632 0.6726417 0.1453140
v -0.0152003 0.5691690 0.3243044
v -0.0189853 0.5812346 0.2960008
f 708 709 710
usemtl clut_848_496
v 0.0653917 0.6399862 0.1794257
vt 0.0917969 0.8559322
v 0.0558666 0.6048054 0.2577045
vt 0.0683594 0.9971751
v -0.0396200 0.6470112 0.1417003
vt 0.0605469 0.9971751
f 711/503 712/504 713/505
v 0.0774794 0.6014544 0.2698147
vt 0.0683594 0.9971751
v 0.2881132 0.5854584 0.3498307
vt 0.0917969 0.8559322
v -0.0959729 0.6136293 0.2061983
vt 0.0605469 0.9971751
f 714/506 715/507 716/508
usemtl rgb_000_000_001
v 0.1020247 0.6870712 0.0795957
v 0.1238803 0.6174024 0.2430264
v -0.0895024 0.5602315 0.3293356
f 717 718 719
v 0.0774794 0.6014544 0.2698147
v -0.0643466 0.6439023 0.1436817
v 0.0684441 0.6302560 0.2022512
f 720 721 722
v -0.1076951 0.6182239 0.1932955
v -0.0382176 0.5606112 0.3390681
v 0.2337759 0.5948091 0.3172726
f 723 724 725
v 0.1269328 0.6076722 0.2658519
v 0.2552687 0.6901561 0.1042281
v 0.2137518 0.6586396 0.1675372
f 726 727 728
v 0.2337759 0.5948091 0.3172726
v -0.0382176 0.5606112 0.3390681
v 0.1238803 0.6174024 0.2430264
f 729 730 731
v 0.2137518 0.6586396 0.1675372
v 0.2552687 0.6901561 0.1042281
v 0.0774794 0.6014544 0.2698147
f 732 733 734
usemtl clut_880_496
v 0.1270549 0.6072830 0.2667649
vt 0.9707031 0.2401130
v 0.0638030 0.5795067 0.3170509
vt 0.9550781 0.3248588
v -0.0195828 0.6191883 0.2093050
vt 0.9824219 0.3248588
f 735/509 736/510 737/511
v -0.0643466 0.6439023 0.1436817
vt 0.9785156 0.0028249
v 0.1020247 0.6870712 0.0795957
vt 0.9589844 0.0028249
v 0.2693100 0.6453969 0.2092254
vt 0.9707031 0.1045198
f 738/512 739/513 740/514
usemtl clut_848_496
v 0.2881132 0.5854584 0.3498307
vt 0.0917969 0.8559322
v 0.2693100 0.6453969 0.2092254
vt 0.0410156 0.7146893
v 0.1270549 0.6072830 0.2667649
vt 0.0214844 0.8559322
f 741/515 742/516 743/517
v 0.2693100 0.6453969 0.2092254
vt 0.0410156 0.7146893
v 0.0653917 0.6399862 0.1794257
vt 0.0917969 0.8559322
v 0.1270549 0.6072830 0.2667649
vt 0.0214844 0.8559322
f 744/518 745/519 746/520
v 0.2552687 0.6901561 0.1042281
vt 0.0917969 0.6864407
v 0.2693100 0.6453969 0.2092254
vt 0.0410156 0.7146893
v 0.2881132 0.5854584 0.3498307
vt 0.0917969 0.8559322
f 747/521 748/522 749/523
v 0.2693100 0.6453969 0.2092254
vt 0.0410156 0.7146893
v 0.1093506 0.6637185 0.1343769
vt 0.0917969 0.6864407
v 0.0653917 0.6399862 0.1794257
vt 0.0917969 0.8559322
f 750/524 751/525 752/526
v -0.0396200 0.6470112 0.1417003
vt 0.0605469 0.9971751
v 0.0638030 0.5795067 0.3170509
vt 0.0292969 0.9406780
v 0.0653917 0.6399862 0.1794257
vt 0.0917969 0.8559322
f 753/527 754/528 755/529
v 0.0653917 0.6399862 0.1794257
vt 0.0917969 0.8559322
v 0.0638030 0.5795067 0.3170509
vt 0.0292969 0.9406780
v 0.1270549 0.6072830 0.2667649
vt 0.0214844 0.8559322
f 756/530 757/531 758/532
v -0.0195828 0.6191883 0.2093050
vt 0.0292969 0.9406780
v 0.2881132 0.5854584 0.3498307
vt 0.0917969 0.8559322
v 0.1270549 0.6072830 0.2667649
vt 0.0214844 0.8559322
f 759/533 760/534 761/535
v -0.0195828 0.6191883 0.2093050
vt 0.0292969 0.9406780
v -0.0959729 0.6136293 0.2061983
vt 0.0605469 0.9971751
v 0.2881132 0.5854584 0.3498307
vt 0.0917969 0.8559322
f 762/536 763/537 764/538
v 0.2337759 0.5948091 0.3172726
vt 0.1503906 0.6299435
v 0.1324272 0.5901577 0.3069379
vt 0.1308594 0.6977401
v -0.1076951 0.6182239 0.1932955
vt 0.1308594 0.5451977
f 765/539 766/540 767/541
v 0.1281538 0.6037801 0.2749821
vt 0.1308594 0.6977401
v 0.2552687 0.6901561 0.1042281
vt 0.1503906 0.6299435
v 0.1269328 0.6076722 0.2658519
vt 0.1308594 0.5451977
f 768/542 769/543 770/544
v 0.2881132 0.5854584 0.3498307
vt 0.0917969 0.8559322
v 0.2607632 0.6726417 0.1453140
vt 0.1503906 0.9971751
v 0.2125308 0.6625317 0.1584070
vt 0.1699219 0.8672316
f 771/545 772/546 773/547
v -0.0189853 0.5812346 0.2960008
vt 0.1503906 0.9971751
v 0.0653917 0.6399862 0.1794257
vt 0.0917969 0.8559322
v 0.2100888 0.6703160 0.1401466
vt 0.1699219 0.8672316
f 774/548 775/549 776/550
v -0.0189853 0.5812346 0.2960008
vt 0.1503906 0.9971751
v 0.0558666 0.6048054 0.2577045
vt 0.0683594 0.9971751
v 0.0653917 0.6399862 0.1794257
vt 0.0917969 0.8559322
f 777/551 778/552 779/553
v 0.0774794 0.6014544 0.2698147
vt 0.0683594 0.9971751
v 0.2607632 0.6726417 0.1453140
vt 0.1503906 0.9971751
v 0.2881132 0.5854584 0.3498307
vt 0.0917969 0.8559322
f 780/554 781/555 782/556
v 0.2137518 0.6586396 0.1675372
vt 0.0917969 0.5451977
v 0.2552687 0.6901561 0.1042281
vt 0.0917969 0.6864407
v 0.1269328 0.6076722 0.2658519
vt 0.1308594 0.5451977
f 783/557 784/558 785/559
v 0.1324272 0.5901577 0.3069379
vt 0.1308594 0.6977401
v 0.1093506 0.6637185 0.1343769
vt 0.0917969 0.6864407
v -0.1076951 0.6182239 0.1932955
vt 0.1308594 0.5451977
f 786/560 787/561 788/562
v 0.2552687 0.6901561 0.1042281
vt 0.0917969 0.6864407
v -0.0643466 0.6439023 0.1436817
vt 0.0019531 0.6186441
v 0.2693100 0.6453969 0.2092254
vt 0.0410156 0.7146893
f 789/563 790/564 791/565
v 0.1093506 0.6637185 0.1343769
vt 0.0917969 0.6864407
v 0.1238803 0.6174024 0.2430264
vt 0.0683594 0.5734463
v -0.0382176 0.5606112 0.3390681
vt 0.0917969 0.5451977
f 792/566 793/567 794/568
v 0.2552687 0.6901561 0.1042281
vt 0.0917969 0.6864407
v 0.3284092 0.6208671 0.2773913
vt 0.0214844 0.5734463
v -0.0643466 0.6439023 0.1436817
vt 0.0019531 0.6186441
f 795/569 796/570 797/571
v 0.1281538 0.6037801 0.2749821
vt 0.1308594 0.6977401
v 0.2881132 0.5854584 0.3498307
vt 0.0917969 0.8559322
v 0.2125308 0.6625317 0.1584070
vt 0.1699219 0.8672316
f 798/572 799/573 800/574
v 0.2881132 0.5854584 0.3498307
vt 0.0917969 0.8559322
v 0.1281538 0.6037801 0.2749821
vt 0.1308594 0.6977401
v 0.2552687 0.6901561 0.1042281
vt 0.0917969 0.6864407
f 801/575 802/576 803/577
v 0.1020247 0.6870712 0.0795957
vt 0.0019531 0.6186441
v 0.1093506 0.6637185 0.1343769
vt 0.0917969 0.6864407
v 0.2693100 0.6453969 0.2092254
vt 0.0410156 0.7146893
f 804/578 805/579 806/580
v 0.1020247 0.6870712 0.0795957
vt 0.0019531 0.6186441
v 0.3114375 0.6749673 0.1504814
vt 0.0214844 0.5734463
v 0.1093506 0.6637185 0.1343769
vt 0.0917969 0.6864407
f 807/581 808/582 809/583
v 0.1093506 0.6637185 0.1343769
vt 0.0917969 0.6864407
v 0.3114375 0.6749673 0.1504814
vt 0.0214844 0.5734463
v 0.1238803 0.6174024 0.2430264
vt 0.0683594 0.5734463
f 810/584 811/585 812/586
v 0.0653917 0.6399862 0.1794257
vt 0.0917969 0.8559322
v 0.1324272 0.5901577 0.3069379
vt 0.1308594 0.6977401
v 0.2100888 0.6703160 0.1401466
vt 0.1699219 0.8672316
f 813/587 814/588 815/589
v 0.1324272 0.5901577 0.3069379
vt 0.1308594 0.6977401
v 0.0653917 0.6399862 0.1794257
vt 0.0917969 0.8559322
v 0.1093506 0.6637185 0.1343769
vt 0.0917969 0.6864407
f 816/590 817/591 818/592
v 0.1269328 0.6076722 0.2658519
vt 0.1308594 0.5451977
v 0.2552687 0.6901561 0.1042281
vt 0.0917969 0.6864407
v 0.1281538 0.6037801 0.2749821
vt 0.1308594 0.6977401
f 819/593 820/594 821/595
v -0.1076951 0.6182239 0.1932955
vt 0.1308594 0.5451977
v 0.1093506 0.6637185 0.1343769
vt 0.0917969 0.6864407
v -0.0382176 0.5606112 0.3390681
vt 0.0917969 0.5451977
f 822/596 823/597 824/598
usemtl rgb_000_000_001
v -0.0643466 0.6439023 0.1436817
v 0.0774794 0.6014544 0.2698147
v 0.1020247 0.6870712 0.0795957
v 0.1238803 0.6174024 0.2430264
f 825 826 827
f 825 827 828
v 0.0774794 0.6014544 0.2698147
v 0.2552687 0.6901561 0.1042281
v 0.1238803 0.6174024 0.2430264
v 0.2337759 0.5948091 0.3172726
f 829 830 831
f 829 831 832
usemtl clut_864_496
v 0.2100888 0.6703160 0.1401466
vt 0.9980469 0.8672316
v 0.2125308 0.6625317 0.1584070
vt 0.9394531 0.8672316
v -0.0189853 0.5812346 0.2960008
vt 0.9863281 0.9971751
v 0.2607632 0.6726417 0.1453140
vt 0.9472656 0.9971751
f 833/599 834/600 835/601
f 833/599 835/601 836/602
v 0.1324272 0.5901577 0.3069379
vt 0.9902344 0.6977401
v 0.1281538 0.6037801 0.2749821
vt 0.9472656 0.6977401
v 0.2100888 0.6703160 0.1401466
vt 0.9980469 0.8672316
v 0.2125308 0.6625317 0.1584070
vt 0.9394531 0.8672316
f 837/603 838/604 839/605
f 837/603 839/605 840/606
v 0.2552687 0.6901561 0.1042281
vt 0.9472656 0.6299435
v 0.1281538 0.6037801 0.2749821
vt 0.9472656 0.6977401
v 0.2337759 0.5948091 0.3172726
vt 0.9863281 0.6299435
v 0.1324272 0.5901577 0.3069379
vt 0.9902344 0.6977401
f 841/607 842/608 843/609
f 841/607 843/609 844/610
usemtl clut_848_496
v 0.3284092 0.6208671 0.2773913
vt 0.0214844 0.5734463
v 0.2552687 0.6901561 0.1042281
vt 0.0917969 0.6864407
v 0.0774794 0.6014544 0.2698147
vt 0.0683594 0.5734463
v 0.2137518 0.6586396 0.1675372
vt 0.0917969 0.5451977
f 845/611 846/612 847/613
f 845/611 847/613 848/614
g bone_10
usemtl clut_832_496
v -0.0102326 0.0300145 -0.1451901
vt 0.6542969 0.3361582
v 0.0022408 0.0022843 -0.0311750
vt 0.5332031 0.3361582
v -0.0092812 0.0278995 -0.1364941
vt 0.5332031 0.3361582
f 849/615 850/616 851/617
v 0.0022408 0.0022843 -0.0311750
vt 0.5332031 0.3361582
v 0.0664184 0.0133036 -0.0458655
vt 0.6074219 0.2966102
v 0.0570105 0.0342188 -0.1318600
vt 0.5332031 0.2401130
f 852/618 853/619 854/620
v 0.2484176 0.0721081 -0.1953323
vt 0.6464844 0.3079096
v 0.0664184 0.0133036 -0.0458655
vt 0.6074219 0.2966102
v -0.0102326 0.0300145 -0.1451901
vt 0.6542969 0.3361582
f 855/621 856/622 857/623
v -0.0092812 0.0278995 -0.1364941
vt 0.5332031 0.3361582
v 0.0591246 0.0295187 -0.1125354
vt 0.6074219 0.2966102
v -0.0102326 0.0300145 -0.1451901
vt 0.6542969 0.3361582
f 858/624 859/625 860/626
v 0.3608941 0.0549281 -0.0783071
vt 0.5878906 0.2401130
v 0.0591246 0.0295187 -0.1125354
vt 0.6074219 0.2966102
v 0.2646963 0.0359177 -0.0465329
vt 0.5332031 0.2401130
f 861/627 862/628 863/629
v 0.0570105 0.0342188 -0.1318600
vt 0.5332031 0.2401130
v 0.0664184 0.0133036 -0.0458655
vt 0.6074219 0.2966102
v 0.2179188 0.0234751 -0.0185679
vt 0.5878906 0.2401130
f 864/630 865/631 866/632
v 0.2646963 0.0359177 -0.0465329
vt 0.5332031 0.2401130
v 0.0591246 0.0295187 -0.1125354
vt 0.6074219 0.2966102
v -0.0092812 0.0278995 -0.1364941
vt 0.5332031 0.3361582
f 867/633 868/634 869/635
v -0.0102326 0.0300145 -0.1451901
vt 0.6542969 0.3361582
v 0.0664184 0.0133036 -0.0458655
vt 0.6074219 0.2966102
v 0.0022408 0.0022843 -0.0311750
vt 0.5332031 0.3361582
f 870/636 871/637 872/638
v -0.0102326 0.0300145 -0.1451901
vt 0.6542969 0.3361582
v 0.0591246 0.0295187 -0.1125354
vt 0.6074219 0.2966102
v 0.0543678 0.0400938 -0.1560157
vt 0.6464844 0.3079096
f 873/639 874/640 875/641
v 0.0543678 0.0400938 -0.1560157
vt 0.6464844 0.3079096
v 0.2484176 0.0721081 -0.1953323
vt 0.6464844 0.3079096
v -0.0102326 0.0300145 -0.1451901
vt 0.6542969 0.3361582
f 876/642 877/643 878/644
v -0.0092812 0.0278995 -0.1364941
vt 0.5332031 0.3361582
v 0.0022408 0.0022843 -0.0311750
vt 0.5332031 0.3361582
v 0.2646963 0.0359177 -0.0465329
vt 0.5332031 0.2401130
v 0.0570105 0.0342188 -0.1318600
vt 0.5332031 0.2401130
f 879/645 880/646 881/647
f 879/645 881/647 882/648
v 0.2179188 0.0234751 -0.0185679
vt 0.5878906 0.2401130
v 0.3608941 0.0549281 -0.0783071
vt 0.5878906 0.2401130
v 0.0570105 0.0342188 -0.1318600
vt 0.5332031 0.2401130
v 0.2646963 0.0359177 -0.0465329
vt 0.5332031 0.2401130
f 883/649 884/650 885/651
f 883/649 885/651 886/652
v 0.0591246 0.0295187 -0.1125354
vt 0.6074219 0.2966102
v 0.0664184 0.0133036 -0.0458655
vt 0.6074219 0.2966102
v 0.0543678 0.0400938 -0.1560157
vt 0.6464844 0.3079096
v 0.2484176 0.0721081 -0.1953323
vt 0.6464844 0.3079096
f 887/653 888/654 889/655
f 887/653 889/655 890/656
v 0.3608941 0.0549281 -0.0783071
vt 0.5878906 0.2401130
v 0.2179188 0.0234751 -0.0185679
vt 0.5878906 0.2401130
v 0.0591246 0.0295187 -0.1125354
vt 0.6074219 0.2966102
v 0.0664184 0.0133036 -0.0458655
vt 0.6074219 0.2966102
f 891/657 892/658 893/659
f 891/657 893/659 894/660
g bone_11
usemtl clut_832_503
v 0.2221931 0.0500088 0.0826333
vt 0.6191406 0.3813559
v 0.2262099 0.0410787 0.1193501
vt 0.6972656 0.4378531
v 0.3755276 0.0584316 0.1175846
vt 0.6972656 0.4378531
f 895/661 896/662 897/663
v 0.1706217 0.0458948 0.0758902
vt 0.6191406 0.3418079
v 0.1679791 0.0517699 0.0517345
vt 0.6191406 0.3418079
v 0.1796067 0.0259196 0.1580198
vt 0.5644531 0.3531073
f 898/664 899/665 900/666
v 0.1796067 0.0259196 0.1580198
vt 0.5644531 0.3531073
v 0.2221931 0.0500088 0.0826333
vt 0.6191406 0.3813559
v 0.1706217 0.0458948 0.0758902
vt 0.6191406 0.3418079
f 901/667 902/668 903/669
v 0.2221931 0.0500088 0.0826333
vt 0.6191406 0.3813559
v 0.1796067 0.0259196 0.1580198
vt 0.5644531 0.3531073
v 0.1679791 0.0517699 0.0517345
vt 0.6191406 0.3418079
f 904/670 905/671 906/672
v 0.1679791 0.0517699 0.0517345
vt 0.6191406 0.3418079
v 0.2262099 0.0410787 0.1193501
vt 0.6972656 0.4378531
v 0.2221931 0.0500088 0.0826333
vt 0.6191406 0.3813559
f 907/673 908/674 909/675
v 0.3755276 0.0584316 0.1175846
vt 0.6972656 0.4378531
v 0.1706217 0.0458948 0.0758902
vt 0.6191406 0.3418079
v 0.2221931 0.0500088 0.0826333
vt 0.6191406 0.3813559
f 910/676 911/677 912/678
v 0.1706217 0.0458948 0.0758902
vt 0.6191406 0.3418079
v -0.0171913 0.0000154 0.1722144
vt 0.7324219 0.3983051
v -0.0308274 0.0303307 0.0475707
vt 0.7050781 0.3418079
f 913/679 914/680 915/681
v -0.0171913 0.0000154 0.1722144
vt 0.7324219 0.3983051
v 0.1706217 0.0458948 0.0758902
vt 0.6191406 0.3418079
v 0.3755276 0.0584316 0.1175846
vt 0.6972656 0.4378531
f 916/682 917/683 918/684
v 0.2641081 0.0732616 0.0102218
vt 0.7324219 0.3983051
v 0.1679791 0.0517699 0.0517345
vt 0.6191406 0.3418079
v 0.2063253 0.0247384 0.1744735
vt 0.7050781 0.3418079
f 919/685 920/686 921/687
v 0.2641081 0.0732616 0.0102218
vt 0.7324219 0.3983051
v 0.2262099 0.0410787 0.1193501
vt 0.6972656 0.4378531
v 0.1679791 0.0517699 0.0517345
vt 0.6191406 0.3418079
f 922/688 923/689 924/690
v -0.0308274 0.0303307 0.0475707
vt 0.7050781 0.3418079
v 0.2063253 0.0247384 0.1744735
vt 0.7050781 0.3418079
v 0.1706217 0.0458948 0.0758902
vt 0.6191406 0.3418079
v 0.1679791 0.0517699 0.0517345
vt 0.6191406 0.3418079
f 925/691 926/692 927/693
f 925/691 927/693 928/694
v -0.0171913 0.0000154 0.1722144
vt 0.7324219 0.3983051
v 0.2641081 0.0732616 0.0102218
vt 0.7324219 0.3983051
v -0.0308274 0.0303307 0.0475707
vt 0.7050781 0.3418079
v 0.2063253 0.0247384 0.1744735
vt 0.7050781 0.3418079
f 929/695 930/696 931/697
f 929/695 931/697 932/698
v 0.2641081 0.0732616 0.0102218
vt 0.7324219 0.3983051
v -0.0171913 0.0000154 0.1722144
vt 0.7324219 0.3983051
v 0.2262099 0.0410787 0.1193501
vt 0.6972656 0.4378531
v 0.3755276 0.0584316 0.1175846
vt 0.6972656 0.4378531
f 933/699 934/700 935/701
f 933/699 935/701 936/702
g bone_12
usemtl clut_864_497
v -0.2733050 1.5539750 0.2267345
vt 0.4511719 0.5112994
v -0.3874953 1.4977859 0.1981799
vt 0.4707031 0.6412429
v -0.4538906 1.4809017 0.0284136
vt 0.4394531 0.5847458
f 937/703 938/704 939/705
v -0.4566144 1.4742375 0.0793859
vt 0.4707031 0.6412429
v -0.1612712 1.6505640 -0.1475114
vt 0.4511719 0.5112994
v -0.1280259 1.6607960 -0.0797540
vt 0.4394531 0.5847458
f 940/706 941/707 942/708
usemtl clut_832_498
v -0.1293092 1.6651851 -0.1287855
vt 0.6230469 0.7316384
v -0.2734722 1.5868611 -0.0931709
vt 0.5996094 0.7881356
v -0.3520152 1.5536405 -0.1654716
vt 0.5996094 0.7881356
f 943/709 944/710 945/711
v -0.3520152 1.5536405 -0.1654716
vt 0.5996094 0.7881356
v -0.2734722 1.5868611 -0.0931709
vt 0.5996094 0.7881356
v -0.3520152 1.5536405 -0.1654716
vt 0.5800781 0.7316384
f 946/712 947/713 948/714
usemtl rgb_001_000_000
v -0.1293092 1.6651851 -0.1287855
v -0.4209404 1.5230373 -0.2148452
v -0.3520152 1.5536405 -0.1654716
f 949 950 951
v -0.3520152 1.5536405 -0.1654716
v -0.4209404 1.5230373 -0.2148452
v -0.3520152 1.5536405 -0.1654716
f 952 953 954
v -0.1612712 1.6505640 -0.1475114
v -0.4209404 1.5230373 -0.2148452
v -0.1293092 1.6651851 -0.1287855
f 955 956 957
v -0.4209404 1.5230373 -0.2148452
v -0.2733050 1.5539750 0.2267345
v -0.3520152 1.5536405 -0.1654716
f 958 959 960
v -0.3520152 1.5536405 -0.1654716
v -0.4209404 1.5230373 -0.2148452
v -0.1612712 1.6505640 -0.1475114
f 961 962 963
v -0.2733050 1.5539750 0.2267345
v -0.4209404 1.5230373 -0.2148452
v -0.1601508 1.6591611 -0.2252920
f 964 965 966
v -0.1601508 1.6591611 -0.2252920
v -0.4209404 1.5230373 -0.2148452
v -0.3520152 1.5536405 -0.1654716
f 967 968 969
v -0.3784531 1.4931391 0.2886932
v -0.1981302 1.5955188 0.2013603
v -0.1388228 1.6235046 0.2278070
f 970 971 972
v -0.3632335 1.5387417 -0.0772833
v -0.1388228 1.6235046 0.2278070
v -0.4834488 1.4704885 -0.0190614
f 973 974 975
v -0.1388228 1.6235046 0.2278070
v -0.3632335 1.5387417 -0.0772833
v -0.3784531 1.4931391 0.2886932
f 976 977 978
v -0.3784531 1.4931391 0.2886932
v -0.3632335 1.5387417 -0.0772833
v -0.3063239 1.5340910 0.2537600
f 979 980 981
v -0.1981302 1.5955188 0.2013603
v -0.2843058 1.5720670 -0.0040655
v 0.0102460 1.6996099 0.2383660
f 982 983 984
v -0.3063239 1.5340910 0.2537600
v -0.2843058 1.5720670 -0.0040655
v -0.3784531 1.4931391 0.2886932
f 985 986 987
v -0.3784531 1.4931391 0.2886932
v -0.2843058 1.5720670 -0.0040655
v -0.1981302 1.5955188 0.2013603
f 988 989 990
usemtl clut_832_498
v -0.1981302 1.5955188 0.2013603
vt 0.6230469 0.9689266
v -0.0899364 1.6569466 0.1489606
vt 0.5996094 0.9237288
v -0.1388228 1.6235046 0.2278070
vt 0.5800781 0.9689266
f 991/715 992/716 993/717
v -0.4538906 1.4809017 0.0284136
vt 0.5175781 0.8672316
v -0.0899364 1.6569466 0.1489606
vt 0.5996094 0.9237288
v -0.2843058 1.5720670 -0.0040655
vt 0.5605469 0.8333333
f 994/718 995/719 996/720
v -0.1280259 1.6607960 -0.0797540
vt 0.6855469 0.8672316
v -0.4321587 1.5081384 -0.1266569
vt 0.6425781 0.8333333
v -0.0899364 1.6569466 0.1489606
vt 0.5996094 0.9237288
f 997/721 998/722 999/723
v -0.2843058 1.5720670 -0.0040655
vt 0.5605469 0.8333333
v -0.0899364 1.6569466 0.1489606
vt 0.5996094 0.9237288
v -0.3520152 1.5536405 -0.1654716
vt 0.5996094 0.7881356
f 1000/724 1001/725 1002/726
v -0.0899364 1.6569466 0.1489606
vt 0.5996094 0.9237288
v -0.4321587 1.5081384 -0.1266569
vt 0.6425781 0.8333333
v -0.3520152 1.5536405 -0.1654716
vt 0.5996094 0.7881356
f 1003/727 1004/728 1005/729
v -0.3520152 1.5536405 -0.1654716
vt 0.5800781 0.7316384
v -0.2843058 1.5720670 -0.0040655
vt 0.5605469 0.8333333
v -0.3520152 1.5536405 -0.1654716
vt 0.5996094 0.7881356
f 1006/730 1007/731 1008/732
v -0.4538906 1.4809017 0.0284136
vt 0.5175781 0.8672316
v -0.2843058 1.5720670 -0.0040655
vt 0.5605469 0.8333333
v -0.2733050 1.5539750 0.2267345
vt 0.5253906 0.7824859
f 1009/733 1010/734 1011/735
v -0.4321587 1.5081384 -0.1266569
vt 0.6425781 0.8333333
v -0.1293092 1.6651851 -0.1287855
vt 0.6230469 0.7316384
v -0.3520152 1.5536405 -0.1654716
vt 0.5996094 0.7881356
f 1012/736 1013/737 1014/738
v -0.1293092 1.6651851 -0.1287855
vt 0.6230469 0.7316384
v -0.4321587 1.5081384 -0.1266569
vt 0.6425781 0.8333333
v -0.1612712 1.6505640 -0.1475114
vt 0.6777344 0.7824859
f 1015/739 1016/740 1017/741
v -0.1612712 1.6505640 -0.1475114
vt 0.6777344 0.7824859
v -0.4321587 1.5081384 -0.1266569
vt 0.6425781 0.8333333
v -0.1280259 1.6607960 -0.0797540
vt 0.6855469 0.8672316
f 1018/742 1019/743 1020/744
v -0.2733050 1.5539750 0.2267345
vt 0.5253906 0.7824859
v -0.2843058 1.5720670 -0.0040655
vt 0.5605469 0.8333333
v -0.3520152 1.5536405 -0.1654716
vt 0.5800781 0.7316384
f 1021/745 1022/746 1023/747
v 0.0102460 1.6996099 0.2383660
vt 0.6542969 0.9971751
v -0.4566144 1.4742375 0.0793859
vt 0.6777344 0.9237288
v -0.1981302 1.5955188 0.2013603
vt 0.6230469 0.9689266
f 1024/748 1025/749 1026/750
v -0.3874953 1.4977859 0.1981799
vt 0.5253906 0.9237288
v -0.4834488 1.4704885 -0.0190614
vt 0.5488281 0.9971751
v -0.1388228 1.6235046 0.2278070
vt 0.5800781 0.9689266
f 1027/751 1028/752 1029/753
usemtl clut_880_497
v -0.3063239 1.5340910 0.2537600
vt 0.4199219 0.9971751
v -0.3632335 1.5387417 -0.0772833
vt 0.5058594 0.9971751
v -0.2718716 1.5991426 -0.2042862
vt 0.4199219 0.8559322
f 1030/754 1031/755 1032/756
v -0.3520152 1.5536405 -0.1654716
vt 0.3300781 0.7994350
v -0.2843058 1.5720670 -0.0040655
vt 0.3378906 0.9971751
v -0.2718716 1.5991426 -0.2042862
vt 0.4199219 0.8559322
f 1033/757 1034/758 1035/759
v -0.3520152 1.5536405 -0.1654716
vt 0.4628906 0.7429379
v -0.2718716 1.5991426 -0.2042862
vt 0.4199219 0.8559322
v -0.1601508 1.6591611 -0.2252920
vt 0.5136719 0.7994350
f 1036/760 1037/761 1038/762
v -0.3520152 1.5536405 -0.1654716
vt 0.4628906 0.7429379
v -0.2109490 1.5683384 0.4006639
vt 0.3808594 0.7429379
v -0.2718716 1.5991426 -0.2042862
vt 0.4199219 0.8559322
f 1039/763 1040/764 1041/765
v -0.2718716 1.5991426 -0.2042862
vt 0.4199219 0.8559322
v -0.2109490 1.5683384 0.4006639
vt 0.3808594 0.7429379
v -0.3520152 1.5536405 -0.1654716
vt 0.3300781 0.7994350
f 1042/766 1043/767 1044/768
v -0.2718716 1.5991426 -0.2042862
vt 0.4199219 0.8559322
v -0.2843058 1.5720670 -0.0040655
vt 0.3378906 0.9971751
v -0.3063239 1.5340910 0.2537600
vt 0.4199219 0.9971751
f 1045/769 1046/770 1047/771
v -0.2718716 1.5991426 -0.2042862
vt 0.4199219 0.8559322
v -0.3632335 1.5387417 -0.0772833
vt 0.5058594 0.9971751
v -0.1601508 1.6591611 -0.2252920
vt 0.5136719 0.7994350
f 1048/772 1049/773 1050/774
usemtl clut_864_497
v -0.4834488 1.4704885 -0.0190614
vt 0.4707031 0.7146893
v -0.3874953 1.4977859 0.1981799
vt 0.4707031 0.6412429
v -0.3632335 1.5387417 -0.0772833
vt 0.5605469 0.7259887
f 1051/775 1052/776 1053/777
v -0.2843058 1.5720670 -0.0040655
vt 0.5605469 0.7259887
v -0.4566144 1.4742375 0.0793859
vt 0.4707031 0.6412429
v 0.0102460 1.6996099 0.2383660
vt 0.4707031 0.7146893
f 1054/778 1055/779 1056/780
usemtl clut_832_498
v -0.1981302 1.5955188 0.2013603
vt 0.6230469 0.9689266
v -0.1280259 1.6607960 -0.0797540
vt 0.6855469 0.8672316
v -0.0899364 1.6569466 0.1489606
vt 0.5996094 0.9237288
f 1057/781 1058/782 1059/783
v -0.1280259 1.6607960 -0.0797540
vt 0.6855469 0.8672316
v -0.1981302 1.5955188 0.2013603
vt 0.6230469 0.9689266
v -0.4566144 1.4742375 0.0793859
vt 0.6777344 0.9237288
f 1060/784 1061/785 1062/786
v -0.4538906 1.4809017 0.0284136
vt 0.5175781 0.8672316
v -0.1388228 1.6235046 0.2278070
vt 0.5800781 0.9689266
v -0.0899364 1.6569466 0.1489606
vt 0.5996094 0.9237288
f 1063/787 1064/788 1065/789
v -0.1388228 1.6235046 0.2278070
vt 0.5800781 0.9689266
v -0.4538906 1.4809017 0.0284136
vt 0.5175781 0.8672316
v -0.3874953 1.4977859 0.1981799
vt 0.5253906 0.9237288
f 1066/790 1067/791 1068/792
usemtl clut_864_497
v -0.3632335 1.5387417 -0.0772833
vt 0.5605469 0.7259887
v -0.3874953 1.4977859 0.1981799
vt 0.4707031 0.6412429
v -0.1601508 1.6591611 -0.2252920
vt 0.5605469 0.5282486
f 1069/793 1070/794 1071/795
v -0.1612712 1.6505640 -0.1475114
vt 0.4511719 0.5112994
v -0.4566144 1.4742375 0.0793859
vt 0.4707031 0.6412429
v -0.3520152 1.5536405 -0.1654716
vt 0.5605469 0.5282486
f 1072/796 1073/797 1074/798
v -0.3520152 1.5536405 -0.1654716
vt 0.5605469 0.5282486
v -0.4566144 1.4742375 0.0793859
vt 0.4707031 0.6412429
v -0.2843058 1.5720670 -0.0040655
vt 0.5605469 0.7259887
f 1075/799 1076/800 1077/801
v -0.1601508 1.6591611 -0.2252920
vt 0.5605469 0.5282486
v -0.3874953 1.4977859 0.1981799
vt 0.4707031 0.6412429
v -0.2733050 1.5539750 0.2267345
vt 0.4511719 0.5112994
f 1078/802 1079/803 1080/804
usemtl rgb_001_000_000
v -0.1601508 1.6591611 -0.2252920
v -0.3520152 1.5536405 -0.1654716
v -0.3520152 1.5536405 -0.1654716
v -0.2109490 1.5683384 0.4006639
f 1081 1082 1083
f 1081 1083 1084
g bone_13
usemtl clut_848_498
v -0.2287837 1.7428052 0.0701620
vt 0.9355469 0.6129944
v -0.6550176 1.5475122 0.1463878
vt 0.9042969 0.6129944
v -0.6515851 1.6319885 -0.0853490
vt 0.9238281 0.5734463
f 1085/805 1086/806 1087/807
usemtl rgb_001_000_000
v -0.6964518 1.6114314 -0.0773253
v -0.6941299 1.6386010 -0.1505197
v -0.5438909 1.7162575 -0.2019753
f 1088 1089 1090
v -0.4385185 1.7733569 -0.2454072
v -0.4317241 1.7676504 -0.2220348
v -0.4898072 1.6708342 -0.0159305
f 1091 1092 1093
v -0.6400463 1.5931777 0.0355252
v -0.5438909 1.7162575 -0.2019753
v -0.4385185 1.7733569 -0.2454072
f 1094 1095 1096
v -0.4898072 1.6708342 -0.0159305
v -0.2287837 1.7428052 0.0701620
v -0.6400463 1.5931777 0.0355252
f 1097 1098 1099
v -0.4385185 1.7733569 -0.2454072
v -0.4898072 1.6708342 -0.0159305
v -0.6400463 1.5931777 0.0355252
f 1100 1101 1102
v -0.6400463 1.5931777 0.0355252
v -0.2287837 1.7428052 0.0701620
v -0.6515851 1.6319885 -0.0853490
f 1103 1104 1105
v -0.5438909 1.7162575 -0.2019753
v -0.6400463 1.5931777 0.0355252
v -0.6964518 1.6114314 -0.0773253
f 1106 1107 1108
v -0.6400463 1.5931777 0.0355252
v -0.6515851 1.6319885 -0.0853490
v -0.6964518 1.6114314 -0.0773253
f 1109 1110 1111
v -0.4898072 1.6708342 -0.0159305
v -0.4898072 1.6708342 -0.0159305
v -0.6400463 1.5931777 0.0355252
f 1112 1113 1114
v -0.6964518 1.6114314 -0.0773253
v -0.6132551 1.6230921 -0.0184412
v -0.5520442 1.7231053 -0.2300223
f 1115 1116 1117
v -0.4530562 1.7913906 -0.3116525
v -0.4443640 1.7724424 -0.2492794
v -0.5547619 1.7253878 -0.2393713
f 1118 1119 1120
usemtl clut_864_498
v -0.6941299 1.6386010 -0.1505197
vt 0.4863281 0.3474576
v -0.6964518 1.6114314 -0.0773253
vt 0.5527344 0.3644068
v -0.6760309 1.6874635 -0.2668592
vt 0.4863281 0.4774011
f 1121/808 1122/809 1123/810
v -0.4898072 1.6708342 -0.0159305
vt 0.5605469 0.4661017
v -0.4898072 1.6708342 -0.0159305
vt 0.5527344 0.3644068
v -0.5547619 1.7253878 -0.2393713
vt 0.4863281 0.4774011
f 1124/811 1125/812 1126/813
usemtl clut_848_498
v -0.4898072 1.6708342 -0.0159305
vt 0.9238281 0.6581921
v -0.5547619 1.7253878 -0.2393713
vt 0.8457031 0.6977401
v -0.6550176 1.5475122 0.1463878
vt 0.9042969 0.6129944
f 1127/814 1128/815 1129/816
v -0.6515851 1.6319885 -0.0853490
vt 0.9238281 0.5734463
v -0.6550176 1.5475122 0.1463878
vt 0.9042969 0.6129944
v -0.6760309 1.6874635 -0.2668592
vt 0.8457031 0.5282486
f 1130/817 1131/818 1132/819
v -0.6760309 1.6874635 -0.2668592
vt 0.8457031 0.5282486
v -0.5574797 1.7276704 -0.2487203
vt 0.8457031 0.6129944
v -0.4762184 1.6594213 0.0308144
vt 0.7988281 0.5790960
f 1133/820 1134/821 1135/822
v -0.4762184 1.6594213 0.0308144
vt 0.7988281 0.5790960
v -0.5574797 1.7276704 -0.2487203
vt 0.8457031 0.6129944
v -0.4048181 1.7450529 -0.1294798
vt 0.7988281 0.6525424
f 1136/823 1137/824 1138/825
v -0.4048181 1.7450529 -0.1294798
vt 0.7988281 0.6525424
v -0.5574797 1.7276704 -0.2487203
vt 0.8457031 0.6129944
v -0.5547619 1.7253878 -0.2393713
vt 0.8457031 0.6977401
f 1139/826 1140/827 1141/828
usemtl clut_864_498
v -0.5438909 1.7162575 -0.2019753
vt 0.4394531 0.3644068
v -0.6760309 1.6874635 -0.2668592
vt 0.4863281 0.4774011
v -0.4762184 1.6594213 0.0308144
vt 0.4394531 0.5056497
f 1142/829 1143/830 1144/831
v -0.6941299 1.6386010 -0.1505197
vt 0.4863281 0.3474576
v -0.6760309 1.6874635 -0.2668592
vt 0.4863281 0.4774011
v -0.5438909 1.7162575 -0.2019753
vt 0.4394531 0.3644068
f 1145/832 1146/833 1147/834
v -0.4048181 1.7450529 -0.1294798
vt 0.4394531 0.5056497
v -0.5547619 1.7253878 -0.2393713
vt 0.4863281 0.4774011
v -0.4385185 1.7733569 -0.2454072
vt 0.4394531 0.3644068
f 1148/835 1149/836 1150/837
v -0.5547619 1.7253878 -0.2393713
vt 0.4863281 0.4774011
v -0.4317241 1.7676504 -0.2220348
vt 0.4863281 0.3474576
v -0.4385185 1.7733569 -0.2454072
vt 0.4394531 0.3644068
f 1151/838 1152/839 1153/840
usemtl clut_848_498
v -0.4898072 1.6708342 -0.0159305
vt 0.9238281 0.6581921
v -0.6550176 1.5475122 0.1463878
vt 0.9042969 0.6129944
v -0.2287837 1.7428052 0.0701620
vt 0.9355469 0.6129944
f 1154/841 1155/842 1156/843
usemtl clut_864_498
v -0.6964518 1.6114314 -0.0773253
vt 0.5527344 0.3644068
v -0.6515851 1.6319885 -0.0853490
vt 0.5605469 0.4661017
v -0.6760309 1.6874635 -0.2668592
vt 0.4863281 0.4774011
f 1157/844 1158/845 1159/846
v -0.4898072 1.6708342 -0.0159305
vt 0.5527344 0.3644068
v -0.4317241 1.7676504 -0.2220348
vt 0.4863281 0.3474576
v -0.5547619 1.7253878 -0.2393713
vt 0.4863281 0.4774011
f 1160/847 1161/848 1162/849
usemtl clut_848_498
v -0.6550176 1.5475122 0.1463878
vt 0.9042969 0.6129944
v -0.5574797 1.7276704 -0.2487203
vt 0.8457031 0.6129944
v -0.6760309 1.6874635 -0.2668592
vt 0.8457031 0.5282486
f 1163/850 1164/851 1165/852
v -0.5547619 1.7253878 -0.2393713
vt 0.8457031 0.6977401
v -0.5574797 1.7276704 -0.2487203
vt 0.8457031 0.6129944
v -0.6550176 1.5475122 0.1463878
vt 0.9042969 0.6129944
f 1166/853 1167/854 1168/855
usemtl clut_832_499
v -0.4222119 1.7596614 -0.1893133
vt 0.8964844 0.4548023
v -0.5547619 1.7253878 -0.2393713
vt 0.9003906 0.5169492
v -0.5935395 1.6356532 -0.0318020
vt 0.8535156 0.4491525
f 1169/856 1170/857 1171/858
v -0.4443640 1.7724424 -0.2492794
vt 0.8535156 0.5169492
v -0.4530562 1.7913906 -0.3116525
vt 0.8027344 0.5169492
v -0.5935395 1.6356532 -0.0318020
vt 0.8535156 0.4491525
f 1172/859 1173/860 1174/861
v -0.6132551 1.6230921 -0.0184412
vt 0.8535156 0.3248588
v -0.6964518 1.6114314 -0.0773253
vt 0.9042969 0.3813559
v -0.5935395 1.6356532 -0.0318020
vt 0.8535156 0.4491525
f 1175/862 1176/863 1177/864
v -0.5520442 1.7231053 -0.2300223
vt 0.8066406 0.4548023
v -0.5520442 1.7231053 -0.2300223
vt 0.7988281 0.3813559
v -0.5935395 1.6356532 -0.0318020
vt 0.8535156 0.4491525
f 1178/865 1179/866 1180/867
v -0.5547619 1.7253878 -0.2393713
vt 0.9003906 0.5169492
v -0.4443640 1.7724424 -0.2492794
vt 0.8535156 0.5169492
v -0.5935395 1.6356532 -0.0318020
vt 0.8535156 0.4491525
f 1181/868 1182/869 1183/870
v -0.6964518 1.6114314 -0.0773253
vt 0.9042969 0.3813559
v -0.4222119 1.7596614 -0.1893133
vt 0.8964844 0.4548023
v -0.5935395 1.6356532 -0.0318020
vt 0.8535156 0.4491525
f 1184/871 1185/872 1186/873
v -0.5520442 1.7231053 -0.2300223
vt 0.7988281 0.3813559
v -0.6132551 1.6230921 -0.0184412
vt 0.8535156 0.3248588
v -0.5935395 1.6356532 -0.0318020
vt 0.8535156 0.4491525
f 1187/874 1188/875 1189/876
v -0.4530562 1.7913906 -0.3116525
vt 0.8027344 0.5169492
v -0.5520442 1.7231053 -0.2300223
vt 0.8066406 0.4548023
v -0.5935395 1.6356532 -0.0318020
vt 0.8535156 0.4491525
f 1190/877 1191/878 1192/879
usemtl rgb_001_000_000
v -0.5520442 1.7231053 -0.2300223
v -0.5520442 1.7231053 -0.2300223
v -0.6964518 1.6114314 -0.0773253
v -0.4222119 1.7596614 -0.1893133
f 1193 1194 1195
f 1193 1195 1196
v -0.5547619 1.7253878 -0.2393713
v -0.4222119 1.7596614 -0.1893133
v -0.4530562 1.7913906 -0.3116525
v -0.5520442 1.7231053 -0.2300223
f 1197 1198 1199
f 1197 1199 1200
usemtl clut_880_498
v -0.5438909 1.7162575 -0.2019753
vt 0.7324219 0.1949153
v -0.4762184 1.6594213 0.0308144
vt 0.7167969 0.3361582
v -0.4385185 1.7733569 -0.2454072
vt 0.6582031 0.1949153
v -0.4048181 1.7450529 -0.1294798
vt 0.6699219 0.3361582
f 1201/880 1202/881 1203/882
f 1201/880 1203/882 1204/883
g bone_14
usemtl rgb_001_000_000
v -0.4011726 1.8617739 -0.4590985
v -0.3794588 1.8458504 -0.4018626
v -0.5219463 1.7460268 -0.2947899
f 1205 1206 1207
v -0.5219463 1.7460268 -0.2947899
v -0.4712839 1.7797392 -0.3286542
v -0.4011726 1.8617739 -0.4590985
f 1208 1209 1210
v -0.4712839 1.7797392 -0.3286542
v -0.3767250 1.8170066 -0.3312541
v -0.4011726 1.8617739 -0.4590985
f 1211 1212 1213
usemtl clut_832_501
v -0.3561880 1.8188792 -0.3171217
vt 0.7636719 0.3926554
v -0.5041431 1.7767431 -0.3512661
vt 0.7949219 0.3926554
v -0.4415635 1.7802112 -0.3029156
vt 0.7636719 0.4435028
f 1214/884 1215/885 1216/886
v -0.4415635 1.7802112 -0.3029156
vt 0.7636719 0.4435028
v -0.5041431 1.7767431 -0.3512661
vt 0.7949219 0.3926554
v -0.4786409 1.7410237 -0.2438428
vt 0.7636719 0.3926554
f 1217/887 1218/888 1219/889
v -0.4415635 1.7802112 -0.3029156
vt 0.7636719 0.4435028
v -0.4786409 1.7410237 -0.2438428
vt 0.7636719 0.3926554
v -0.3758451 1.7862035 -0.2576919
vt 0.7363281 0.3926554
f 1220/890 1221/891 1222/892
v -0.3561880 1.8188792 -0.3171217
vt 0.7636719 0.3926554
v -0.4415635 1.7802112 -0.3029156
vt 0.7636719 0.4435028
v -0.4004895 1.7839564 -0.2746508
vt 0.7363281 0.3926554
f 1223/893 1224/894 1225/895
usemtl clut_848_501
v -0.4415635 1.7802112 -0.3029156
vt 0.8183594 0.3192090
v -0.3758451 1.7862035 -0.2576919
vt 0.7988281 0.2683616
v -0.4004895 1.7839564 -0.2746508
vt 0.8417969 0.2683616
f 1226/896 1227/897 1228/898
v -0.3758451 1.7862035 -0.2576919
vt 0.7988281 0.2683616
v -0.4712839 1.7797392 -0.3286542
vt 0.8027344 0.1271186
v -0.4004895 1.7839564 -0.2746508
vt 0.8417969 0.2683616
v -0.5219463 1.7460268 -0.2947899
vt 0.8378906 0.1271186
f 1229/899 1230/900 1231/901
f 1229/899 1231/901 1232/902
usemtl clut_832_501
v -0.4786409 1.7410237 -0.2438428
vt 0.7636719 0.3926554
v -0.3767250 1.8170066 -0.3312541
vt 0.7636719 0.2514124
v -0.3758451 1.7862035 -0.2576919
vt 0.7363281 0.3926554
v -0.4712839 1.7797392 -0.3286542
vt 0.7402344 0.2514124
f 1233/903 1234/904 1235/905
f 1233/903 1235/905 1236/906
v -0.5041431 1.7767431 -0.3512661
vt 0.7949219 0.3926554
v -0.4011726 1.8617739 -0.4590985
vt 0.7871094 0.2514124
v -0.4786409 1.7410237 -0.2438428
vt 0.7636719 0.3926554
v -0.3767250 1.8170066 -0.3312541
vt 0.7636719 0.2514124
f 1237/907 1238/908 1239/909
f 1237/907 1239/909 1240/910
v -0.3561880 1.8188792 -0.3171217
vt 0.7636719 0.3926554
v -0.3794588 1.8458504 -0.4018626
vt 0.7636719 0.2514124
v -0.5041431 1.7767431 -0.3512661
vt 0.7949219 0.3926554
v -0.4011726 1.8617739 -0.4590985
vt 0.7871094 0.2514124
f 1241/911 1242/912 1243/913
f 1241/911 1243/913 1244/914
v -0.4004895 1.7839564 -0.2746508
vt 0.7363281 0.3926554
v -0.5219463 1.7460268 -0.2947899
vt 0.7402344 0.2514124
v -0.3561880 1.8188792 -0.3171217
vt 0.7636719 0.3926554
v -0.3794588 1.8458504 -0.4018626
vt 0.7636719 0.2514124
f 1245/915 1246/916 1247/917
f 1245/915 1247/917 1248/918
g bone_15
usemtl clut_864_504
v -0.3448271 1.5562278 -0.4977703
vt 0.1074219 0.2627119
v -0.2709467 1.5433847 -0.4599187
vt 0.1230469 0.1723164
v -0.3696548 1.4498838 -0.3211732
vt 0.0800781 0.1949153
f 1249/919 1250/920 1251/921
v -0.3219919 1.4244859 -0.2674779
vt 0.1230469 0.1723164
v -0.3849436 1.4867663 -0.3875580
vt 0.1074219 0.2627119
v -0.4354510 1.4442093 -0.3256072
vt 0.0800781 0.1949153
f 1252/922 1253/923 1254/924
v -0.4743186 1.4680783 -0.3747964
vt 0.0996094 0.0932203
v -0.3219919 1.4244859 -0.2674779
vt 0.1230469 0.1723164
v -0.4354510 1.4442093 -0.3256072
vt 0.0800781 0.1949153
f 1255/925 1256/926 1257/927
v -0.3696548 1.4498838 -0.3211732
vt 0.0800781 0.1949153
v -0.2709467 1.5433847 -0.4599187
vt 0.1230469 0.1723164
v -0.3849436 1.4867663 -0.3875580
vt 0.0996094 0.0932203
f 1258/928 1259/929 1260/930
usemtl clut_864_505
v -0.4354510 1.4442093 -0.3256072
vt 0.5292969 0.2740113
v -0.3849436 1.4867663 -0.3875580
vt 0.5058594 0.3418079
v -0.3603854 1.4596807 -0.3359414
vt 0.4941406 0.2966102
f 1261/931 1262/932 1263/933
v -0.3696548 1.4498838 -0.3211732
vt 0.4550781 0.2740113
v -0.3849436 1.4867663 -0.3875580
vt 0.4824219 0.1723164
v -0.3841327 1.4638089 -0.3481080
vt 0.4707031 0.2570621
f 1264/934 1265/935 1266/936
v -0.4354510 1.4442093 -0.3256072
vt 0.5292969 0.2740113
v -0.3603854 1.4596807 -0.3359414
vt 0.4941406 0.2966102
v -0.3221759 1.4730029 -0.3505204
vt 0.5136719 0.2570621
f 1267/937 1268/938 1269/939
v -0.4743186 1.4680783 -0.3747964
vt 0.5019531 0.1723164
v -0.4354510 1.4442093 -0.3256072
vt 0.5292969 0.2740113
v -0.3221759 1.4730029 -0.3505204
vt 0.5136719 0.2570621
f 1270/940 1271/941 1272/942
v -0.3603854 1.4596807 -0.3359414
vt 0.4941406 0.2966102
v -0.3849436 1.4867663 -0.3875580
vt 0.5058594 0.3418079
v -0.3448271 1.5562278 -0.4977703
vt 0.4785156 0.3418079
f 1273/943 1274/944 1275/945
v -0.3603854 1.4596807 -0.3359414
vt 0.4941406 0.2966102
v -0.3448271 1.5562278 -0.4977703
vt 0.4785156 0.3418079
v -0.3696548 1.4498838 -0.3211732
vt 0.4550781 0.2740113
f 1276/946 1277/947 1278/948
v -0.3603854 1.4596807 -0.3359414
vt 0.4941406 0.2966102
v -0.3696548 1.4498838 -0.3211732
vt 0.4550781 0.2740113
v -0.3841327 1.4638089 -0.3481080
vt 0.4707031 0.2570621
f 1279/949 1280/950 1281/951
usemtl clut_880_504
v -0.3603854 1.4596807 -0.3359414
vt 0.2792969 0.2231638
v -0.3841327 1.4638089 -0.3481080
vt 0.2714844 0.1836158
v -0.3976624 1.5003856 -0.4135916
vt 0.2558594 0.2231638
f 1282/952 1283/953 1284/954
v -0.3221759 1.4730029 -0.3505204
vt 0.2714844 0.1836158
v -0.3603854 1.4596807 -0.3359414
vt 0.2792969 0.2231638
v -0.3017939 1.4837201 -0.3644746
vt 0.2558594 0.2231638
f 1285/955 1286/956 1287/957
v -0.3879190 1.5215083 -0.4476341
vt 0.2363281 0.2175141
v -0.3659308 1.5176859 -0.4363688
vt 0.2363281 0.1949153
v -0.3017939 1.4837201 -0.3644746
vt 0.2558594 0.2231638
f 1288/958 1289/959 1290/960
v -0.3385862 1.5465868 -0.4799350
vt 0.2363281 0.2175141
v -0.3976624 1.5003856 -0.4135916
vt 0.2558594 0.2231638
v -0.2825334 1.5311386 -0.4414585
vt 0.2363281 0.1949153
f 1291/961 1292/962 1293/963
v -0.3659308 1.5176859 -0.4363688
vt 0.2363281 0.1949153
v -0.3221759 1.4730029 -0.3505204
vt 0.2714844 0.1836158
v -0.3017939 1.4837201 -0.3644746
vt 0.2558594 0.2231638
f 1294/964 1295/965 1296/966
v -0.3976624 1.5003856 -0.4135916
vt 0.2558594 0.2231638
v -0.3841327 1.4638089 -0.3481080
vt 0.2714844 0.1836158
v -0.2825334 1.5311386 -0.4414585
vt 0.2363281 0.1949153
f 1297/967 1298/968 1299/969
usemtl clut_880_505
v -0.3017939 1.4837201 -0.3644746
vt 0.1699219 0.1892655
v -0.3603854 1.4596807 -0.3359414
vt 0.1503906 0.2231638
v -0.3976624 1.5003856 -0.4135916
vt 0.1269531 0.1892655
f 1300/970 1301/971 1302/972
usemtl clut_832_505
v -0.3221759 1.4730029 -0.3505204
vt 0.6269531 0.1892655
v -0.3659308 1.5176859 -0.4363688
vt 0.6308594 0.1553672
v -0.3841327 1.4638089 -0.3481080
vt 0.6699219 0.1892655
v -0.2825334 1.5311386 -0.4414585
vt 0.6660156 0.1553672
f 1303/973 1304/974 1305/975
f 1303/973 1305/975 1306/976
usemtl clut_848_506
v -0.3841327 1.4638089 -0.3481080
vt 0.5800781 0.2344633
v -0.3849436 1.4867663 -0.3875580
vt 0.5878906 0.1497175
v -0.3221759 1.4730029 -0.3505204
vt 0.6230469 0.2344633
v -0.4743186 1.4680783 -0.3747964
vt 0.6113281 0.1497175
f 1307/977 1308/978 1309/979
f 1307/977 1309/979 1310/980
usemtl clut_848_505
v -0.2709467 1.5433847 -0.4599187
vt 0.3222656 0.5734463
v -0.3448271 1.5562278 -0.4977703
vt 0.3261719 0.6638418
v -0.3219919 1.4244859 -0.2674779
vt 0.3027344 0.5734463
v -0.3849436 1.4867663 -0.3875580
vt 0.2988281 0.6638418
f 1311/981 1312/982 1313/983
f 1311/981 1313/983 1314/984
v -0.2709467 1.5433847 -0.4599187
vt 0.3222656 0.5734463
v -0.3219919 1.4244859 -0.2674779
vt 0.3027344 0.5734463
v -0.3849436 1.4867663 -0.3875580
vt 0.3222656 0.4943503
v -0.4743186 1.4680783 -0.3747964
vt 0.3027344 0.4943503
f 1315/985 1316/986 1317/987
f 1315/985 1317/987 1318/988
usemtl clut_832_506
v -0.3385862 1.5465868 -0.4799350
vt 0.6582031 0.7259887
v -0.2825334 1.5311386 -0.4414585
vt 0.6582031 0.7090395
v -0.3879190 1.5215083 -0.4476341
vt 0.6855469 0.7259887
v -0.3659308 1.5176859 -0.4363688
vt 0.6855469 0.7090395
f 1319/989 1320/990 1321/991
f 1319/989 1321/991 1322/992
usemtl clut_880_505
v -0.3976624 1.5003856 -0.4135916
vt 0.1269531 0.1892655
v -0.3385862 1.5465868 -0.4799350
vt 0.1347656 0.1610169
v -0.3017939 1.4837201 -0.3644746
vt 0.1699219 0.1892655
v -0.3879190 1.5215083 -0.4476341
vt 0.1621094 0.1610169
f 1323/993 1324/994 1325/995
f 1323/993 1325/995 1326/996
g bone_16
usemtl rgb_001_000_000
v -0.2690278 1.4624767 -0.4920729
v -0.2470886 1.4492249 -0.4735509
v -0.3227405 1.4482199 -0.4688849
f 1327 1328 1329
v -0.4095568 1.4342006 -0.4446489
v -0.2740218 1.4329054 -0.4484655
v -0.3362768 1.4995045 -0.5435753
f 1330 1331 1332
v -0.3362768 1.4995045 -0.5435753
v -0.2740218 1.4329054 -0.4484655
v -0.2884439 1.4844684 -0.5235272
f 1333 1334 1335
v -0.4194979 1.4722798 -0.5001119
v -0.4095568 1.4342006 -0.4446489
v -0.3362768 1.4995045 -0.5435753
f 1336 1337 1338
v -0.2343667 1.4140847 -0.4225184
v -0.4194979 1.4722798 -0.5001119
v -0.3362768 1.4995045 -0.5435753
f 1339 1340 1341
v -0.3362768 1.4995045 -0.5435753
v -0.2884439 1.4844684 -0.5235272
v -0.2432246 1.4168691 -0.4262310
f 1342 1343 1344
v -0.3362768 1.4995045 -0.5435753
v -0.2432246 1.4168691 -0.4262310
v -0.4384480 1.4401047 -0.4520946
f 1345 1346 1347
v -0.4384480 1.4401047 -0.4520946
v -0.3764424 1.4206135 -0.4261064
v -0.3362768 1.4995045 -0.5435753
f 1348 1349 1350
v -0.3764424 1.4206135 -0.4261064
v -0.2343667 1.4140847 -0.4225184
v -0.3362768 1.4995045 -0.5435753
f 1351 1352 1353
usemtl clut_880_501
v -0.3515771 1.3873759 -0.3783782
vt 0.4199219 0.2796610
v -0.2884439 1.4844684 -0.5235272
vt 0.4121094 0.3418079
v -0.4879896 1.4302565 -0.4355523
vt 0.3769531 0.2796610
f 1354/997 1355/998 1356/999
v -0.2470886 1.4492249 -0.4735509
vt 0.4355469 0.1497175
v -0.3764424 1.4206135 -0.4261064
vt 0.4511719 0.2401130
v -0.4384480 1.4401047 -0.4520946
vt 0.4511719 0.2401130
f 1357/1000 1358/1001 1359/1002
v -0.3764424 1.4206135 -0.4261064
vt 0.4511719 0.2401130
v -0.2470886 1.4492249 -0.4735509
vt 0.4355469 0.1497175
v -0.3844775 1.4485607 -0.4667806
vt 0.4199219 0.2796610
f 1360/1003 1361/1004 1362/1005
v -0.3227405 1.4482199 -0.4688849
vt 0.4082031 0.1497175
v -0.2470886 1.4492249 -0.4735509
vt 0.4355469 0.1497175
v -0.3515771 1.3873759 -0.3783782
vt 0.4199219 0.2796610
f 1363/1006 1364/1007 1365/1008
v -0.4194979 1.4722798 -0.5001119
vt 0.4121094 0.3418079
v -0.2343667 1.4140847 -0.4225184
vt 0.4355469 0.3418079
v -0.3844775 1.4485607 -0.4667806
vt 0.4199219 0.2796610
f 1366/1009 1367/1010 1368/1011
v -0.2432246 1.4168691 -0.4262310
vt 0.4355469 0.3418079
v -0.2884439 1.4844684 -0.5235272
vt 0.4121094 0.3418079
v -0.3515771 1.3873759 -0.3783782
vt 0.4199219 0.2796610
f 1369/1012 1370/1013 1371/1014
v -0.3515771 1.3873759 -0.3783782
vt 0.4199219 0.2796610
v -0.4879896 1.4302565 -0.4355523
vt 0.3769531 0.2796610
v -0.1663385 1.4556181 -0.4863395
vt 0.3847656 0.1497175
f 1372/1015 1373/1016 1374/1017
v -0.1663385 1.4556181 -0.4863395
vt 0.3847656 0.1497175
v -0.3227405 1.4482199 -0.4688849
vt 0.4082031 0.1497175
v -0.3515771 1.3873759 -0.3783782
vt 0.4199219 0.2796610
f 1375/1018 1376/1019 1377/1020
v -0.3844775 1.4485607 -0.4667806
vt 0.4199219 0.2796610
v -0.2690278 1.4624767 -0.4920729
vt 0.4082031 0.1497175
v -0.3623326 1.4415995 -0.4574991
vt 0.3847656 0.1497175
f 1378/1021 1379/1022 1380/1023
v -0.3623326 1.4415995 -0.4574991
vt 0.3847656 0.1497175
v -0.2665047 1.4712166 -0.5050053
vt 0.3769531 0.2796610
v -0.3844775 1.4485607 -0.4667806
vt 0.4199219 0.2796610
f 1381/1024 1382/1025 1383/1026
v -0.2884439 1.4844684 -0.5235272
vt 0.4121094 0.3418079
v -0.2740218 1.4329054 -0.4484655
vt 0.3808594 0.3418079
v -0.4879896 1.4302565 -0.4355523
vt 0.3769531 0.2796610
f 1384/1027 1385/1028 1386/1029
v -0.2470886 1.4492249 -0.4735509
vt 0.4355469 0.1497175
v -0.2690278 1.4624767 -0.4920729
vt 0.4082031 0.1497175
v -0.3844775 1.4485607 -0.4667806
vt 0.4199219 0.2796610
f 1387/1030 1388/1031 1389/1032
v -0.2470886 1.4492249 -0.4735509
vt 0.4355469 0.1497175
v -0.4384480 1.4401047 -0.4520946
vt 0.4511719 0.2401130
v -0.3515771 1.3873759 -0.3783782
vt 0.4199219 0.2796610
f 1390/1033 1391/1034 1392/1035
v -0.2432246 1.4168691 -0.4262310
vt 0.4355469 0.3418079
v -0.3515771 1.3873759 -0.3783782
vt 0.4199219 0.2796610
v -0.4384480 1.4401047 -0.4520946
vt 0.4511719 0.2401130
f 1393/1036 1394/1037 1395/1038
v -0.4194979 1.4722798 -0.5001119
vt 0.4121094 0.3418079
v -0.3844775 1.4485607 -0.4667806
vt 0.4199219 0.2796610
v -0.2665047 1.4712166 -0.5050053
vt 0.3769531 0.2796610
f 1396/1039 1397/1040 1398/1041
v -0.2665047 1.4712166 -0.5050053
vt 0.3769531 0.2796610
v -0.4095568 1.4342006 -0.4446489
vt 0.3808594 0.3418079
v -0.4194979 1.4722798 -0.5001119
vt 0.4121094 0.3418079
f 1399/1042 1400/1043 1401/1044
v -0.3764424 1.4206135 -0.4261064
vt 0.4511719 0.2401130
v -0.3844775 1.4485607 -0.4667806
vt 0.4199219 0.2796610
v -0.2343667 1.4140847 -0.4225184
vt 0.4355469 0.3418079
f 1402/1045 1403/1046 1404/1047
usemtl rgb_001_000_000
v -0.3227405 1.4482199 -0.4688849
v -0.1663385 1.4556181 -0.4863395
v -0.2690278 1.4624767 -0.4920729
v -0.3623326 1.4415995 -0.4574991
f 1405 1406 1407
f 1405 1407 1408
usemtl clut_832_502
v -0.2665047 1.4712166 -0.5050053
vt 0.8457031 0.2570621
v -0.3623326 1.4415995 -0.4574991
vt 0.8535156 0.1271186
v -0.4879896 1.4302565 -0.4355523
vt 0.8886719 0.2570621
v -0.1663385 1.4556181 -0.4863395
vt 0.8808594 0.1271186
f 1409/1048 1410/1049 1411/1050
f 1409/1048 1411/1050 1412/1051
v -0.2740218 1.4329054 -0.4484655
vt 0.8886719 0.3192090
v -0.4095568 1.4342006 -0.4446489
vt 0.8457031 0.3192090
v -0.4879896 1.4302565 -0.4355523
vt 0.8886719 0.2570621
v -0.2665047 1.4712166 -0.5050053
vt 0.8457031 0.2570621
f 1413/1052 1414/1053 1415/1054
f 1413/1052 1415/1054 1416/1055
g bone_17
usemtl clut_864_500
v -0.2426100 1.1993434 -0.6401561
vt 0.7363281 0.1949153
v -0.2209266 1.2078327 -0.6505369
vt 0.7480469 0.1497175
v -0.2605858 1.2028718 -0.6613320
vt 0.7753906 0.1779661
f 1417/1056 1418/1057 1419/1058
v -0.2426100 1.1993434 -0.6401561
vt 0.7363281 0.1949153
v -0.2997475 1.2105587 -0.7074652
vt 0.7792969 0.2457627
v -0.3041080 1.2154932 -0.7240976
vt 0.7441406 0.2457627
f 1420/1059 1421/1060 1422/1061
usemtl clut_848_500
v -0.2522399 1.2012336 -0.6515003
vt 0.3808594 0.3813559
v -0.3056590 1.2076405 -0.7029333
vt 0.4082031 0.3531073
v -0.3412269 1.1626204 -0.5982618
vt 0.4199219 0.3983051
f 1423/1062 1424/1063 1425/1064
v -0.3412269 1.1626204 -0.5982618
vt 0.4199219 0.3983051
v -0.3147715 1.1615061 -0.5785927
vt 0.3769531 0.4491525
v -0.2522399 1.2012336 -0.6515003
vt 0.3808594 0.3813559
f 1426/1065 1427/1066 1428/1067
usemtl clut_864_500
v -0.2426100 1.1993434 -0.6401561
vt 0.7363281 0.1949153
v -0.2605858 1.2028718 -0.6613320
vt 0.7753906 0.1779661
v -0.2997475 1.2105587 -0.7074652
vt 0.7792969 0.2457627
f 1429/1068 1430/1069 1431/1070
usemtl clut_848_500
v -0.3412269 1.1626204 -0.5982618
vt 0.4199219 0.3983051
v -0.3853910 1.1753678 -0.6617837
vt 0.4121094 0.4491525
v -0.3147715 1.1615061 -0.5785927
vt 0.3769531 0.4491525
f 1432/1071 1433/1072 1434/1073
usemtl clut_832_500
v -0.2522399 1.2012336 -0.6515003
vt 0.9824219 0.5564972
v -0.3147715 1.1615061 -0.5785927
vt 0.9785156 0.6242938
v -0.2605858 1.2028718 -0.6613320
vt 0.9394531 0.5564972
v -0.2997475 1.2105587 -0.7074652
vt 0.9394531 0.6242938
f 1435/1074 1436/1075 1437/1076
f 1435/1074 1437/1076 1438/1077
v -0.3056590 1.2076405 -0.7029333
vt 0.9785156 0.5282486
v -0.2522399 1.2012336 -0.6515003
vt 0.9824219 0.5564972
v -0.2209266 1.2078327 -0.6505369
vt 0.9394531 0.5282486
v -0.2605858 1.2028718 -0.6613320
vt 0.9394531 0.5564972
f 1439/1078 1440/1079 1441/1080
f 1439/1078 1441/1080 1442/1081
usemtl clut_880_500
v -0.3412269 1.1626204 -0.5982618
vt 0.5332031 0.1836158
v -0.3056590 1.2076405 -0.7029333
vt 0.5332031 0.1384181
v -0.2426100 1.1993434 -0.6401561
vt 0.5761719 0.1836158
v -0.2209266 1.2078327 -0.6505369
vt 0.5761719 0.1384181
f 1443/1082 1444/1083 1445/1084
f 1443/1082 1445/1084 1446/1085
v -0.3853910 1.1753678 -0.6617837
vt 0.5332031 0.2344633
v -0.3412269 1.1626204 -0.5982618
vt 0.5332031 0.1836158
v -0.3041080 1.2154932 -0.7240976
vt 0.5722656 0.2344633
v -0.2426100 1.1993434 -0.6401561
vt 0.5761719 0.1836158
f 1447/1086 1448/1087 1449/1088
f 1447/1086 1449/1088 1450/1089
v -0.3041080 1.2154932 -0.7240976
vt 0.5722656 0.2344633
v -0.2997475 1.2105587 -0.7074652
vt 0.5761719 0.2344633
v -0.3853910 1.1753678 -0.6617837
vt 0.5332031 0.2344633
v -0.3147715 1.1615061 -0.5785927
vt 0.5332031 0.2344633
f 1451/1090 1452/1091 1453/1092
f 1451/1090 1453/1092 1454/1093
g bone_18
usemtl clut_848_498
v -0.1762275 1.8229828 0.2360906
vt 0.9355469 0.6129944
v 0.1088997 1.8769756 0.0766784
vt 0.9238281 0.5734463
v 0.0790470 1.8670054 0.0708123
vt 0.9042969 0.6129944
f 1455/1094 1456/1095 1457/1096
usemtl rgb_001_000_000
v 0.0056166 1.8373421 0.0295319
v 0.0572678 1.8627546 0.0823274
v -0.2440464 1.7834341 0.1344713
f 1458 1459 1460
v -0.1351504 1.8046881 0.0768959
v -0.2541383 1.7762848 0.1127447
v 0.0976353 1.8913516 0.1692335
f 1461 1462 1463
v -0.0548191 1.8615960 0.2498391
v -0.1351504 1.8046881 0.0768959
v 0.0572678 1.8627546 0.0823274
f 1464 1465 1466
v -0.0447272 1.8687453 0.2715656
v -0.0548191 1.8615960 0.2498391
v -0.1762275 1.8229828 0.2360906
f 1467 1468 1469
v -0.1351504 1.8046881 0.0768959
v -0.0548191 1.8615960 0.2498391
v -0.2541383 1.7762848 0.1127447
f 1470 1471 1472
v -0.0548191 1.8615960 0.2498391
v 0.1088997 1.8769756 0.0766784
v -0.1762275 1.8229828 0.2360906
f 1473 1474 1475
v 0.0572678 1.8627546 0.0823274
v 0.0056166 1.8373421 0.0295319
v -0.0548191 1.8615960 0.2498391
f 1476 1477 1478
v -0.0548191 1.8615960 0.2498391
v 0.0056166 1.8373421 0.0295319
v 0.1088997 1.8769756 0.0766784
f 1479 1480 1481
v -0.2541383 1.7762848 0.1127447
v -0.0548191 1.8615960 0.2498391
v -0.0447272 1.8687453 0.2715656
f 1482 1483 1484
v 0.0790470 1.8670054 0.0708123
v 0.0483409 1.8765509 0.1682341
v -0.2605125 1.7740048 0.1107024
f 1485 1486 1487
v -0.1472607 1.7961090 0.0508240
v -0.2780397 1.7571171 0.0496074
v -0.0467573 1.8136531 -0.0131390
f 1488 1489 1490
usemtl clut_864_498
v -0.2440464 1.7834341 0.1344713
vt 0.4863281 0.3474576
v -0.1512974 1.7932493 0.0421334
vt 0.4863281 0.4774011
v 0.0056166 1.8373421 0.0295319
vt 0.5527344 0.3644068
f 1491/1097 1492/1098 1493/1099
v -0.0447272 1.8687453 0.2715656
vt 0.5605469 0.4661017
v -0.1714812 1.7789508 -0.0013197
vt 0.4863281 0.4774011
v -0.2541383 1.7762848 0.1127447
vt 0.5527344 0.3644068
f 1494/1100 1495/1101 1496/1102
usemtl clut_848_498
v -0.0447272 1.8687453 0.2715656
vt 0.9238281 0.6581921
v 0.0790470 1.8670054 0.0708123
vt 0.9042969 0.6129944
v -0.1714812 1.7789508 -0.0013197
vt 0.8457031 0.6977401
f 1497/1103 1498/1104 1499/1105
v 0.1088997 1.8769756 0.0766784
vt 0.9238281 0.5734463
v -0.1512974 1.7932493 0.0421334
vt 0.8457031 0.5282486
v 0.0790470 1.8670054 0.0708123
vt 0.9042969 0.6129944
f 1500/1106 1501/1107 1502/1108
v -0.1512974 1.7932493 0.0421334
vt 0.8457031 0.5282486
v -0.1553342 1.7903896 0.0334428
vt 0.7988281 0.5790960
v -0.1435314 1.8546405 0.3508676
vt 0.8457031 0.6129944
f 1503/1109 1504/1110 1505/1111
v -0.1553342 1.7903896 0.0334428
vt 0.7988281 0.5790960
v -0.1210218 1.8146970 0.1073130
vt 0.7988281 0.6525424
v -0.1435314 1.8546405 0.3508676
vt 0.8457031 0.6129944
f 1506/1112 1507/1113 1508/1114
v -0.1210218 1.8146970 0.1073130
vt 0.7988281 0.6525424
v -0.1714812 1.7789508 -0.0013197
vt 0.8457031 0.6977401
v -0.1435314 1.8546405 0.3508676
vt 0.8457031 0.6129944
f 1509/1115 1510/1116 1511/1117
usemtl clut_864_498
v 0.0572678 1.8627546 0.0823274
vt 0.4394531 0.3644068
v -0.1553342 1.7903896 0.0334428
vt 0.4394531 0.5056497
v -0.1512974 1.7932493 0.0421334
vt 0.4863281 0.4774011
f 1512/1118 1513/1119 1514/1120
v -0.2440464 1.7834341 0.1344713
vt 0.4863281 0.3474576
v 0.0572678 1.8627546 0.0823274
vt 0.4394531 0.3644068
v -0.1512974 1.7932493 0.0421334
vt 0.4863281 0.4774011
f 1515/1121 1516/1122 1517/1123
v -0.1210218 1.8146970 0.1073130
vt 0.4394531 0.5056497
v -0.1351504 1.8046881 0.0768959
vt 0.4394531 0.3644068
v -0.1714812 1.7789508 -0.0013197
vt 0.4863281 0.4774011
f 1518/1124 1519/1125 1520/1126
v -0.1714812 1.7789508 -0.0013197
vt 0.4863281 0.4774011
v -0.1351504 1.8046881 0.0768959
vt 0.4394531 0.3644068
v 0.0976353 1.8913516 0.1692335
vt 0.4863281 0.3474576
f 1521/1127 1522/1128 1523/1129
usemtl clut_848_498
v -0.0447272 1.8687453 0.2715656
vt 0.9238281 0.6581921
v -0.1762275 1.8229828 0.2360906
vt 0.9355469 0.6129944
v 0.0790470 1.8670054 0.0708123
vt 0.9042969 0.6129944
f 1524/1130 1525/1131 1526/1132
usemtl clut_864_498
v 0.0056166 1.8373421 0.0295319
vt 0.5527344 0.3644068
v -0.1512974 1.7932493 0.0421334
vt 0.4863281 0.4774011
v 0.1088997 1.8769756 0.0766784
vt 0.5605469 0.4661017
f 1527/1133 1528/1134 1529/1135
v -0.2541383 1.7762848 0.1127447
vt 0.5527344 0.3644068
v -0.1714812 1.7789508 -0.0013197
vt 0.4863281 0.4774011
v 0.0976353 1.8913516 0.1692335
vt 0.4863281 0.3474576
f 1530/1136 1531/1137 1532/1138
usemtl clut_848_498
v 0.0790470 1.8670054 0.0708123
vt 0.9042969 0.6129944
v -0.1512974 1.7932493 0.0421334
vt 0.8457031 0.5282486
v -0.1435314 1.8546405 0.3508676
vt 0.8457031 0.6129944
f 1533/1139 1534/1140 1535/1141
v -0.1714812 1.7789508 -0.0013197
vt 0.8457031 0.6977401
v 0.0790470 1.8670054 0.0708123
vt 0.9042969 0.6129944
v -0.1435314 1.8546405 0.3508676
vt 0.8457031 0.6129944
f 1536/1142 1537/1143 1538/1144
usemtl clut_832_499
v -0.2040826 1.8117451 0.2205084
vt 0.8964844 0.4548023
v 0.0225249 1.8694404 0.1710586
vt 0.8535156 0.4491525
v -0.2780397 1.7571171 0.0496074
vt 0.9003906 0.5169492
f 1539/1145 1540/1146 1541/1147
v -0.0467573 1.8136531 -0.0131390
vt 0.8535156 0.5169492
v 0.0225249 1.8694404 0.1710586
vt 0.8535156 0.4491525
v -0.1472607 1.7961090 0.0508240
vt 0.8027344 0.5169492
f 1542/1148 1543/1149 1544/1150
v -0.2605125 1.7740048 0.1107024
vt 0.8535156 0.3248588
v 0.0225249 1.8694404 0.1710586
vt 0.8535156 0.4491525
v 0.0790470 1.8670054 0.0708123
vt 0.9042969 0.3813559
f 1545/1151 1546/1152 1547/1153
v -0.1472607 1.7961090 0.0508240
vt 0.8066406 0.4548023
v 0.0225249 1.8694404 0.1710586
vt 0.8535156 0.4491525
v 0.0483409 1.8765509 0.1682341
vt 0.7988281 0.3813559
f 1548/1154 1549/1155 1550/1156
v -0.2780397 1.7571171 0.0496074
vt 0.9003906 0.5169492
v 0.0225249 1.8694404 0.1710586
vt 0.8535156 0.4491525
v -0.0467573 1.8136531 -0.0131390
vt 0.8535156 0.5169492
f 1551/1157 1552/1158 1553/1159
v 0.0790470 1.8670054 0.0708123
vt 0.9042969 0.3813559
v 0.0225249 1.8694404 0.1710586
vt 0.8535156 0.4491525
v -0.2040826 1.8117451 0.2205084
vt 0.8964844 0.4548023
f 1554/1160 1555/1161 1556/1162
v 0.0483409 1.8765509 0.1682341
vt 0.7988281 0.3813559
v 0.0225249 1.8694404 0.1710586
vt 0.8535156 0.4491525
v -0.2605125 1.7740048 0.1107024
vt 0.8535156 0.3248588
f 1557/1163 1558/1164 1559/1165
v -0.1472607 1.7961090 0.0508240
vt 0.8027344 0.5169492
v 0.0225249 1.8694404 0.1710586
vt 0.8535156 0.4491525
v -0.1472607 1.7961090 0.0508240
vt 0.8066406 0.4548023
f 1560/1166 1561/1167 1562/1168
usemtl rgb_001_000_000
v 0.0483409 1.8765509 0.1682341
v 0.0790470 1.8670054 0.0708123
v -0.1472607 1.7961090 0.0508240
v -0.2040826 1.8117451 0.2205084
f 1563 1564 1565
f 1563 1565 1566
v -0.2780397 1.7571171 0.0496074
v -0.1472607 1.7961090 0.0508240
v -0.2040826 1.8117451 0.2205084
v -0.1472607 1.7961090 0.0508240
f 1567 1568 1569
f 1567 1569 1570
usemtl clut_880_498
v 0.0572678 1.8627546 0.0823274
vt 0.7324219 0.1949153
v -0.1351504 1.8046881 0.0768959
vt 0.6582031 0.1949153
v -0.1553342 1.7903896 0.0334428
vt 0.7167969 0.3361582
v -0.1210218 1.8146970 0.1073130
vt 0.6699219 0.3361582
f 1571/1169 1572/1170 1573/1171
f 1571/1169 1573/1171 1574/1172
g bone_19
usemtl rgb_001_000_000
v -0.2748209 1.7921930 0.2832941
v -0.2569085 1.8086757 0.3416762
v -0.0702196 1.8689593 0.3675630
f 1575 1576 1577
v -0.2569085 1.8086757 0.3416762
v -0.2748209 1.7921930 0.2832941
v -0.1759817 1.8252548 0.3029853
f 1578 1579 1580
v -0.1759817 1.8252548 0.3029853
v -0.2748209 1.7921930 0.2832941
v -0.1565583 1.8534460 0.4202030
f 1581 1582 1583
usemtl clut_832_501
v -0.2225243 1.8344208 0.4229468
vt 0.7636719 0.3926554
v -0.1136237 1.8449905 0.3095408
vt 0.7636719 0.4435028
v -0.1376776 1.8522289 0.3846075
vt 0.7949219 0.3926554
f 1584/1173 1585/1174 1586/1175
v -0.1136237 1.8449905 0.3095408
vt 0.7636719 0.4435028
v -0.1376776 1.8522289 0.3846075
vt 0.7636719 0.3926554
v -0.1376776 1.8522289 0.3846075
vt 0.7949219 0.3926554
f 1587/1176 1588/1177 1589/1178
v -0.1136237 1.8449905 0.3095408
vt 0.7636719 0.4435028
v -0.0953585 1.8839152 0.4846329
vt 0.7363281 0.3926554
v -0.1376776 1.8522289 0.3846075
vt 0.7636719 0.3926554
f 1590/1179 1591/1180 1592/1181
v -0.2225243 1.8344208 0.4229468
vt 0.7636719 0.3926554
v -0.1557173 1.8557816 0.4311042
vt 0.7363281 0.3926554
v -0.1136237 1.8449905 0.3095408
vt 0.7636719 0.4435028
f 1593/1182 1594/1183 1595/1184
usemtl clut_848_501
v -0.1136237 1.8449905 0.3095408
vt 0.8183594 0.3192090
v -0.1557173 1.8557816 0.4311042
vt 0.8417969 0.2683616
v -0.0953585 1.8839152 0.4846329
vt 0.7988281 0.2683616
f 1596/1185 1597/1186 1598/1187
v -0.0953585 1.8839152 0.4846329
vt 0.7988281 0.2683616
v -0.1557173 1.8557816 0.4311042
vt 0.8417969 0.2683616
v -0.1759817 1.8252548 0.3029853
vt 0.8027344 0.1271186
v -0.2569085 1.8086757 0.3416762
vt 0.8378906 0.1271186
f 1599/1188 1600/1189 1601/1190
f 1599/1188 1601/1190 1602/1191
usemtl clut_832_501
v -0.1376776 1.8522289 0.3846075
vt 0.7636719 0.3926554
v -0.0953585 1.8839152 0.4846329
vt 0.7363281 0.3926554
v -0.1565583 1.8534460 0.4202030
vt 0.7636719 0.2514124
v -0.1759817 1.8252548 0.3029853
vt 0.7402344 0.2514124
f 1603/1192 1604/1193 1605/1194
f 1603/1192 1605/1194 1606/1195
v -0.1376776 1.8522289 0.3846075
vt 0.7949219 0.3926554
v -0.1376776 1.8522289 0.3846075
vt 0.7636719 0.3926554
v -0.2748209 1.7921930 0.2832941
vt 0.7871094 0.2514124
v -0.1565583 1.8534460 0.4202030
vt 0.7636719 0.2514124
f 1607/1196 1608/1197 1609/1198
f 1607/1196 1609/1198 1610/1199
v -0.2225243 1.8344208 0.4229468
vt 0.7636719 0.3926554
v -0.1376776 1.8522289 0.3846075
vt 0.7949219 0.3926554
v -0.0702196 1.8689593 0.3675630
vt 0.7636719 0.2514124
v -0.2748209 1.7921930 0.2832941
vt 0.7871094 0.2514124
f 1611/1200 1612/1201 1613/1202
f 1611/1200 1613/1202 1614/1203
v -0.1557173 1.8557816 0.4311042
vt 0.7363281 0.3926554
v -0.2225243 1.8344208 0.4229468
vt 0.7636719 0.3926554
v -0.2569085 1.8086757 0.3416762
vt 0.7402344 0.2514124
v -0.0702196 1.8689593 0.3675630
vt 0.7636719 0.2514124
f 1615/1204 1616/1205 1617/1206
f 1615/1204 1617/1206 1618/1207
g bone_20
usemtl clut_864_504
v -0.0995387 1.5099583 0.3793355
vt 0.1074219 0.2627119
v -0.1375210 1.5547011 0.4394308
vt 0.0800781 0.1949153
v 0.0079667 1.6497149 0.5445102
vt 0.1230469 0.1723164
f 1619/1208 1620/1209 1621/1210
v -0.0137684 1.5929278 0.4752079
vt 0.1230469 0.1723164
v 0.0884684 1.5960801 0.4689868
vt 0.0800781 0.1949153
v 0.1201203 1.5587945 0.4189075
vt 0.1074219 0.2627119
f 1622/1211 1623/1212 1624/1213
v 0.0129096 1.5615014 0.4329981
vt 0.0996094 0.0932203
v 0.0884684 1.5960801 0.4689868
vt 0.0800781 0.1949153
v -0.0137684 1.5929278 0.4752079
vt 0.1230469 0.1723164
f 1625/1214 1626/1215 1627/1216
v -0.1375210 1.5547011 0.4394308
vt 0.0800781 0.1949153
v 0.0617749 1.5863293 0.4593753
vt 0.0996094 0.0932203
v 0.0079667 1.6497149 0.5445102
vt 0.1230469 0.1723164
f 1628/1217 1629/1218 1630/1219
usemtl clut_864_505
v 0.0884684 1.5960801 0.4689868
vt 0.5292969 0.2740113
v 0.0218230 1.6059288 0.4880232
vt 0.4941406 0.2966102
v 0.1201203 1.5587945 0.4189075
vt 0.5058594 0.3418079
f 1631/1220 1632/1221 1633/1222
v -0.1375210 1.5547011 0.4394308
vt 0.4550781 0.2740113
v 0.0340315 1.5915472 0.4687069
vt 0.4707031 0.2570621
v 0.0617749 1.5863293 0.4593753
vt 0.4824219 0.1723164
f 1634/1223 1635/1224 1636/1225
v 0.0884684 1.5960801 0.4689868
vt 0.5292969 0.2740113
v -0.0206237 1.6078692 0.4946953
vt 0.5136719 0.2570621
v 0.0218230 1.6059288 0.4880232
vt 0.4941406 0.2966102
f 1637/1226 1638/1227 1639/1228
v 0.0129096 1.5615014 0.4329981
vt 0.5019531 0.1723164
v -0.0206237 1.6078692 0.4946953
vt 0.5136719 0.2570621
v 0.0884684 1.5960801 0.4689868
vt 0.5292969 0.2740113
f 1640/1229 1641/1230 1642/1231
v 0.0218230 1.6059288 0.4880232
vt 0.4941406 0.2966102
v -0.0995387 1.5099583 0.3793355
vt 0.4785156 0.3418079
v 0.1201203 1.5587945 0.4189075
vt 0.5058594 0.3418079
f 1643/1232 1644/1233 1645/1234
v 0.0218230 1.6059288 0.4880232
vt 0.4941406 0.2966102
v -0.1375210 1.5547011 0.4394308
vt 0.4550781 0.2740113
v -0.0995387 1.5099583 0.3793355
vt 0.4785156 0.3418079
f 1646/1235 1647/1236 1648/1237
v 0.0218230 1.6059288 0.4880232
vt 0.4941406 0.2966102
v 0.0340315 1.5915472 0.4687069
vt 0.4707031 0.2570621
v -0.1375210 1.5547011 0.4394308
vt 0.4550781 0.2740113
f 1649/1238 1650/1239 1651/1240
usemtl clut_880_504
v 0.0218230 1.6059288 0.4880232
vt 0.2792969 0.2231638
v 0.0018965 1.5470111 0.4158592
vt 0.2558594 0.2231638
v 0.0340315 1.5915472 0.4687069
vt 0.2714844 0.1836158
f 1652/1241 1653/1242 1654/1243
v -0.0206237 1.6078692 0.4946953
vt 0.2714844 0.1836158
v -0.0473900 1.6050701 0.4938399
vt 0.2558594 0.2231638
v 0.0218230 1.6059288 0.4880232
vt 0.2792969 0.2231638
f 1655/1244 1656/1245 1657/1246
v -0.0291731 1.5286836 0.3958897
vt 0.2363281 0.2175141
v -0.0473900 1.6050701 0.4938399
vt 0.2558594 0.2231638
v -0.0404773 1.5419999 0.4137752
vt 0.2363281 0.1949153
f 1658/1247 1659/1248 1660/1249
v -0.0929745 1.5228235 0.3948726
vt 0.2363281 0.2175141
v -0.1152764 1.5628267 0.4474403
vt 0.2363281 0.1949153
v 0.0018965 1.5470111 0.4158592
vt 0.2558594 0.2231638
f 1661/1250 1662/1251 1663/1252
v -0.0404773 1.5419999 0.4137752
vt 0.2363281 0.1949153
v -0.0473900 1.6050701 0.4938399
vt 0.2558594 0.2231638
v -0.0206237 1.6078692 0.4946953
vt 0.2714844 0.1836158
f 1664/1253 1665/1254 1666/1255
v 0.0018965 1.5470111 0.4158592
vt 0.2558594 0.2231638
v -0.1152764 1.5628267 0.4474403
vt 0.2363281 0.1949153
v 0.0340315 1.5915472 0.4687069
vt 0.2714844 0.1836158
f 1667/1256 1668/1257 1669/1258
usemtl clut_880_505
v -0.0473900 1.6050701 0.4938399
vt 0.1699219 0.1892655
v 0.0018965 1.5470111 0.4158592
vt 0.1269531 0.1892655
v 0.0218230 1.6059288 0.4880232
vt 0.1503906 0.2231638
f 1670/1259 1671/1260 1672/1261
usemtl clut_832_505
v -0.0206237 1.6078692 0.4946953
vt 0.6269531 0.1892655
v 0.0340315 1.5915472 0.4687069
vt 0.6699219 0.1892655
v -0.0404773 1.5419999 0.4137752
vt 0.6308594 0.1553672
v -0.1152764 1.5628267 0.4474403
vt 0.6660156 0.1553672
f 1673/1262 1674/1263 1675/1264
f 1673/1262 1675/1264 1676/1265
usemtl clut_848_506
v 0.0340315 1.5915472 0.4687069
vt 0.5800781 0.2344633
v -0.0206237 1.6078692 0.4946953
vt 0.6230469 0.2344633
v 0.0617749 1.5863293 0.4593753
vt 0.5878906 0.1497175
v 0.0129096 1.5615014 0.4329981
vt 0.6113281 0.1497175
f 1677/1266 1678/1267 1679/1268
f 1677/1266 1679/1268 1680/1269
usemtl clut_848_505
v 0.0079667 1.6497149 0.5445102
vt 0.3222656 0.5734463
v -0.0137684 1.5929278 0.4752079
vt 0.3027344 0.5734463
v -0.0995387 1.5099583 0.3793355
vt 0.3261719 0.6638418
v 0.1201203 1.5587945 0.4189075
vt 0.2988281 0.6638418
f 1681/1270 1682/1271 1683/1272
f 1681/1270 1683/1272 1684/1273
v 0.0079667 1.6497149 0.5445102
vt 0.3222656 0.5734463
v 0.0617749 1.5863293 0.4593753
vt 0.3222656 0.4943503
v -0.0137684 1.5929278 0.4752079
vt 0.3027344 0.5734463
v 0.0129096 1.5615014 0.4329981
vt 0.3027344 0.4943503
f 1685/1274 1686/1275 1687/1276
f 1685/1274 1687/1276 1688/1277
usemtl clut_832_506
v -0.0929745 1.5228235 0.3948726
vt 0.6582031 0.7259887
v -0.0291731 1.5286836 0.3958897
vt 0.6855469 0.7259887
v -0.1152764 1.5628267 0.4474403
vt 0.6582031 0.7090395
v -0.0404773 1.5419999 0.4137752
vt 0.6855469 0.7090395
f 1689/1278 1690/1279 1691/1280
f 1689/1278 1691/1280 1692/1281
usemtl clut_880_505
v 0.0018965 1.5470111 0.4158592
vt 0.1269531 0.1892655
v -0.0473900 1.6050701 0.4938399
vt 0.1699219 0.1892655
v -0.0929745 1.5228235 0.3948726
vt 0.1347656 0.1610169
v -0.0291731 1.5286836 0.3958897
vt 0.1621094 0.1610169
f 1693/1282 1694/1283 1695/1284
f 1693/1282 1695/1284 1696/1285
g bone_21
usemtl rgb_001_000_000
v -0.1180716 1.5095083 0.4780814
v -0.1218523 1.5383125 0.4905724
v -0.0326332 1.4411065 0.4631323
f 1697 1698 1699
v -0.0596806 1.4956216 0.4829450
v -0.0250887 1.5635970 0.5207965
v -0.1255246 1.4715698 0.4592367
f 1700 1701 1702
v -0.0250887 1.5635970 0.5207965
v -0.0279615 1.4528747 0.4694319
v -0.1255246 1.4715698 0.4592367
f 1703 1704 1705
v -0.0815725 1.3829828 0.4270410
v -0.0250887 1.5635970 0.5207965
v -0.0596806 1.4956216 0.4829450
f 1706 1707 1708
v -0.0951576 1.5883105 0.5186541
v -0.0250887 1.5635970 0.5207965
v -0.0815725 1.3829828 0.4270410
f 1709 1710 1711
v -0.0250887 1.5635970 0.5207965
v -0.0909314 1.5797926 0.5155584
v -0.0279615 1.4528747 0.4694319
f 1712 1713 1714
v -0.0250887 1.5635970 0.5207965
v 0.0423301 1.4383043 0.4762719
v -0.0909314 1.5797926 0.5155584
f 1715 1716 1717
v 0.0423301 1.4383043 0.4762719
v -0.0250887 1.5635970 0.5207965
v 0.0127470 1.4979301 0.4979421
f 1718 1719 1720
v 0.0127470 1.4979301 0.4979421
v -0.0250887 1.5635970 0.5207965
v -0.0951576 1.5883105 0.5186541
f 1721 1722 1723
usemtl clut_880_501
v 0.0276301 1.5526692 0.5259265
vt 0.4199219 0.2796610
v 0.0927130 1.4214923 0.4782521
vt 0.3769531 0.2796610
v -0.0279615 1.4528747 0.4694319
vt 0.4121094 0.3418079
f 1724/1286 1725/1287 1726/1288
v -0.0326332 1.4411065 0.4631323
vt 0.4355469 0.1497175
v 0.0423301 1.4383043 0.4762719
vt 0.4511719 0.2401130
v 0.0127470 1.4979301 0.4979421
vt 0.4511719 0.2401130
f 1727/1289 1728/1290 1729/1291
v 0.0127470 1.4979301 0.4979421
vt 0.4511719 0.2401130
v -0.0101658 1.4593752 0.4758395
vt 0.4199219 0.2796610
v -0.0326332 1.4411065 0.4631323
vt 0.4355469 0.1497175
f 1730/1292 1731/1293 1732/1294
v -0.1218523 1.5383125 0.4905724
vt 0.4082031 0.1497175
v 0.0276301 1.5526692 0.5259265
vt 0.4199219 0.2796610
v -0.0326332 1.4411065 0.4631323
vt 0.4355469 0.1497175
f 1733/1295 1734/1296 1735/1297
v -0.0815725 1.3829828 0.4270410
vt 0.4121094 0.3418079
v -0.0101658 1.4593752 0.4758395
vt 0.4199219 0.2796610
v -0.0951576 1.5883105 0.5186541
vt 0.4355469 0.3418079
f 1736/1298 1737/1299 1738/1300
v -0.0909314 1.5797926 0.5155584
vt 0.4355469 0.3418079
v 0.0276301 1.5526692 0.5259265
vt 0.4199219 0.2796610
v -0.0279615 1.4528747 0.4694319
vt 0.4121094 0.3418079
f 1739/1301 1740/1302 1741/1303
v 0.0276301 1.5526692 0.5259265
vt 0.4199219 0.2796610
v -0.1938115 1.5774281 0.4946756
vt 0.3847656 0.1497175
v 0.0927130 1.4214923 0.4782521
vt 0.3769531 0.2796610
f 1742/1304 1743/1305 1744/1306
v -0.1938115 1.5774281 0.4946756
vt 0.3847656 0.1497175
v 0.0276301 1.5526692 0.5259265
vt 0.4199219 0.2796610
v -0.1218523 1.5383125 0.4905724
vt 0.4082031 0.1497175
f 1745/1307 1746/1308 1747/1309
v -0.0101658 1.4593752 0.4758395
vt 0.4199219 0.2796610
v -0.0207313 1.4806702 0.4835789
vt 0.3847656 0.1497175
v -0.1180716 1.5095083 0.4780814
vt 0.4082031 0.1497175
f 1748/1310 1749/1311 1750/1312
v -0.0207313 1.4806702 0.4835789
vt 0.3847656 0.1497175
v -0.0101658 1.4593752 0.4758395
vt 0.4199219 0.2796610
v -0.1293053 1.5003739 0.4717277
vt 0.3769531 0.2796610
f 1751/1313 1752/1314 1753/1315
v -0.0279615 1.4528747 0.4694319
vt 0.4121094 0.3418079
v 0.0927130 1.4214923 0.4782521
vt 0.3769531 0.2796610
v -0.1255246 1.4715698 0.4592367
vt 0.3808594 0.3418079
f 1754/1316 1755/1317 1756/1318
v -0.0326332 1.4411065 0.4631323
vt 0.4355469 0.1497175
v -0.0101658 1.4593752 0.4758395
vt 0.4199219 0.2796610
v -0.1180716 1.5095083 0.4780814
vt 0.4082031 0.1497175
f 1757/1319 1758/1320 1759/1321
v -0.0326332 1.4411065 0.4631323
vt 0.4355469 0.1497175
v 0.0276301 1.5526692 0.5259265
vt 0.4199219 0.2796610
v 0.0423301 1.4383043 0.4762719
vt 0.4511719 0.2401130
f 1760/1322 1761/1323 1762/1324
v -0.0909314 1.5797926 0.5155584
vt 0.4355469 0.3418079
v 0.0423301 1.4383043 0.4762719
vt 0.4511719 0.2401130
v 0.0276301 1.5526692 0.5259265
vt 0.4199219 0.2796610
f 1763/1325 1764/1326 1765/1327
v -0.0815725 1.3829828 0.4270410
vt 0.4121094 0.3418079
v -0.1293053 1.5003739 0.4717277
vt 0.3769531 0.2796610
v -0.0101658 1.4593752 0.4758395
vt 0.4199219 0.2796610
f 1766/1328 1767/1329 1768/1330
v -0.1293053 1.5003739 0.4717277
vt 0.3769531 0.2796610
v -0.0815725 1.3829828 0.4270410
vt 0.4121094 0.3418079
v -0.0596806 1.4956216 0.4829450
vt 0.3808594 0.3418079
f 1769/1331 1770/1332 1771/1333
v 0.0127470 1.4979301 0.4979421
vt 0.4511719 0.2401130
v -0.0951576 1.5883105 0.5186541
vt 0.4355469 0.3418079
v -0.0101658 1.4593752 0.4758395
vt 0.4199219 0.2796610
f 1772/1334 1773/1335 1774/1336
usemtl rgb_001_000_000
v -0.1218523 1.5383125 0.4905724
v -0.1180716 1.5095083 0.4780814
v -0.1938115 1.5774281 0.4946756
v -0.0207313 1.4806702 0.4835789
f 1775 1776 1777
f 1775 1777 1778
usemtl clut_832_502
v -0.1293053 1.5003739 0.4717277
vt 0.8457031 0.2570621
v 0.0927130 1.4214923 0.4782521
vt 0.8886719 0.2570621
v -0.0207313 1.4806702 0.4835789
vt 0.8535156 0.1271186
v -0.1938115 1.5774281 0.4946756
vt 0.8808594 0.1271186
f 1779/1337 1780/1338 1781/1339
f 1779/1337 1781/1339 1782/1340
v -0.1255246 1.4715698 0.4592367
vt 0.8886719 0.3192090
v 0.0927130 1.4214923 0.4782521
vt 0.8886719 0.2570621
v -0.0596806 1.4956216 0.4829450
vt 0.8457031 0.3192090
v -0.1293053 1.5003739 0.4717277
vt 0.8457031 0.2570621
f 1783/1341 1784/1342 1785/1343
f 1783/1341 1785/1343 1786/1344
g bone_22
usemtl clut_864_500
v -0.1857823 1.3869416 0.7436540
vt 0.7363281 0.1949153
v -0.2097169 1.3835211 0.7355648
vt 0.7753906 0.1779661
v -0.1557006 1.3031915 0.7450730
vt 0.7480469 0.1497175
f 1787/1345 1788/1346 1789/1347
v -0.1857823 1.3869416 0.7436540
vt 0.7363281 0.1949153
v -0.1834367 1.3579931 0.7415374
vt 0.7441406 0.2457627
v -0.1807124 1.3728264 0.7438932
vt 0.7792969 0.2457627
f 1790/1348 1791/1349 1792/1350
usemtl clut_848_500
v -0.1431744 1.2907355 0.7478912
vt 0.3808594 0.3813559
v -0.1557006 1.3031915 0.7450730
vt 0.4199219 0.3983051
v -0.0895962 1.4273994 0.7788165
vt 0.4082031 0.3531073
f 1793/1351 1794/1352 1795/1353
v -0.1557006 1.3031915 0.7450730
vt 0.4199219 0.3983051
v -0.1431744 1.2907355 0.7478912
vt 0.3808594 0.3813559
v -0.0858985 1.3946868 0.7767636
vt 0.3769531 0.4491525
f 1796/1354 1797/1355 1798/1356
usemtl clut_864_500
v -0.1857823 1.3869416 0.7436540
vt 0.7363281 0.1949153
v -0.1807124 1.3728264 0.7438932
vt 0.7792969 0.2457627
v -0.2097169 1.3835211 0.7355648
vt 0.7753906 0.1779661
f 1799/1357 1800/1358 1801/1359
usemtl clut_848_500
v -0.1557006 1.3031915 0.7450730
vt 0.4199219 0.3983051
v -0.0858985 1.3946868 0.7767636
vt 0.3769531 0.4491525
v -0.0595348 1.3212878 0.7780072
vt 0.4121094 0.4491525
f 1802/1360 1803/1361 1804/1362
usemtl clut_832_500
v -0.1431744 1.2907355 0.7478912
vt 0.9824219 0.5564972
v -0.2097169 1.3835211 0.7355648
vt 0.9394531 0.5564972
v -0.0858985 1.3946868 0.7767636
vt 0.9785156 0.6242938
v -0.1807124 1.3728264 0.7438932
vt 0.9394531 0.6242938
f 1805/1363 1806/1364 1807/1365
f 1805/1363 1807/1365 1808/1366
v -0.0895962 1.4273994 0.7788165
vt 0.9785156 0.5282486
v -0.1557006 1.3031915 0.7450730
vt 0.9394531 0.5282486
v -0.1431744 1.2907355 0.7478912
vt 0.9824219 0.5564972
v -0.2097169 1.3835211 0.7355648
vt 0.9394531 0.5564972
f 1809/1367 1810/1368 1811/1369
f 1809/1367 1811/1369 1812/1370
usemtl clut_880_500
v -0.1557006 1.3031915 0.7450730
vt 0.5332031 0.1836158
v -0.1857823 1.3869416 0.7436540
vt 0.5761719 0.1836158
v -0.0895962 1.4273994 0.7788165
vt 0.5332031 0.1384181
v -0.1557006 1.3031915 0.7450730
vt 0.5761719 0.1384181
f 1813/1371 1814/1372 1815/1373
f 1813/1371 1815/1373 1816/1374
v -0.0595348 1.3212878 0.7780072
vt 0.5332031 0.2344633
v -0.1834367 1.3579931 0.7415374
vt 0.5722656 0.2344633
v -0.1557006 1.3031915 0.7450730
vt 0.5332031 0.1836158
v -0.1857823 1.3869416 0.7436540
vt 0.5761719 0.1836158
f 1817/1375 1818/1376 1819/1377
f 1817/1375 1819/1377 1820/1378
v -0.1834367 1.3579931 0.7415374
vt 0.5722656 0.2344633
v -0.0595348 1.3212878 0.7780072
vt 0.5332031 0.2344633
v -0.1807124 1.3728264 0.7438932
vt 0.5761719 0.2344633
v -0.0858985 1.3946868 0.7767636
vt 0.5332031 0.2344633
f 1821/1379 1822/1380 1823/1381
f 1821/1379 1823/1381 1824/1382
g bone_23
usemtl clut_864_499
v -0.3811361 1.3680225 0.0245603
vt 0.1035156 0.3700565
v -0.5151093 1.3484516 0.1024587
vt 0.1542969 0.4322034
v -0.5535892 1.3459425 0.0798091
vt 0.0800781 0.4265537
f 1825/1383 1826/1384 1827/1385
v -0.4215342 1.3559789 0.1369122
vt 0.0917969 0.5338983
v -0.5535892 1.3459425 0.0798091
vt 0.0800781 0.4265537
v -0.5151093 1.3484516 0.1024587
vt 0.1542969 0.4322034
f 1828/1386 1829/1387 1830/1388
v -0.5151093 1.3484516 0.1024587
vt 0.1542969 0.4322034
v -0.4714986 1.3628789 -0.0394566
vt 0.1542969 0.5395480
v -0.4215342 1.3559789 0.1369122
vt 0.0917969 0.5338983
f 1831/1389 1832/1390 1833/1391
v -0.5049466 1.3553516 0.0182025
vt 0.0878906 0.5338983
v -0.4215342 1.3559789 0.1369122
vt 0.0917969 0.5338983
v -0.4714986 1.3628789 -0.0394566
vt 0.1542969 0.5395480
f 1834/1392 1835/1393 1836/1394
usemtl rgb_001_000_000
v -0.5151093 1.3484516 0.1024587
v -0.2811339 1.3771808 0.0452649
v -0.4714986 1.3628789 -0.0394566
f 1837 1838 1839
v -0.2811339 1.3771808 0.0452649
v -0.5151093 1.3484516 0.1024587
v -0.3982585 1.3722880 -0.0633807
f 1840 1841 1842
v -0.4878969 1.3628789 -0.0645782
v -0.6000510 1.3459425 0.0086312
v -0.3811361 1.3680225 0.0245603
f 1843 1844 1845
v -0.2811339 1.3771808 0.0452649
v -0.5049466 1.3553516 0.0182025
v -0.4714986 1.3628789 -0.0394566
f 1846 1847 1848
v -0.5151093 1.3484516 0.1024587
v -0.3811361 1.3680225 0.0245603
v -0.3982585 1.3722880 -0.0633807
f 1849 1850 1851
v -0.6000510 1.3459425 0.0086312
v -0.3982585 1.3722880 -0.0633807
v -0.3811361 1.3680225 0.0245603
f 1852 1853 1854
usemtl clut_880_499
v -0.2811339 1.3771808 0.0452649
vt 0.5761719 0.5451977
v -0.3982585 1.3722880 -0.0633807
vt 0.6035156 0.5338983
v -0.5535892 1.3459425 0.0798091
vt 0.6269531 0.6186441
f 1855/1395 1856/1396 1857/1397
usemtl clut_864_499
v -0.4878969 1.3628789 -0.0645782
vt 0.0957031 0.2683616
v -0.3811361 1.3680225 0.0245603
vt 0.1035156 0.3700565
v -0.5535892 1.3459425 0.0798091
vt 0.0800781 0.4265537
f 1858/1398 1859/1399 1860/1400
usemtl clut_880_499
v -0.4878969 1.3628789 -0.0645782
vt 0.6542969 0.4604520
v -0.5535892 1.3459425 0.0798091
vt 0.6269531 0.6186441
v -0.6000510 1.3459425 0.0086312
vt 0.6230469 0.4435028
f 1861/1401 1862/1402 1863/1403
v -0.5535892 1.3459425 0.0798091
vt 0.6269531 0.6186441
v -0.3982585 1.3722880 -0.0633807
vt 0.6035156 0.5338983
v -0.6000510 1.3459425 0.0086312
vt 0.6230469 0.4435028
f 1864/1404 1865/1405 1866/1406
v -0.4215342 1.3559789 0.1369122
vt 0.6035156 0.7259887
v -0.5049466 1.3553516 0.0182025
vt 0.5644531 0.7259887
v -0.2811339 1.3771808 0.0452649
vt 0.5761719 0.5451977
f 1867/1407 1868/1408 1869/1409
v -0.2811339 1.3771808 0.0452649
vt 0.5761719 0.5451977
v -0.5535892 1.3459425 0.0798091
vt 0.6269531 0.6186441
v -0.4215342 1.3559789 0.1369122
vt 0.6035156 0.7259887
f 1870/1410 1871/1411 1872/1412
g bone_24
usemtl clut_848_497
v -0.4139252 1.3818584 -0.1486763
vt 0.0449219 0.5338983
v -0.3613268 1.4201475 -0.2665421
vt 0.0410156 0.5395480
v -0.3242350 1.4140881 -0.1940957
vt 0.0761719 0.5395480
f 1873/1413 1874/1414 1875/1415
usemtl rgb_001_000_000
v -0.1573885 1.4427141 -0.1311689
v -0.3242350 1.4140881 -0.1940957
v -0.2481720 1.3945877 -0.0122437
f 1876 1877 1878
v -0.2693162 1.4355310 -0.2299443
v -0.1573885 1.4427141 -0.1311689
v -0.2481720 1.3945877 -0.0122437
f 1879 1880 1881
v -0.1690592 1.4039208 0.0375465
v -0.2386786 1.3830782 0.0531582
v -0.3236887 1.3904627 -0.0822810
f 1882 1883 1884
v -0.1690592 1.4039208 0.0375465
v -0.2693162 1.4355310 -0.2299443
v -0.2386786 1.3830782 0.0531582
f 1885 1886 1887
v -0.1573885 1.4427141 -0.1311689
v -0.4139252 1.3818584 -0.1486763
v -0.3242350 1.4140881 -0.1940957
f 1888 1889 1890
v -0.2693162 1.4355310 -0.2299443
v -0.1690592 1.4039208 0.0375465
v -0.1573885 1.4427141 -0.1311689
f 1891 1892 1893
usemtl clut_848_497
v -0.2713308 1.3652571 0.0983383
vt 0.0058594 0.4209040
v -0.2693162 1.4355310 -0.2299443
vt 0.0292969 0.3700565
v -0.2481720 1.3945877 -0.0122437
vt 0.0605469 0.3926554
f 1894/1416 1895/1417 1896/1418
usemtl clut_832_497
v -0.2713308 1.3652571 0.0983383
vt 0.4082031 0.6129944
v -0.1573885 1.4427141 -0.1311689
vt 0.3300781 0.6299435
v -0.1690592 1.4039208 0.0375465
vt 0.3652344 0.5621469
f 1897/1419 1898/1420 1899/1421
v -0.2713308 1.3652571 0.0983383
vt 0.4082031 0.6129944
v -0.1690592 1.4039208 0.0375465
vt 0.3652344 0.5621469
v -0.3236887 1.3904627 -0.0822810
vt 0.3886719 0.4548023
f 1900/1422 1901/1423 1902/1424
v -0.2386786 1.3830782 0.0531582
vt 0.4355469 0.4548023
v -0.2713308 1.3652571 0.0983383
vt 0.4082031 0.6129944
v -0.3236887 1.3904627 -0.0822810
vt 0.3886719 0.4548023
f 1903/1425 1904/1426 1905/1427
usemtl clut_848_497
v -0.2386786 1.3830782 0.0531582
vt 0.0019531 0.2627119
v -0.2693162 1.4355310 -0.2299443
vt 0.0292969 0.3700565
v -0.2713308 1.3652571 0.0983383
vt 0.0058594 0.4209040
f 1906/1428 1907/1429 1908/1430
usemtl clut_832_497
v -0.1573885 1.4427141 -0.1311689
vt 0.3300781 0.6299435
v -0.2713308 1.3652571 0.0983383
vt 0.4082031 0.6129944
v -0.3613268 1.4201475 -0.2665421
vt 0.3847656 0.7372881
f 1909/1431 1910/1432 1911/1433
v -0.3613268 1.4201475 -0.2665421
vt 0.3847656 0.7372881
v -0.4139252 1.3818584 -0.1486763
vt 0.3300781 0.7316384
v -0.1573885 1.4427141 -0.1311689
vt 0.3300781 0.6299435
f 1912/1434 1913/1435 1914/1436
usemtl clut_848_497
v -0.2481720 1.3945877 -0.0122437
vt 0.0605469 0.3926554
v -0.3242350 1.4140881 -0.1940957
vt 0.0761719 0.5395480
v -0.3613268 1.4201475 -0.2665421
vt 0.0292969 0.5395480
f 1915/1437 1916/1438 1917/1439
v -0.3613268 1.4201475 -0.2665421
vt 0.0292969 0.5395480
v -0.2713308 1.3652571 0.0983383
vt 0.0058594 0.4209040
v -0.2481720 1.3945877 -0.0122437
vt 0.0605469 0.3926554
f 1918/1440 1919/1441 1920/1442
g bone_25
usemtl clut_864_499
v -0.2287628 1.3769318 0.3335109
vt 0.1035156 0.3700565
v 0.0343002 1.3655680 0.2155333
vt 0.0800781 0.4265537
v -0.1224921 1.3679604 0.0850133
vt 0.1542969 0.4322034
f 1921/1443 1922/1444 1923/1445
v -0.0856179 1.3647705 -0.0047370
vt 0.0917969 0.5338983
v -0.1224921 1.3679604 0.0850133
vt 0.1542969 0.4322034
v 0.0343002 1.3655680 0.2155333
vt 0.0800781 0.4265537
f 1924/1446 1925/1447 1926/1448
v -0.1224921 1.3679604 0.0850133
vt 0.1542969 0.4322034
v -0.0856179 1.3647705 -0.0047370
vt 0.0917969 0.5338983
v -0.1029185 1.3701534 0.2155394
vt 0.1542969 0.5395480
f 1927/1449 1928/1450 1929/1451
v -0.1319737 1.3677610 0.0613477
vt 0.0878906 0.5338983
v -0.1029185 1.3701534 0.2155394
vt 0.1542969 0.5395480
v -0.0856179 1.3647705 -0.0047370
vt 0.0917969 0.5338983
f 1930/1452 1931/1453 1932/1454
usemtl rgb_001_000_000
v -0.1224921 1.3679604 0.0850133
v -0.1029185 1.3701534 0.2155394
v -0.1983047 1.3746989 0.2778034
f 1933 1934 1935
v -0.1983047 1.3746989 0.2778034
v -0.2503972 1.3731438 0.1267076
v -0.1224921 1.3679604 0.0850133
f 1936 1937 1938
v -0.2149736 1.3701534 0.0438750
v -0.2287628 1.3769318 0.3335109
v -0.1020162 1.3647705 -0.0298587
f 1939 1940 1941
v -0.1983047 1.3746989 0.2778034
v -0.1029185 1.3701534 0.2155394
v -0.1319737 1.3677610 0.0613477
f 1942 1943 1944
v -0.1224921 1.3679604 0.0850133
v -0.2503972 1.3731438 0.1267076
v -0.2287628 1.3769318 0.3335109
f 1945 1946 1947
v -0.1020162 1.3647705 -0.0298587
v -0.2287628 1.3769318 0.3335109
v -0.2503972 1.3731438 0.1267076
f 1948 1949 1950
usemtl clut_880_499
v -0.1983047 1.3746989 0.2778034
vt 0.5761719 0.5451977
v 0.0343002 1.3655680 0.2155333
vt 0.6269531 0.6186441
v -0.2503972 1.3731438 0.1267076
vt 0.6035156 0.5338983
f 1951/1455 1952/1456 1953/1457
usemtl clut_864_499
v -0.2149736 1.3701534 0.0438750
vt 0.0957031 0.2683616
v 0.0343002 1.3655680 0.2155333
vt 0.0800781 0.4265537
v -0.2287628 1.3769318 0.3335109
vt 0.1035156 0.3700565
f 1954/1458 1955/1459 1956/1460
usemtl clut_880_499
v -0.2149736 1.3701534 0.0438750
vt 0.6542969 0.4604520
v -0.1020162 1.3647705 -0.0298587
vt 0.6230469 0.4435028
v 0.0343002 1.3655680 0.2155333
vt 0.6269531 0.6186441
f 1957/1461 1958/1462 1959/1463
v 0.0343002 1.3655680 0.2155333
vt 0.6269531 0.6186441
v -0.1020162 1.3647705 -0.0298587
vt 0.6230469 0.4435028
v -0.2503972 1.3731438 0.1267076
vt 0.6035156 0.5338983
f 1960/1464 1961/1465 1962/1466
v -0.0856179 1.3647705 -0.0047370
vt 0.6035156 0.7259887
v -0.1983047 1.3746989 0.2778034
vt 0.5761719 0.5451977
v -0.1319737 1.3677610 0.0613477
vt 0.5644531 0.7259887
f 1963/1467 1964/1468 1965/1469
v -0.1983047 1.3746989 0.2778034
vt 0.5761719 0.5451977
v -0.0856179 1.3647705 -0.0047370
vt 0.6035156 0.7259887
v 0.0343002 1.3655680 0.2155333
vt 0.6269531 0.6186441
f 1966/1470 1967/1471 1968/1472
g bone_26
usemtl clut_848_497
v 0.0417759 1.4646941 0.0793046
vt 0.0449219 0.5338983
v -0.0873218 1.4265069 0.0800373
vt 0.0761719 0.5395480
v -0.1226487 1.3985748 0.1997611
vt 0.0410156 0.5395480
f 1969/1473 1970/1474 1971/1475
usemtl rgb_001_000_000
v 0.0682194 1.4392354 0.3066867
v 0.0732233 1.4499169 0.2437513
v -0.0873218 1.4265069 0.0800373
f 1972 1973 1974
v -0.0908118 1.4110054 0.1789793
v 0.0732233 1.4499169 0.2437513
v 0.0682194 1.4392354 0.3066867
f 1975 1976 1977
v 0.1138356 1.4422091 0.3783478
v 0.1561338 1.4630882 0.3209028
v 0.1140438 1.4745828 0.1574363
f 1978 1979 1980
v 0.1138356 1.4422091 0.3783478
v 0.1140438 1.4745828 0.1574363
v -0.0908118 1.4110054 0.1789793
f 1981 1982 1983
v 0.0682194 1.4392354 0.3066867
v -0.0873218 1.4265069 0.0800373
v 0.0417759 1.4646941 0.0793046
f 1984 1985 1986
v -0.0908118 1.4110054 0.1789793
v 0.0682194 1.4392354 0.3066867
v 0.1138356 1.4422091 0.3783478
f 1987 1988 1989
usemtl clut_848_497
v 0.0984880 1.4580359 0.2391933
vt 0.0058594 0.4209040
v 0.0732233 1.4499169 0.2437513
vt 0.0605469 0.3926554
v -0.0908118 1.4110054 0.1789793
vt 0.0292969 0.3700565
f 1990/1476 1991/1477 1992/1478
usemtl clut_832_497
v 0.0984880 1.4580359 0.2391933
vt 0.4082031 0.6129944
v 0.1138356 1.4422091 0.3783478
vt 0.3652344 0.5621469
v 0.0682194 1.4392354 0.3066867
vt 0.3300781 0.6299435
f 1993/1479 1994/1480 1995/1481
v 0.0984880 1.4580359 0.2391933
vt 0.4082031 0.6129944
v 0.1561338 1.4630882 0.3209028
vt 0.3886719 0.4548023
v 0.1138356 1.4422091 0.3783478
vt 0.3652344 0.5621469
f 1996/1482 1997/1483 1998/1484
v 0.1140438 1.4745828 0.1574363
vt 0.4355469 0.4548023
v 0.1561338 1.4630882 0.3209028
vt 0.3886719 0.4548023
v 0.0984880 1.4580359 0.2391933
vt 0.4082031 0.6129944
f 1999/1485 2000/1486 2001/1487
usemtl clut_848_497
v 0.1140438 1.4745828 0.1574363
vt 0.0019531 0.2627119
v 0.0984880 1.4580359 0.2391933
vt 0.0058594 0.4209040
v -0.0908118 1.4110054 0.1789793
vt 0.0292969 0.3700565
f 2002/1488 2003/1489 2004/1490
usemtl clut_832_497
v 0.0682194 1.4392354 0.3066867
vt 0.3300781 0.6299435
v -0.1226487 1.3985748 0.1997611
vt 0.3847656 0.7372881
v 0.0984880 1.4580359 0.2391933
vt 0.4082031 0.6129944
f 2005/1491 2006/1492 2007/1493
v -0.1226487 1.3985748 0.1997611
vt 0.3847656 0.7372881
v 0.0682194 1.4392354 0.3066867
vt 0.3300781 0.6299435
v 0.0417759 1.4646941 0.0793046
vt 0.3300781 0.7316384
f 2008/1494 2009/1495 2010/1496
usemtl clut_848_497
v 0.0732233 1.4499169 0.2437513
vt 0.0605469 0.3926554
v -0.1226487 1.3985748 0.1997611
vt 0.0292969 0.5395480
v -0.0873218 1.4265069 0.0800373
vt 0.0761719 0.5395480
f 2011/1497 2012/1498 2013/1499
v -0.1226487 1.3985748 0.1997611
vt 0.0292969 0.5395480
v 0.0732233 1.4499169 0.2437513
vt 0.0605469 0.3926554
v 0.0984880 1.4580359 0.2391933
vt 0.0058594 0.4209040
f 2014/1500 2015/1501 2016/1502
g bone_27
usemtl clut_864_501
v -0.1618791 1.2722966 0.2898520
vt 0.8144531 0.9971751
v -0.3645065 1.2445722 0.3325542
vt 0.9042969 0.9971751
v -0.2346274 1.2758511 0.1331324
vt 0.8613281 0.9915254
f 2017/1503 2018/1504 2019/1505
usemtl rgb_001_000_000
v -0.3258042 1.2602116 0.1926487
v -0.2797676 1.2751402 0.0730336
v -0.4538324 1.2452831 0.1866557
f 2020 2021 2022
usemtl clut_864_501
v -0.3668000 1.2602116 0.1298447
vt 0.8613281 0.8276836
v -0.3258042 1.2602116 0.1926487
vt 0.9042969 0.7429379
v -0.4538324 1.2452831 0.1866557
vt 0.8613281 0.7033898
f 2023/1506 2024/1507 2025/1508
v -0.3668000 1.2602116 0.1298447
vt 0.8613281 0.8276836
v -0.4072492 1.2602116 0.0678780
vt 0.9082031 0.8502825
v -0.3258042 1.2602116 0.1926487
vt 0.9042969 0.7429379
f 2026/1509 2027/1510 2028/1511
v -0.2346274 1.2758511 0.1331324
vt 0.8613281 0.9915254
v -0.4072492 1.2602116 0.0678780
vt 0.9082031 0.8502825
v -0.3668000 1.2602116 0.1298447
vt 0.8613281 0.8276836
f 2029/1512 2030/1513 2031/1514
v -0.3064618 1.2765619 0.0140303
vt 0.9199219 0.8728814
v -0.4072492 1.2602116 0.0678780
vt 0.9082031 0.8502825
v -0.3645065 1.2445722 0.3325542
vt 0.9042969 0.9971751
f 2032/1515 2033/1516 2034/1517
v -0.3645065 1.2445722 0.3325542
vt 0.9042969 0.9971751
v -0.4072492 1.2602116 0.0678780
vt 0.9082031 0.8502825
v -0.2346274 1.2758511 0.1331324
vt 0.8613281 0.9915254
f 2035/1518 2036/1519 2037/1520
v -0.2370018 1.2815381 0.0570599
vt 0.8105469 0.8502825
v -0.2346274 1.2758511 0.1331324
vt 0.8613281 0.9915254
v -0.3668000 1.2602116 0.1298447
vt 0.8613281 0.8276836
f 2038/1521 2039/1522 2040/1523
v -0.2346274 1.2758511 0.1331324
vt 0.8613281 0.9915254
v -0.2370018 1.2815381 0.0570599
vt 0.8105469 0.8502825
v -0.1618791 1.2722966 0.2898520
vt 0.8144531 0.9971751
f 2041/1524 2042/1525 2043/1526
v -0.1618791 1.2722966 0.2898520
vt 0.8144531 0.9971751
v -0.2370018 1.2815381 0.0570599
vt 0.8105469 0.8502825
v -0.4265916 1.2438613 0.2464964
vt 0.7988281 0.8728814
f 2044/1527 2045/1528 2046/1529
v -0.4538324 1.2452831 0.1866557
vt 0.8613281 0.7033898
v -0.2797676 1.2751402 0.0730336
vt 0.8144531 0.7429379
v -0.3668000 1.2602116 0.1298447
vt 0.8613281 0.8276836
f 2047/1530 2048/1531 2049/1532
v -0.3668000 1.2602116 0.1298447
vt 0.8613281 0.8276836
v -0.2797676 1.2751402 0.0730336
vt 0.8144531 0.7429379
v -0.2370018 1.2815381 0.0570599
vt 0.8105469 0.8502825
f 2050/1533 2051/1534 2052/1535
usemtl rgb_001_000_000
v -0.4265916 1.2438613 0.2464964
v -0.3064618 1.2765619 0.0140303
v -0.1618791 1.2722966 0.2898520
v -0.3645065 1.2445722 0.3325542
f 2053 2054 2055
f 2053 2055 2056
v -0.2370018 1.2815381 0.0570599
v -0.4072492 1.2602116 0.0678780
v -0.4265916 1.2438613 0.2464964
v -0.3064618 1.2765619 0.0140303
f 2057 2058 2059
f 2057 2059 2060
v -0.2797676 1.2751402 0.0730336
v -0.3258042 1.2602116 0.1926487
v -0.2370018 1.2815381 0.0570599
v -0.4072492 1.2602116 0.0678780
f 2061 2062 2063
f 2061 2063 2064
g bone_28
usemtl clut_864_503
v -0.4368287 1.8410832 0.1843708
vt 0.1894531 0.5677966
v -0.3773538 1.8739089 0.1875669
vt 0.2363281 0.5395480
v -0.3885385 1.9164055 0.0624872
vt 0.1738281 0.4774011
f 2065/1536 2066/1537 2067/1538
v -0.5477627 1.8107539 0.0993839
vt 0.2363281 0.6638418
v -0.3773538 1.8739089 0.1875669
vt 0.2363281 0.5395480
v -0.4368287 1.8410832 0.1843708
vt 0.1894531 0.5677966
f 2068/1539 2069/1540 2070/1541
usemtl clut_848_503
v -0.4071568 1.9113153 0.0482236
vt 0.9628906 0.4209040
v -0.3885385 1.9164055 0.0624872
vt 0.9707031 0.3305085
v -0.3440929 1.8767904 0.2289361
vt 0.9980469 0.3418079
f 2071/1542 2072/1543 2073/1544
v -0.4368287 1.8410832 0.1843708
vt 0.9160156 0.4209040
v -0.4071568 1.9113153 0.0482236
vt 0.9628906 0.4209040
v -0.5477627 1.8107539 0.0993839
vt 0.9160156 0.5169492
f 2074/1545 2075/1546 2076/1547
v -0.4071568 1.9113153 0.0482236
vt 0.9628906 0.4209040
v -0.4368287 1.8410832 0.1843708
vt 0.9160156 0.4209040
v -0.3885385 1.9164055 0.0624872
vt 0.9707031 0.3305085
f 2077/1548 2078/1549 2079/1550
v -0.3885385 1.9164055 0.0624872
vt 0.9707031 0.3305085
v -0.4368287 1.8410832 0.1843708
vt 0.9160156 0.4209040
v -0.3885385 1.9164055 0.0624872
vt 0.9082031 0.3305085
f 2080/1551 2081/1552 2082/1553
usemtl clut_864_503
v -0.3885385 1.9164055 0.0624872
vt 0.1738281 0.4774011
v -0.3773538 1.8739089 0.1875669
vt 0.2363281 0.5395480
v -0.2721741 1.9482195 0.1516342
vt 0.2363281 0.4661017
f 2083/1554 2084/1555 2085/1556
usemtl rgb_001_000_000
v -0.2139919 1.9641265 0.1962077
v -0.3885385 1.9164055 0.0624872
v -0.2721741 1.9482195 0.1516342
f 2086 2087 2088
v -0.3440929 1.8767904 0.2289361
v -0.2139919 1.9641265 0.1962077
v -0.4410975 1.9641557 -0.1366572
f 2089 2090 2091
v -0.2139919 1.9641265 0.1962077
v -0.3440929 1.8767904 0.2289361
v -0.3885385 1.9164055 0.0624872
f 2092 2093 2094
v -0.3885385 1.9164055 0.0624872
v -0.3440929 1.8767904 0.2289361
v -0.3885385 1.9164055 0.0624872
f 2095 2096 2097
usemtl clut_848_503
v -0.2139919 1.9641265 0.1962077
vt 0.9082031 0.3305085
v -0.3546321 1.9774420 -0.0439361
vt 0.9160156 0.4209040
v -0.4410975 1.9641557 -0.1366572
vt 0.9707031 0.3305085
f 2098/1557 2099/1558 2100/1559
usemtl clut_864_503
v -0.2721741 1.9482195 0.1516342
vt 0.2363281 0.4661017
v -0.3773538 1.8739089 0.1875669
vt 0.2363281 0.5395480
v -0.2139919 1.9641265 0.1962077
vt 0.2949219 0.4774011
f 2101/1560 2102/1561 2103/1562
usemtl clut_848_503
v -0.3546321 1.9774420 -0.0439361
vt 0.9160156 0.4209040
v -0.5477627 1.8107539 0.0993839
vt 0.9160156 0.5169492
v -0.4071568 1.9113153 0.0482236
vt 0.9628906 0.4209040
f 2104/1563 2105/1564 2106/1565
usemtl clut_864_503
v -0.3773538 1.8739089 0.1875669
vt 0.2363281 0.5395480
v -0.5477627 1.8107539 0.0993839
vt 0.2363281 0.6638418
v -0.3546321 1.9774420 -0.0439361
vt 0.2792969 0.5677966
f 2107/1566 2108/1567 2109/1568
usemtl clut_848_503
v -0.4071568 1.9113153 0.0482236
vt 0.9628906 0.4209040
v -0.3440929 1.8767904 0.2289361
vt 0.9980469 0.3418079
v -0.4410975 1.9641557 -0.1366572
vt 0.9707031 0.3305085
f 2110/1569 2111/1570 2112/1571
v -0.4410975 1.9641557 -0.1366572
vt 0.9707031 0.3305085
v -0.3546321 1.9774420 -0.0439361
vt 0.9160156 0.4209040
v -0.4071568 1.9113153 0.0482236
vt 0.9628906 0.4209040
f 2113/1572 2114/1573 2115/1574
usemtl clut_864_503
v -0.2139919 1.9641265 0.1962077
vt 0.2949219 0.4774011
v -0.3773538 1.8739089 0.1875669
vt 0.2363281 0.5395480
v -0.3546321 1.9774420 -0.0439361
vt 0.2792969 0.5677966
f 2116/1575 2117/1576 2118/1577
