# Original Vanguard Bandits ATAC Alba
mtllib alba.mtl
o alba
g bone_00
usemtl rgb_064_080_088
v 0.7649250 1.2447605 0.2057948
v 0.0347575 1.4455242 0.4997053
v -0.3661378 1.4169246 -0.0076664
f 1 2 3
v 0.0258078 1.5247232 0.1902810
v -0.3811772 1.4081247 0.0021508
v -0.1416648 1.4411243 0.2458612
f 4 5 6
v -0.3661378 1.4169246 -0.0076664
v 0.0347575 1.4455242 0.4997053
v -0.1343846 1.5621227 -0.1947705
f 7 8 9
v -0.1416648 1.4411243 0.2458612
v -0.3811772 1.4081247 0.0021508
v 0.0500886 1.5533228 0.1206929
f 10 11 12
v 0.0500886 1.5533228 0.1206929
v -0.3661378 1.4169246 -0.0076664
v -0.1416648 1.4411243 0.2458612
v -0.1343846 1.5621227 -0.1947705
f 13 14 15
f 13 15 16
v 0.0347575 1.4455242 0.4997053
v 0.0258078 1.5247232 0.1902810
v -0.1343846 1.5621227 -0.1947705
v -0.1416648 1.4411243 0.2458612
f 17 18 19
f 17 19 20
v 0.7649250 1.2447605 0.2057948
v -0.3811772 1.4081247 0.0021508
v 0.0347575 1.4455242 0.4997053
v 0.0258078 1.5247232 0.1902810
f 21 22 23
f 21 23 24
v -0.3811772 1.4081247 0.0021508
v 0.7649250 1.2447605 0.2057948
v 0.0500886 1.5533228 0.1206929
v -0.3661378 1.4169246 -0.0076664
f 25 26 27
f 25 27 28
g bone_01
usemtl rgb_000_016_032
v 0.0303537 1.5341604 0.1873136
v -0.2255935 1.5217297 -0.1352333
v -0.3375028 1.4844377 -0.0980095
f 29 30 31
usemtl rgb_064_080_088
v -0.2897473 1.5030837 -0.1291822
v -0.3531052 1.4847485 -0.1236507
v -0.3060967 1.4847485 -0.0516354
f 32 33 34
v -0.1257153 1.4847485 0.2247024
v -0.2121775 1.5214190 -0.1129417
v -0.0104784 1.5214190 0.1960542
f 35 36 37
v -0.2897473 1.5030837 -0.1291822
v -0.2121775 1.5214190 -0.1129417
v -0.3531052 1.4847485 -0.1236507
f 38 39 40
v -0.1257153 1.4847485 0.2247024
v -0.1257153 1.4847485 0.2247024
v -0.2121775 1.5214190 -0.1129417
f 41 42 43
usemtl clut_864_499
v -0.0104784 1.5214190 0.1960542
vt 0.1738281 0.5900000
v -0.3586277 1.4642378 -0.0173454
vt 0.1503906 0.6500000
v -0.0259350 1.4844377 0.3793012
vt 0.1542969 0.6566667
f 44/1 45/2 46/3
v -0.0597383 1.4797762 0.3535989
vt 0.0996094 0.6500000
v 0.0695760 1.5217297 0.3169558
vt 0.0722656 0.5900000
v 0.0994467 1.5419296 0.2496898
vt 0.0957031 0.6566667
f 47/4 48/5 49/6
v 0.0815149 1.5263913 0.3091626
vt 0.0410156 0.9966667
v 0.1770259 1.5636833 0.2468171
vt 0.2050781 0.9966667
v -0.2263086 1.4424841 0.3070840
vt 0.1230469 0.9966667
f 50/7 51/8 52/9
usemtl rgb_000_016_032
v -0.0597383 1.4797762 0.3535989
v 0.0815149 1.5263913 0.3091626
v -0.0711032 1.5030837 0.2057727
f 53 54 55
v -0.0597383 1.4797762 0.3535989
v -0.0711032 1.5030837 0.2057727
v 0.0695760 1.5217297 0.3169558
f 56 57 58
v 0.2114031 1.5963139 0.1169000
v -0.3586277 1.4642378 -0.0173454
v -0.0104784 1.5214190 0.1960542
f 59 60 61
v -0.3586277 1.4642378 -0.0173454
v 0.2114031 1.5963139 0.1169000
v 0.1770259 1.5636833 0.2468171
f 62 63 64
usemtl clut_864_503
v -0.2962154 1.4098536 0.3825710
vt 0.0722656 0.5566667
v -0.0972342 1.4875454 0.2526846
vt 0.1152344 0.5566667
v -0.3375028 1.4844377 -0.0980095
vt 0.0917969 0.4300000
f 65/10 66/11 67/12
v -0.3375028 1.4844377 -0.0980095
vt 0.0917969 0.4300000
v -0.0972342 1.4875454 0.2526846
vt 0.1152344 0.5566667
v -0.2608832 1.5186221 -0.1719072
vt 0.1855469 0.4966667
f 68/13 69/14 70/15
v -0.1255760 1.5714525 -0.2602299
vt 0.0019531 0.4966667
v -0.2962154 1.4098536 0.3825710
vt 0.0722656 0.5566667
v -0.3375028 1.4844377 -0.0980095
vt 0.0917969 0.4300000
f 71/16 72/17 73/18
v -0.2608832 1.5186221 -0.1719072
vt 0.1855469 0.4966667
v -0.0972342 1.4875454 0.2526846
vt 0.1152344 0.5566667
v -0.4096431 1.4347149 0.0696939
vt 0.1816406 0.5633333
f 74/19 75/20 76/21
v -0.2255935 1.5217297 -0.1352333
vt 0.0683594 0.5833333
v -0.2962154 1.4098536 0.3825710
vt 0.0722656 0.5566667
v -0.0673954 1.5683448 -0.1537106
vt 0.0019531 0.5633333
f 77/22 78/23 79/24
v -0.4096431 1.4347149 0.0696939
vt 0.1816406 0.5633333
v -0.0972342 1.4875454 0.2526846
vt 0.1152344 0.5566667
v 0.0303537 1.5341604 0.1873136
vt 0.1152344 0.5833333
f 80/25 81/26 82/27
v -0.0673954 1.5683448 -0.1537106
vt 0.0019531 0.5633333
v -0.2962154 1.4098536 0.3825710
vt 0.0722656 0.5566667
v -0.1255760 1.5714525 -0.2602299
vt 0.0019531 0.4966667
f 83/28 84/29 85/30
usemtl clut_864_499
v -0.2263086 1.4424841 0.3070840
vt 0.1230469 0.9966667
v -0.0259350 1.4844377 0.3793012
vt 0.1542969 0.6566667
v 0.0994467 1.5419296 0.2496898
vt 0.0957031 0.6566667
f 86/31 87/32 88/33
v 0.0994467 1.5419296 0.2496898
vt 0.0957031 0.6566667
v 0.0695760 1.5217297 0.3169558
vt 0.0722656 0.5900000
v -0.0711032 1.5030837 0.2057727
vt 0.0019531 0.6700000
f 89/34 90/35 91/36
v -0.0259350 1.4844377 0.3793012
vt 0.1542969 0.6566667
v 0.2114031 1.5963139 0.1169000
vt 0.2480469 0.6700000
v -0.0104784 1.5214190 0.1960542
vt 0.1738281 0.5900000
f 92/37 93/38 94/39
v 0.1770259 1.5636833 0.2468171
vt 0.2050781 0.9966667
v -0.0259350 1.4844377 0.3793012
vt 0.1542969 0.6566667
v -0.2263086 1.4424841 0.3070840
vt 0.1230469 0.9966667
f 95/40 96/41 97/42
v -0.0259350 1.4844377 0.3793012
vt 0.1542969 0.6566667
v 0.1770259 1.5636833 0.2468171
vt 0.2050781 0.9966667
v 0.2114031 1.5963139 0.1169000
vt 0.2480469 0.6700000
f 98/43 99/44 100/45
v 0.0994467 1.5419296 0.2496898
vt 0.0957031 0.6566667
v 0.0815149 1.5263913 0.3091626
vt 0.0410156 0.9966667
v -0.2263086 1.4424841 0.3070840
vt 0.1230469 0.9966667
f 101/46 102/47 103/48
v 0.0815149 1.5263913 0.3091626
vt 0.0410156 0.9966667
v 0.0994467 1.5419296 0.2496898
vt 0.0957031 0.6566667
v -0.0711032 1.5030837 0.2057727
vt 0.0019531 0.6700000
f 104/49 105/50 106/51
usemtl rgb_000_016_032
v -0.3375028 1.4844377 -0.0980095
v -0.2608832 1.5186221 -0.1719072
v 0.0303537 1.5341604 0.1873136
v -0.4096431 1.4347149 0.0696939
f 107 108 109
f 107 109 110
v -0.2255935 1.5217297 -0.1352333
v -0.0673954 1.5683448 -0.1537106
v -0.3375028 1.4844377 -0.0980095
v -0.1255760 1.5714525 -0.2602299
f 111 112 113
f 111 113 114
usemtl rgb_064_080_088
v -0.2897473 1.5030837 -0.1291822
v -0.3060967 1.4847485 -0.0516354
v -0.1257153 1.4847485 0.2247024
v -0.2121775 1.5214190 -0.1129417
f 115 116 117
f 115 117 118
v -0.1257153 1.4847485 0.2247024
v -0.2121775 1.5214190 -0.1129417
v -0.1257153 1.4847485 0.2247024
v -0.2897473 1.5030837 -0.1291822
f 119 120 121
f 119 121 122
v -0.0104784 1.5214190 0.1960542
v -0.2121775 1.5214190 -0.1129417
v -0.3531052 1.4847485 -0.1236507
v -0.3060967 1.4847485 -0.0516354
f 123 124 125
f 123 125 126
usemtl clut_864_499
v -0.0597383 1.4797762 0.3535989
vt 0.0996094 0.6500000
v 0.0994467 1.5419296 0.2496898
vt 0.0957031 0.6566667
v -0.3586277 1.4642378 -0.0173454
vt 0.1503906 0.6500000
v -0.0259350 1.4844377 0.3793012
vt 0.1542969 0.6566667
f 127/52 128/53 129/54
f 127/52 129/54 130/55
usemtl rgb_000_016_032
v -0.0597383 1.4797762 0.3535989
v -0.3586277 1.4642378 -0.0173454
v 0.0815149 1.5263913 0.3091626
v 0.1770259 1.5636833 0.2468171
f 131 132 133
f 131 133 134
usemtl rgb_064_080_088
v -0.3531052 1.4847485 -0.1236507
v -0.2121775 1.5214190 -0.1129417
v -0.0104784 1.5214190 0.1960542
v -0.1257153 1.4847485 0.2247024
f 135 136 137
f 135 137 138
usemtl clut_864_503
v 0.0303537 1.5341604 0.1873136
vt 0.1152344 0.5833333
v -0.0972342 1.4875454 0.2526846
vt 0.1152344 0.5566667
v -0.2255935 1.5217297 -0.1352333
vt 0.0683594 0.5833333
v -0.2962154 1.4098536 0.3825710
vt 0.0722656 0.5566667
f 139/56 140/57 141/58
f 139/56 141/58 142/59
g bone_02
usemtl clut_832_497
v -0.4046492 1.3300187 -0.1820364
vt 0.2988281 0.4300000
v -0.1742011 1.2727919 -0.1548380
vt 0.2988281 0.3633333
v -0.2267173 1.2627537 -0.0737006
vt 0.2519531 0.3633333
f 143/60 144/61 145/62
v -0.2267173 1.2627537 -0.0737006
vt 0.2519531 0.3633333
v -0.3038548 1.2819091 -0.0828047
vt 0.2988281 0.3633333
v -0.3600488 1.3282787 -0.2120993
vt 0.2988281 0.4300000
f 146/63 147/64 148/65
v -0.4195610 1.3106422 -0.0964608
vt 0.3066406 0.7166667
v -0.2083972 1.2582042 -0.0715384
vt 0.2675781 0.7166667
v -0.3080435 1.2764662 -0.0587666
vt 0.3066406 0.7166667
f 149/66 150/67 151/68
v -0.3038548 1.2819091 -0.0828047
vt 0.2988281 0.3633333
v -0.2267173 1.2627537 -0.0737006
vt 0.2519531 0.3633333
v -0.1742011 1.2727919 -0.1548380
vt 0.2988281 0.3633333
f 152/69 153/70 154/71
v -0.4046492 1.3300187 -0.1820364
vt 0.2988281 0.4300000
v -0.3870403 1.3230527 -0.1701452
vt 0.3730469 0.4300000
v -0.1742011 1.2727919 -0.1548380
vt 0.2988281 0.3633333
v -0.2260849 1.2561136 -0.0490935
vt 0.3613281 0.3633333
f 155/72 156/73 157/74
f 155/72 157/74 158/75
v -0.3870403 1.3230527 -0.1701452
vt 0.3730469 0.4300000
v -0.4046492 1.3300187 -0.1820364
vt 0.2988281 0.4300000
v -0.2883156 1.2274828 0.1103825
vt 0.3613281 0.7166667
v -0.4195610 1.3106422 -0.0964608
vt 0.3066406 0.7166667
f 159/76 160/77 161/78
f 159/76 161/78 162/79
v -0.4046492 1.3300187 -0.1820364
vt 0.2988281 0.4300000
v -0.2267173 1.2627537 -0.0737006
vt 0.2519531 0.3633333
v -0.4195610 1.3106422 -0.0964608
vt 0.3066406 0.7166667
v -0.2083972 1.2582042 -0.0715384
vt 0.2675781 0.7166667
f 163/80 164/81 165/82
f 163/80 165/82 166/83
v -0.3600488 1.3282787 -0.2120993
vt 0.2988281 0.4300000
v -0.2583460 1.2291167 0.0795742
vt 0.3730469 0.4300000
v -0.3080435 1.2764662 -0.0587666
vt 0.3066406 0.7166667
v -0.4126209 1.2674275 0.0613661
vt 0.3613281 0.7166667
f 167/84 168/85 169/86
f 167/84 169/86 170/87
v -0.2583460 1.2291167 0.0795742
vt 0.3730469 0.4300000
v -0.3600488 1.3282787 -0.2120993
vt 0.2988281 0.4300000
v -0.4088429 1.2574131 0.0961574
vt 0.3613281 0.3633333
v -0.3038548 1.2819091 -0.0828047
vt 0.2988281 0.3633333
f 171/88 172/89 173/90
f 171/88 173/90 174/91
v -0.2267173 1.2627537 -0.0737006
vt 0.2519531 0.3633333
v -0.3600488 1.3282787 -0.2120993
vt 0.2988281 0.4300000
v -0.2083972 1.2582042 -0.0715384
vt 0.2675781 0.7166667
v -0.3080435 1.2764662 -0.0587666
vt 0.3066406 0.7166667
f 175/92 176/93 177/94
f 175/92 177/94 178/95
v -0.2583460 1.2291167 0.0795742
vt 0.3730469 0.4300000
v -0.3870403 1.3230527 -0.1701452
vt 0.3730469 0.4300000
v -0.4126209 1.2674275 0.0613661
vt 0.3613281 0.7166667
v -0.2883156 1.2274828 0.1103825
vt 0.3613281 0.7166667
f 179/96 180/97 181/98
f 179/96 181/98 182/99
v -0.3870403 1.3230527 -0.1701452
vt 0.3730469 0.4300000
v -0.2583460 1.2291167 0.0795742
vt 0.3730469 0.4300000
v -0.2260849 1.2561136 -0.0490935
vt 0.3613281 0.3633333
v -0.4088429 1.2574131 0.0961574
vt 0.3613281 0.3633333
f 183/100 184/101 185/102
f 183/100 185/102 186/103
v -0.4195610 1.3106422 -0.0964608
vt 0.3066406 0.7166667
v -0.3080435 1.2764662 -0.0587666
vt 0.3066406 0.7166667
v -0.2883156 1.2274828 0.1103825
vt 0.3613281 0.7166667
v -0.4126209 1.2674275 0.0613661
vt 0.3613281 0.7166667
f 187/104 188/105 189/106
f 187/104 189/106 190/107
v -0.3038548 1.2819091 -0.0828047
vt 0.2988281 0.3633333
v -0.1742011 1.2727919 -0.1548380
vt 0.2988281 0.3633333
v -0.4088429 1.2574131 0.0961574
vt 0.3613281 0.3633333
v -0.2260849 1.2561136 -0.0490935
vt 0.3613281 0.3633333
f 191/108 192/109 193/110
f 191/108 193/110 194/111
g bone_03
usemtl rgb_000_016_032
v -0.4887509 0.7867789 -0.1543323
v -0.2729794 0.7711927 -0.1202628
v -0.3089279 0.8312436 -0.3729337
f 195 196 197
v -0.3776957 0.8500000 -0.4430707
v -0.3877486 0.8369371 -0.3853792
v -0.3376479 0.8344672 -0.3824084
f 198 199 200
v -0.3376479 0.8344672 -0.3824084
v -0.2955241 0.8486607 -0.4498557
v -0.3776957 0.8500000 -0.4430707
f 201 202 203
v -0.3376479 0.8344672 -0.3824084
v -0.4007518 0.8470691 -0.4269516
v -0.2828686 0.8259139 -0.3539994
f 204 205 206
v -0.2828686 0.8259139 -0.3539994
v -0.2176887 0.8430383 -0.4375658
v -0.3376479 0.8344672 -0.3824084
f 207 208 209
v -0.4007518 0.8470691 -0.4269516
v -0.3376479 0.8344672 -0.3824084
v -0.2154759 0.8256422 -0.3631179
f 210 211 212
v -0.2154759 0.8256422 -0.3631179
v -0.3376479 0.8344672 -0.3824084
v -0.3877486 0.8369371 -0.3853792
f 213 214 215
v -0.3114411 0.8279779 -0.3585109
v -0.2955241 0.8486607 -0.4498557
v -0.3089279 0.8312436 -0.3729337
f 216 217 218
v -0.3089279 0.8312436 -0.3729337
v -0.4219322 0.8600899 -0.4796948
v -0.4094970 0.8221912 -0.3186667
f 219 220 221
v -0.4094970 0.8221912 -0.3186667
v -0.3114411 0.8279779 -0.3585109
v -0.3089279 0.8312436 -0.3729337
f 222 223 224
v -0.4887509 0.7867789 -0.1543323
v -0.2176887 0.8430383 -0.4375658
v -0.4509526 0.8426517 -0.4002988
f 225 226 227
v -0.1986518 0.8069608 -0.2853751
v -0.4887509 0.7867789 -0.1543323
v -0.2331358 0.8094518 -0.2908199
f 228 229 230
v -0.4887509 0.7867789 -0.1543323
v -0.4509526 0.8426517 -0.4002988
v -0.2331358 0.8094518 -0.2908199
f 231 232 233
v -0.3089279 0.8312436 -0.3729337
v -0.2955241 0.8486607 -0.4498557
v -0.3376479 0.8344672 -0.3824084
f 234 235 236
v -0.2176887 0.8430383 -0.4375658
v -0.4887509 0.7867789 -0.1543323
v -0.3376479 0.8344672 -0.3824084
f 237 238 239
v -0.4887509 0.7867789 -0.1543323
v -0.3089279 0.8312436 -0.3729337
v -0.3376479 0.8344672 -0.3824084
f 240 241 242
v -0.4887509 0.7867789 -0.1543323
v -0.1986518 0.8069608 -0.2853751
v -0.1662130 0.8220837 -0.3553395
f 243 244 245
v -0.1662130 0.8220837 -0.3553395
v -0.4219322 0.8600899 -0.4796948
v -0.3089279 0.8312436 -0.3729337
f 246 247 248
usemtl clut_880_502
v -0.2828686 0.8259139 -0.3539994
vt 0.4238281 0.1633333
v -0.4007518 0.8470691 -0.4269516
vt 0.3964844 0.1233333
v -0.2154759 0.8256422 -0.3631179
vt 0.3925781 0.1766667
f 249/112 250/113 251/114
v -0.2154759 0.8256422 -0.3631179
vt 0.3925781 0.1766667
v -0.2176887 0.8430383 -0.4375658
vt 0.4316406 0.2633333
v -0.2828686 0.8259139 -0.3539994
vt 0.4238281 0.1633333
f 252/115 253/116 254/117
v -0.2154759 0.8256422 -0.3631179
vt 0.3925781 0.1766667
v -0.3877486 0.8369371 -0.3853792
vt 0.3964844 0.1233333
v -0.3776957 0.8500000 -0.4430707
vt 0.4238281 0.1633333
f 255/118 256/119 257/120
v -0.3776957 0.8500000 -0.4430707
vt 0.4238281 0.1633333
v -0.2955241 0.8486607 -0.4498557
vt 0.4316406 0.2633333
v -0.2154759 0.8256422 -0.3631179
vt 0.3925781 0.1766667
f 258/121 259/122 260/123
usemtl clut_832_503
v -0.2729794 0.7711927 -0.1202628
vt 0.9550781 0.2366667
v -0.4887509 0.7867789 -0.1543323
vt 0.9824219 0.1700000
v -0.1662130 0.8220837 -0.3553395
vt 0.9238281 0.1100000
f 261/124 262/125 263/126
v -0.2729794 0.7711927 -0.1202628
vt 0.9550781 0.2366667
v -0.1662130 0.8220837 -0.3553395
vt 0.9238281 0.1100000
v -0.3089279 0.8312436 -0.3729337
vt 0.9824219 0.1700000
f 264/127 265/128 266/129
usemtl clut_880_502
v -0.1662130 0.8220837 -0.3553395
vt 0.3769531 0.3433333
v -0.1986518 0.8069608 -0.2853751
vt 0.4238281 0.4366667
v -0.2331358 0.8094518 -0.2908199
vt 0.4511719 0.3700000
f 267/130 268/131 269/132
v -0.4094970 0.8221912 -0.3186667
vt 0.4511719 0.3700000
v -0.4219322 0.8600899 -0.4796948
vt 0.4238281 0.4366667
v -0.1662130 0.8220837 -0.3553395
vt 0.3769531 0.3433333
f 270/133 271/134 272/135
v -0.2154759 0.8256422 -0.3631179
vt 0.3925781 0.1766667
v -0.1662130 0.8220837 -0.3553395
vt 0.3769531 0.3433333
v -0.2331358 0.8094518 -0.2908199
vt 0.4511719 0.3700000
f 273/136 274/137 275/138
v -0.2154759 0.8256422 -0.3631179
vt 0.3925781 0.1766667
v -0.2331358 0.8094518 -0.2908199
vt 0.4511719 0.3700000
v -0.2176887 0.8430383 -0.4375658
vt 0.4316406 0.2633333
f 276/139 277/140 278/141
v -0.4094970 0.8221912 -0.3186667
vt 0.4511719 0.3700000
v -0.1662130 0.8220837 -0.3553395
vt 0.3769531 0.3433333
v -0.2154759 0.8256422 -0.3631179
vt 0.3925781 0.1766667
f 279/142 280/143 281/144
v -0.3114411 0.8279779 -0.3585109
vt 0.4511719 0.2900000
v -0.4094970 0.8221912 -0.3186667
vt 0.4511719 0.3700000
v -0.2955241 0.8486607 -0.4498557
vt 0.4316406 0.2633333
f 282/145 283/146 284/147
v -0.2331358 0.8094518 -0.2908199
vt 0.4511719 0.3700000
v -0.4509526 0.8426517 -0.4002988
vt 0.4511719 0.2900000
v -0.2176887 0.8430383 -0.4375658
vt 0.4316406 0.2633333
f 285/148 286/149 287/150
v -0.4094970 0.8221912 -0.3186667
vt 0.4511719 0.3700000
v -0.2154759 0.8256422 -0.3631179
vt 0.3925781 0.1766667
v -0.2955241 0.8486607 -0.4498557
vt 0.4316406 0.2633333
f 288/151 289/152 290/153
usemtl clut_864_496
v -0.3208238 0.8157859 -0.3046655
vt 0.8808594 0.3166667
v -0.1887685 0.8535891 -0.4873382
vt 0.8808594 0.3833333
v -0.2247912 0.8067807 -0.2806105
vt 0.8457031 0.3166667
f 291/154 292/155 293/156
v -0.2247912 0.8067807 -0.2806105
vt 0.8457031 0.3166667
v -0.1887685 0.8535891 -0.4873382
vt 0.8808594 0.3833333
v -0.1478463 0.7851354 -0.1993027
vt 0.8808594 0.3166667
f 294/157 295/158 296/159
v -0.2365195 0.7915407 -0.2133039
vt 0.9628906 0.3166667
v -0.4443141 0.7904635 -0.1769553
vt 0.9980469 0.3166667
v -0.5095307 0.8273487 -0.3255698
vt 0.9628906 0.3833333
f 297/160 298/161 299/162
v -0.4443141 0.7904635 -0.1769553
vt 0.9980469 0.3166667
v -0.4325858 0.8057035 -0.2442620
vt 0.9628906 0.3166667
v -0.5095307 0.8273487 -0.3255698
vt 0.9628906 0.3833333
f 300/163 301/164 302/165
v -0.1478463 0.7851354 -0.1993027
vt 0.8808594 0.3166667
v -0.4325858 0.8057035 -0.2442620
vt 0.8808594 0.2433333
v -0.2247912 0.8067807 -0.2806105
vt 0.8457031 0.3166667
f 303/166 304/167 305/168
v -0.4325858 0.8057035 -0.2442620
vt 0.8808594 0.2433333
v -0.3208238 0.8157859 -0.3046655
vt 0.8808594 0.3166667
v -0.2247912 0.8067807 -0.2806105
vt 0.8457031 0.3166667
f 306/169 307/170 308/171
v -0.4443141 0.7904635 -0.1769553
vt 0.9980469 0.3166667
v -0.2365195 0.7915407 -0.2133039
vt 0.9628906 0.3166667
v -0.2482478 0.7763007 -0.1459972
vt 0.9628906 0.2433333
f 309/172 310/173 311/174
v -0.4443141 0.7904635 -0.1769553
vt 0.9980469 0.3166667
v -0.2482478 0.7763007 -0.1459972
vt 0.9628906 0.2433333
v -0.4325858 0.8057035 -0.2442620
vt 0.9628906 0.3166667
f 312/175 313/176 314/177
v -0.5095307 0.8273487 -0.3255698
vt 0.9628906 0.3833333
v -0.1887685 0.8535891 -0.4873382
vt 0.8808594 0.3833333
v -0.2365195 0.7915407 -0.2133039
vt 0.9628906 0.3166667
v -0.3208238 0.8157859 -0.3046655
vt 0.8808594 0.3166667
f 315/178 316/179 317/180
f 315/178 317/180 318/181
v -0.1887685 0.8535891 -0.4873382
vt 0.8808594 0.3833333
v -0.5095307 0.8273487 -0.3255698
vt 0.9628906 0.3833333
v -0.1478463 0.7851354 -0.1993027
vt 0.8808594 0.3166667
v -0.4325858 0.8057035 -0.2442620
vt 0.9628906 0.3166667
f 319/182 320/183 321/184
f 319/182 321/184 322/185
v -0.4325858 0.8057035 -0.2442620
vt 0.8808594 0.2433333
v -0.2482478 0.7763007 -0.1459972
vt 0.9628906 0.2433333
v -0.3208238 0.8157859 -0.3046655
vt 0.8808594 0.3166667
v -0.2365195 0.7915407 -0.2133039
vt 0.9628906 0.3166667
f 323/186 324/187 325/188
f 323/186 325/188 326/189
v -0.1478463 0.7851354 -0.1993027
vt 0.8808594 0.3166667
v -0.4325858 0.8057035 -0.2442620
vt 0.9628906 0.3166667
v -0.4325858 0.8057035 -0.2442620
vt 0.8808594 0.2433333
v -0.2482478 0.7763007 -0.1459972
vt 0.9628906 0.2433333
f 327/190 328/191 329/192
f 327/190 329/192 330/193
g bone_04
usemtl rgb_000_016_032
v -0.4766247 0.6357596 -0.2904155
v -0.3790003 0.6456870 -0.2711564
v -0.2446539 0.7045007 -0.4684329
f 331 332 333
v -0.3187658 0.6666622 -0.3328723
v -0.4177596 0.6537861 -0.3384774
v -0.4766247 0.6357596 -0.2904155
f 334 335 336
v -0.3187658 0.6666622 -0.3328723
v -0.4766247 0.6357596 -0.2904155
v -0.2446539 0.7045007 -0.4684329
f 337 338 339
v -0.4177596 0.6537861 -0.3384774
v -0.3187658 0.6666622 -0.3328723
v -0.4665719 0.6488224 -0.3481069
f 340 341 342
v -0.4788699 0.6503813 -0.3644571
v -0.2446539 0.7045007 -0.4684329
v -0.3790003 0.6456870 -0.2711564
f 343 344 345
usemtl clut_880_503
v -0.2693838 0.6548271 -0.2395859
vt 0.4902344 0.7166667
v -0.3328397 0.6483743 -0.2521043
vt 0.4433594 0.6566667
v -0.2709476 0.6235633 -0.0857349
vt 0.3925781 0.7166667
f 346/194 347/195 348/196
v -0.2709476 0.6235633 -0.0857349
vt 0.3925781 0.7166667
v -0.3848644 0.6380670 -0.2375031
vt 0.4433594 0.6566667
v -0.4997575 0.6524714 -0.3894639
vt 0.4902344 0.7166667
f 349/197 350/198 351/199
v -0.2693838 0.6548271 -0.2395859
vt 0.4902344 0.7166667
v -0.2709476 0.6235633 -0.0857349
vt 0.3925781 0.7166667
v -0.4997575 0.6524714 -0.3894639
vt 0.4902344 0.7166667
f 352/200 353/201 354/202
v -0.4336766 0.6331033 -0.2471326
vt 0.4433594 0.6100000
v -0.3848644 0.6380670 -0.2375031
vt 0.4433594 0.6566667
v -0.5628447 0.5938803 -0.1433195
vt 0.3769531 0.5966667
f 355/203 356/204 357/205
v -0.3848644 0.6380670 -0.2375031
vt 0.4433594 0.6100000
v -0.5628447 0.5938803 -0.1433195
vt 0.3769531 0.5966667
v -0.3328397 0.6483743 -0.2521043
vt 0.4433594 0.6566667
f 358/206 359/207 360/208
v -0.5628447 0.5938803 -0.1433195
vt 0.3769531 0.5966667
v -0.2709476 0.6235633 -0.0857349
vt 0.3925781 0.7166667
v -0.3328397 0.6483743 -0.2521043
vt 0.4433594 0.6566667
f 361/209 362/210 363/211
v -0.3848644 0.6380670 -0.2375031
vt 0.4433594 0.6566667
v -0.2709476 0.6235633 -0.0857349
vt 0.3925781 0.7166667
v -0.5628447 0.5938803 -0.1433195
vt 0.3769531 0.5966667
f 364/212 365/213 366/214
usemtl clut_832_504
v -0.5628447 0.5938803 -0.1433195
vt 0.5332031 0.9900000
v -0.3848644 0.6380670 -0.2375031
vt 0.6074219 0.9966667
v -0.1994830 0.6930401 -0.3799555
vt 0.5917969 0.8500000
f 367/215 368/216 369/217
v -0.5628447 0.5938803 -0.1433195
vt 0.5332031 0.9900000
v -0.1994830 0.6930401 -0.3799555
vt 0.5917969 0.8500000
v -0.2930974 0.6473988 -0.2193996
vt 0.5410156 0.7700000
f 370/218 371/219 372/220
v -0.3790003 0.6456870 -0.2711564
vt 0.5917969 0.8500000
v -0.4336766 0.6331033 -0.2471326
vt 0.6074219 0.9966667
v -0.5628447 0.5938803 -0.1433195
vt 0.5332031 0.9900000
f 373/221 374/222 375/223
v -0.3790003 0.6456870 -0.2711564
vt 0.5917969 0.8500000
v -0.5628447 0.5938803 -0.1433195
vt 0.5332031 0.9900000
v -0.2930974 0.6473988 -0.2193996
vt 0.5410156 0.7700000
f 376/224 377/225 378/226
v -0.4665719 0.6488224 -0.3481069
vt 0.5957031 0.7300000
v -0.3790003 0.6456870 -0.2711564
vt 0.5917969 0.8500000
v -0.2930974 0.6473988 -0.2193996
vt 0.5410156 0.7700000
f 379/227 380/228 381/229
v -0.2930974 0.6473988 -0.2193996
vt 0.5410156 0.7700000
v -0.4766247 0.6357596 -0.2904155
vt 0.5019531 0.7033333
v -0.4665719 0.6488224 -0.3481069
vt 0.5957031 0.7300000
f 382/230 383/231 384/232
v -0.2930974 0.6473988 -0.2193996
vt 0.5410156 0.7700000
v -0.1994830 0.6930401 -0.3799555
vt 0.5917969 0.8500000
v -0.4788699 0.6503813 -0.3644571
vt 0.5957031 0.7300000
f 385/233 386/234 387/235
v -0.2930974 0.6473988 -0.2193996
vt 0.5410156 0.7700000
v -0.4788699 0.6503813 -0.3644571
vt 0.5957031 0.7300000
v -0.4766247 0.6357596 -0.2904155
vt 0.5019531 0.7033333
f 388/236 389/237 390/238
v -0.4766247 0.6357596 -0.2904155
vt 0.5019531 0.7033333
v -0.4177596 0.6537861 -0.3384774
vt 0.5605469 0.6566667
v -0.4665719 0.6488224 -0.3481069
vt 0.5957031 0.7300000
f 391/239 392/240 393/241
v -0.4788699 0.6503813 -0.3644571
vt 0.5957031 0.7300000
v -0.3790003 0.6456870 -0.2711564
vt 0.5605469 0.6566667
v -0.4766247 0.6357596 -0.2904155
vt 0.5019531 0.7033333
f 394/242 395/243 396/244
usemtl clut_848_504
v -0.3187658 0.6666622 -0.3328723
vt 0.7519531 0.1566667
v -0.4508001 0.6634702 -0.4096431
vt 0.8144531 0.1500000
v -0.4665719 0.6488224 -0.3481069
vt 0.7753906 0.2100000
f 397/245 398/246 399/247
v -0.4278125 0.6407233 -0.2807860
vt 0.8261719 0.2033333
v -0.3398320 0.6275956 -0.1540259
vt 0.8144531 0.1500000
v -0.4788699 0.6503813 -0.3644571
vt 0.7753906 0.2100000
f 400/248 401/249 402/250
v -0.4508001 0.6634702 -0.4096431
vt 0.8144531 0.1500000
v -0.3562964 0.6178944 -0.1174909
vt 0.8261719 0.2033333
v -0.4665719 0.6488224 -0.3481069
vt 0.7753906 0.2100000
f 403/251 404/252 405/253
v -0.3398320 0.6275956 -0.1540259
vt 0.8144531 0.1500000
v -0.2446539 0.7045007 -0.4684329
vt 0.7519531 0.1566667
v -0.4788699 0.6503813 -0.3644571
vt 0.7753906 0.2100000
f 406/254 407/255 408/256
usemtl rgb_000_016_032
v -0.3187658 0.6666622 -0.3328723
v -0.2446539 0.7045007 -0.4684329
v -0.4508001 0.6634702 -0.4096431
v -0.3398320 0.6275956 -0.1540259
f 409 410 411
f 409 411 412
usemtl clut_832_504
v -0.4665719 0.6488224 -0.3481069
vt 0.5957031 0.7300000
v -0.3562964 0.6178944 -0.1174909
vt 0.6542969 0.7233333
v -0.3790003 0.6456870 -0.2711564
vt 0.5917969 0.8500000
v -0.4560051 0.6157820 -0.1769442
vt 0.6386719 0.8300000
f 413/257 414/258 415/259
f 413/257 415/259 416/260
v -0.1994830 0.6930401 -0.3799555
vt 0.5917969 0.8500000
v -0.4529446 0.6080662 -0.1365574
vt 0.6386719 0.8300000
v -0.4788699 0.6503813 -0.3644571
vt 0.5957031 0.7300000
v -0.4278125 0.6407233 -0.2807860
vt 0.6542969 0.7233333
f 417/261 418/262 419/263
f 417/261 419/263 420/264
usemtl clut_880_496
v -0.3562964 0.6178944 -0.1174909
vt 0.6035156 0.2700000
v -0.4278125 0.6407233 -0.2807860
vt 0.6464844 0.2700000
v -0.4560051 0.6157820 -0.1769442
vt 0.6074219 0.3766667
v -0.4529446 0.6080662 -0.1365574
vt 0.6425781 0.3766667
f 421/265 422/266 423/267
f 421/265 423/267 424/268
v -0.4508001 0.6634702 -0.4096431
vt 0.6074219 0.2300000
v -0.3398320 0.6275956 -0.1540259
vt 0.6425781 0.2300000
v -0.3562964 0.6178944 -0.1174909
vt 0.6035156 0.2700000
v -0.4278125 0.6407233 -0.2807860
vt 0.6464844 0.2700000
f 425/269 426/270 427/271
f 425/269 427/271 428/272
usemtl clut_880_503
v -0.3848644 0.6380670 -0.2375031
vt 0.4433594 0.6100000
v -0.3495945 0.6266029 -0.1559518
vt 0.4980469 0.6033333
v -0.1994830 0.6930401 -0.3799555
vt 0.4316406 0.4633333
v -0.4529446 0.6080662 -0.1365574
vt 0.4707031 0.4433333
f 429/273 430/274 431/275
f 429/273 431/275 432/276
v -0.3105447 0.6305739 -0.1482482
vt 0.4980469 0.6033333
v -0.4336766 0.6331033 -0.2471326
vt 0.4433594 0.6100000
v -0.4560051 0.6157820 -0.1769442
vt 0.4707031 0.4433333
v -0.3790003 0.6456870 -0.2711564
vt 0.4316406 0.4633333
f 433/277 434/278 435/279
f 433/277 435/279 436/280
v -0.3328397 0.6483743 -0.2521043
vt 0.4433594 0.6566667
v -0.2693838 0.6548271 -0.2395859
vt 0.4902344 0.7166667
v -0.3848644 0.6380670 -0.2375031
vt 0.4433594 0.6100000
v -0.3495945 0.6266029 -0.1559518
vt 0.4980469 0.6033333
f 437/281 438/282 439/283
f 437/281 439/283 440/284
v -0.3848644 0.6380670 -0.2375031
vt 0.4433594 0.6566667
v -0.4336766 0.6331033 -0.2471326
vt 0.4433594 0.6100000
v -0.4997575 0.6524714 -0.3894639
vt 0.4902344 0.7166667
v -0.3105447 0.6305739 -0.1482482
vt 0.4980469 0.6033333
f 441/285 442/286 443/287
f 441/285 443/287 444/288
usemtl clut_880_496
v -0.3495945 0.6266029 -0.1559518
vt 0.6542969 0.5366667
v -0.3105447 0.6305739 -0.1482482
vt 0.5957031 0.5366667
v -0.4529446 0.6080662 -0.1365574
vt 0.6425781 0.3766667
v -0.4560051 0.6157820 -0.1769442
vt 0.6074219 0.3766667
f 445/289 446/290 447/291
f 445/289 447/291 448/292
v -0.3105447 0.6305739 -0.1482482
vt 0.5957031 0.5366667
v -0.3495945 0.6266029 -0.1559518
vt 0.6542969 0.5366667
v -0.4997575 0.6524714 -0.3894639
vt 0.6074219 0.6500000
v -0.2693838 0.6548271 -0.2395859
vt 0.6425781 0.6500000
f 449/293 450/294 451/295
f 449/293 451/295 452/296
g bone_05
usemtl clut_864_496
v -0.3543096 0.0165886 -0.2254119
vt 0.8847656 0.3100000
v -0.1885065 0.0162836 -0.1926973
vt 0.8847656 0.3833333
v -0.1315948 0.0161916 -0.4811362
vt 0.8457031 0.3100000
f 453/297 454/298 455/299
v -0.1315948 0.0161916 -0.4811362
vt 0.8457031 0.3100000
v -0.1885065 0.0162836 -0.1926973
vt 0.8847656 0.3833333
v -0.0566541 0.0160508 -0.3960194
vt 0.8847656 0.3100000
f 456/300 457/301 458/302
v -0.0566541 0.0160508 -0.3960194
vt 0.8847656 0.3100000
v -0.1449516 0.0162132 -0.4134414
vt 0.8769531 0.2433333
v -0.1315948 0.0161916 -0.4811362
vt 0.8457031 0.3100000
f 459/303 460/304 461/305
v -0.1449516 0.0162132 -0.4134414
vt 0.8769531 0.2433333
v -0.3543096 0.0165886 -0.2254119
vt 0.8847656 0.3100000
v -0.1315948 0.0161916 -0.4811362
vt 0.8457031 0.3100000
f 462/306 463/307 464/308
v -0.1388804 0.0161990 -0.3408939
vt 0.9980469 0.3100000
v -0.3892414 0.0166626 -0.4616422
vt 0.9589844 0.3100000
v -0.3009439 0.0165002 -0.4442202
vt 0.9667969 0.2433333
f 465/309 466/310 467/311
v -0.1388804 0.0161990 -0.3408939
vt 0.9980469 0.3100000
v -0.3009439 0.0165002 -0.4442202
vt 0.9667969 0.2433333
v -0.3072087 0.0165147 -0.5157866
vt 0.9589844 0.3100000
f 468/312 469/313 470/314
v -0.3892414 0.0166626 -0.4616422
vt 0.9589844 0.3100000
v -0.1388804 0.0161990 -0.3408939
vt 0.9980469 0.3100000
v -0.3009439 0.0165002 -0.4442202
vt 0.9589844 0.3833333
f 471/315 472/316 473/317
v -0.1388804 0.0161990 -0.3408939
vt 0.9980469 0.3100000
v -0.3072087 0.0165147 -0.5157866
vt 0.9589844 0.3100000
v -0.3009439 0.0165002 -0.4442202
vt 0.9589844 0.3833333
f 474/318 475/319 476/320
usemtl clut_832_496
v -0.3892414 0.0166626 -0.4616422
vt 0.8300781 0.3300000
v -0.3543096 0.0165886 -0.2254119
vt 0.7636719 0.3300000
v -0.3144943 0.0165221 -0.3755443
vt 0.8417969 0.2166667
v -0.3303764 0.0165543 -0.4500275
vt 0.7519531 0.2166667
f 477/321 478/322 479/323
f 477/321 479/323 480/324
v -0.0942256 0.0161247 -0.5155534
vt 0.7597656 0.2166667
v -0.1138473 0.0161608 -0.5194249
vt 0.8339844 0.2166667
v -0.3303764 0.0165543 -0.4500275
vt 0.7519531 0.2166667
v -0.3144943 0.0165221 -0.3755443
vt 0.8417969 0.2166667
f 481/325 482/326 483/327
f 481/325 483/327 484/328
v -0.0566541 0.0160508 -0.3960194
vt 0.7636719 0.3300000
v -0.3072087 0.0165147 -0.5157866
vt 0.8300781 0.3300000
v -0.0942256 0.0161247 -0.5155534
vt 0.7597656 0.2166667
v -0.1138473 0.0161608 -0.5194249
vt 0.8339844 0.2166667
f 485/329 486/330 487/331
f 485/329 487/331 488/332
v -0.3072087 0.0165147 -0.5157866
vt 0.8300781 0.3300000
v -0.3892414 0.0166626 -0.4616422
vt 0.8300781 0.3300000
v -0.1138473 0.0161608 -0.5194249
vt 0.8339844 0.2166667
v -0.3144943 0.0165221 -0.3755443
vt 0.8417969 0.2166667
f 489/333 490/334 491/335
f 489/333 491/335 492/336
v -0.3543096 0.0165886 -0.2254119
vt 0.7636719 0.3300000
v -0.0566541 0.0160508 -0.3960194
vt 0.7636719 0.3300000
v -0.3303764 0.0165543 -0.4500275
vt 0.7519531 0.2166667
v -0.0942256 0.0161247 -0.5155534
vt 0.7597656 0.2166667
f 493/337 494/338 495/339
f 493/337 495/339 496/340
usemtl clut_864_496
v -0.1885065 0.0162836 -0.1926973
vt 0.8847656 0.3833333
v -0.3009439 0.0165002 -0.4442202
vt 0.9589844 0.3833333
v -0.0566541 0.0160508 -0.3960194
vt 0.8847656 0.3100000
v -0.3072087 0.0165147 -0.5157866
vt 0.9589844 0.3100000
f 497/341 498/342 499/343
f 497/341 499/343 500/344
v -0.3009439 0.0165002 -0.4442202
vt 0.9589844 0.3833333
v -0.1885065 0.0162836 -0.1926973
vt 0.8847656 0.3833333
v -0.3892414 0.0166626 -0.4616422
vt 0.9589844 0.3100000
v -0.3543096 0.0165886 -0.2254119
vt 0.8847656 0.3100000
f 501/345 502/346 503/347
f 501/345 503/347 504/348
g bone_06
usemtl rgb_200_200_200
v -0.5397880 0.0669322 -0.3180849
v -0.4083228 0.0666904 -0.2921455
v -0.3061008 0.0665154 -0.5777600
f 505 506 507
v -0.4164530 0.0667132 -0.4782393
v -0.4562858 0.0667929 -0.6379714
v -0.3061008 0.0665154 -0.5777600
f 508 509 510
v -0.4164530 0.0667132 -0.4782393
v -0.3061008 0.0665154 -0.5777600
v -0.5243018 0.0669072 -0.3965717
f 511 512 513
v -0.4562858 0.0667929 -0.6379714
v -0.3487582 0.0665887 -0.4648825
v -0.3061008 0.0665154 -0.5777600
f 514 515 516
v -0.4083228 0.0666904 -0.2921455
v -0.5243018 0.0669072 -0.3965717
v -0.3061008 0.0665154 -0.5777600
f 517 518 519
usemtl clut_848_502
v -0.5243018 0.0669072 -0.3965717
vt 0.7480469 0.5433333
v -0.4801530 0.0668260 -0.3878607
vt 0.7128906 0.5700000
v -0.4164530 0.0667132 -0.4782393
vt 0.7480469 0.5433333
f 520/349 521/350 522/351
usemtl clut_848_496
v -0.3934172 0.0666760 -0.5949884
vt 0.7402344 0.3366667
v -0.4900342 0.0668486 -0.4927577
vt 0.6582031 0.3700000
v -0.3934172 0.0666760 -0.5949884
vt 0.7402344 0.3366667
f 523/352 524/353 525/354
v -0.2782301 0.0664736 -0.7965024
vt 0.8339844 0.4033333
v -0.3159117 0.0665334 -0.5796958
vt 0.8417969 0.4633333
v -0.4398758 0.0667510 -0.3595281
vt 0.8339844 0.4033333
f 526/355 527/356 528/357
v -0.4900342 0.0668486 -0.4927577
vt 0.6582031 0.3700000
v -0.3934172 0.0666760 -0.5949884
vt 0.7402344 0.3366667
v -0.5222340 0.0669017 -0.3553926
vt 0.7207031 0.3900000
f 529/358 530/359 531/360
v -0.5222340 0.0669017 -0.3553926
vt 0.7207031 0.3900000
v -0.3934172 0.0666760 -0.5949884
vt 0.7402344 0.3366667
v -0.4900342 0.0668486 -0.4927577
vt 0.6582031 0.3700000
f 532/361 533/362 534/363
v -0.2782301 0.0664736 -0.7965024
vt 0.8339844 0.4033333
v -0.4398758 0.0667510 -0.3595281
vt 0.8222656 0.3366667
v -0.3934172 0.0666760 -0.5949884
vt 0.7402344 0.3366667
f 535/364 536/365 537/366
v -0.3159117 0.0665334 -0.5796958
vt 0.8417969 0.4633333
v -0.2782301 0.0664736 -0.7965024
vt 0.8339844 0.4033333
v -0.5222340 0.0669017 -0.3553926
vt 0.7207031 0.3900000
f 538/367 539/368 540/369
v -0.3934172 0.0666760 -0.5949884
vt 0.7402344 0.3366667
v -0.2768003 0.0664636 -0.6229427
vt 0.8222656 0.3366667
v -0.4398758 0.0667510 -0.3595281
vt 0.8339844 0.4033333
f 541/370 542/371 543/372
v -0.3934172 0.0666760 -0.5949884
vt 0.7402344 0.3366667
v -0.4398758 0.0667510 -0.3595281
vt 0.8339844 0.4033333
v -0.5222340 0.0669017 -0.3553926
vt 0.7207031 0.3900000
f 544/373 545/374 546/375
v -0.2782301 0.0664736 -0.7965024
vt 0.8339844 0.4033333
v -0.3934172 0.0666760 -0.5949884
vt 0.7402344 0.3366667
v -0.5222340 0.0669017 -0.3553926
vt 0.7207031 0.3900000
f 547/376 548/377 549/378
v -0.4398758 0.0667510 -0.3595281
vt 0.8339844 0.4033333
v -0.3159117 0.0665334 -0.5796958
vt 0.8417969 0.4633333
v -0.5222340 0.0669017 -0.3553926
vt 0.7207031 0.3900000
f 550/379 551/380 552/381
usemtl clut_848_502
v -0.3061008 0.0665154 -0.5777600
vt 0.6582031 0.4833333
v -0.4801530 0.0668260 -0.3878607
vt 0.7128906 0.5700000
v -0.5397880 0.0669322 -0.3180849
vt 0.6660156 0.4700000
f 553/382 554/383 555/384
v -0.3061008 0.0665154 -0.5777600
vt 0.6582031 0.4833333
v -0.3487582 0.0665887 -0.4648825
vt 0.6660156 0.4700000
v -0.4801530 0.0668260 -0.3878607
vt 0.7128906 0.5700000
f 556/385 557/386 558/387
v -0.4164530 0.0667132 -0.4782393
vt 0.7480469 0.5433333
v -0.4801530 0.0668260 -0.3878607
vt 0.7128906 0.5700000
v -0.3487582 0.0665887 -0.4648825
vt 0.6660156 0.4700000
f 559/388 560/389 561/390
v -0.3487582 0.0665887 -0.4648825
vt 0.6660156 0.4700000
v -0.4562858 0.0667929 -0.6379714
vt 0.7128906 0.4766667
v -0.4164530 0.0667132 -0.4782393
vt 0.7480469 0.5433333
f 562/391 563/392 564/393
v -0.5243018 0.0669072 -0.3965717
vt 0.7480469 0.5433333
v -0.4083228 0.0666904 -0.2921455
vt 0.7128906 0.4766667
v -0.5397880 0.0669322 -0.3180849
vt 0.6660156 0.4700000
f 565/394 566/395 567/396
v -0.5397880 0.0669322 -0.3180849
vt 0.6660156 0.4700000
v -0.4801530 0.0668260 -0.3878607
vt 0.7128906 0.5700000
v -0.5243018 0.0669072 -0.3965717
vt 0.7480469 0.5433333
f 568/397 569/398 570/399
usemtl clut_848_496
v -0.3934172 0.0666760 -0.5949884
vt 0.7402344 0.3366667
v -0.3934172 0.0666760 -0.5949884
vt 0.7402344 0.3366667
v -0.2768003 0.0664636 -0.6229427
vt 0.8222656 0.3366667
v -0.4398758 0.0667510 -0.3595281
vt 0.8222656 0.3366667
f 571/400 572/401 573/402
f 571/400 573/402 574/403
v -0.2782301 0.0664736 -0.7965024
vt 0.8339844 0.4033333
v -0.4398758 0.0667510 -0.3595281
vt 0.8339844 0.4033333
v -0.4398758 0.0667510 -0.3595281
vt 0.8222656 0.3366667
v -0.2768003 0.0664636 -0.6229427
vt 0.8222656 0.3366667
f 575/404 576/405 577/406
f 575/404 577/406 578/407
g bone_07
usemtl clut_832_497
v 0.0181727 1.3005328 0.2005170
vt 0.2988281 0.4300000
v 0.0141155 1.2825349 0.1216461
vt 0.2519531 0.3633333
v -0.0897628 1.2437823 0.0136205
vt 0.2988281 0.3633333
f 579/408 580/409 581/410
v 0.0141155 1.2825349 0.1216461
vt 0.2519531 0.3633333
v -0.2093891 1.2460135 0.1014247
vt 0.2988281 0.4300000
v -0.0957735 1.2171187 -0.1032253
vt 0.2988281 0.3633333
f 582/411 583/412 584/413
v -0.0937699 1.2260066 -0.0642767
vt 0.3066406 0.7166667
v -0.0848040 1.2657797 0.1100182
vt 0.3066406 0.7166667
v -0.0700450 1.2246715 -0.0857324
vt 0.2675781 0.7166667
f 585/414 586/415 587/416
v -0.0957735 1.2171187 -0.1032253
vt 0.2988281 0.3633333
v -0.0897628 1.2437823 0.0136205
vt 0.2988281 0.3633333
v 0.0141155 1.2825349 0.1216461
vt 0.2519531 0.3633333
f 588/417 589/418 590/419
v 0.0181727 1.3005328 0.2005170
vt 0.2988281 0.4300000
v -0.0897628 1.2437823 0.0136205
vt 0.2988281 0.3633333
v -0.0650361 1.2468912 0.0116391
vt 0.3730469 0.4300000
v -0.1636415 1.2528448 0.1026474
vt 0.3613281 0.3633333
f 591/420 592/421 593/422
f 591/420 593/422 594/423
v -0.0650361 1.2468912 0.0116391
vt 0.3730469 0.4300000
v 0.1056098 1.2791415 0.0468512
vt 0.3613281 0.7166667
v 0.0181727 1.3005328 0.2005170
vt 0.2988281 0.4300000
v -0.0937699 1.2260066 -0.0642767
vt 0.3066406 0.7166667
f 595/424 596/425 597/426
f 595/424 597/426 598/427
v 0.0181727 1.3005328 0.2005170
vt 0.2988281 0.4300000
v -0.0937699 1.2260066 -0.0642767
vt 0.3066406 0.7166667
v 0.0141155 1.2825349 0.1216461
vt 0.2519531 0.3633333
v -0.0700450 1.2246715 -0.0857324
vt 0.2675781 0.7166667
f 599/428 600/429 601/430
f 599/428 601/430 602/431
v -0.2093891 1.2460135 0.1014247
vt 0.2988281 0.4300000
v -0.0848040 1.2657797 0.1100182
vt 0.3066406 0.7166667
v 0.0722447 1.2803439 0.0739680
vt 0.3730469 0.4300000
v 0.0642304 1.2447925 -0.0818263
vt 0.3613281 0.7166667
f 603/432 604/433 605/434
f 603/432 605/434 606/435
v 0.0722447 1.2803439 0.0739680
vt 0.3730469 0.4300000
v 0.0993486 1.2513670 -0.0748631
vt 0.3613281 0.3633333
v -0.2093891 1.2460135 0.1014247
vt 0.2988281 0.4300000
v -0.0957735 1.2171187 -0.1032253
vt 0.2988281 0.3633333
f 607/436 608/437 609/438
f 607/436 609/438 610/439
v 0.0141155 1.2825349 0.1216461
vt 0.2519531 0.3633333
v -0.0700450 1.2246715 -0.0857324
vt 0.2675781 0.7166667
v -0.2093891 1.2460135 0.1014247
vt 0.2988281 0.4300000
v -0.0848040 1.2657797 0.1100182
vt 0.3066406 0.7166667
f 611/440 612/441 613/442
f 611/440 613/442 614/443
v 0.0722447 1.2803439 0.0739680
vt 0.3730469 0.4300000
v 0.0642304 1.2447925 -0.0818263
vt 0.3613281 0.7166667
v -0.0650361 1.2468912 0.0116391
vt 0.3730469 0.4300000
v 0.1056098 1.2791415 0.0468512
vt 0.3613281 0.7166667
f 615/444 616/445 617/446
f 615/444 617/446 618/447
v -0.0650361 1.2468912 0.0116391
vt 0.3730469 0.4300000
v -0.1636415 1.2528448 0.1026474
vt 0.3613281 0.3633333
v 0.0722447 1.2803439 0.0739680
vt 0.3730469 0.4300000
v 0.0993486 1.2513670 -0.0748631
vt 0.3613281 0.3633333
f 619/448 620/449 621/450
f 619/448 621/450 622/451
v -0.0937699 1.2260066 -0.0642767
vt 0.3066406 0.7166667
v 0.1056098 1.2791415 0.0468512
vt 0.3613281 0.7166667
v -0.0848040 1.2657797 0.1100182
vt 0.3066406 0.7166667
v 0.0642304 1.2447925 -0.0818263
vt 0.3613281 0.7166667
f 623/452 624/453 625/454
f 623/452 625/454 626/455
v -0.0957735 1.2171187 -0.1032253
vt 0.2988281 0.3633333
v 0.0993486 1.2513670 -0.0748631
vt 0.3613281 0.3633333
v -0.0897628 1.2437823 0.0136205
vt 0.2988281 0.3633333
v -0.1636415 1.2528448 0.1026474
vt 0.3613281 0.3633333
f 627/456 628/457 629/458
f 627/456 629/458 630/459
g bone_08
usemtl rgb_000_016_032
v 0.2196880 0.8280873 0.0688021
v 0.2395148 0.8088561 0.2860532
v 0.2252106 0.8227306 0.1293149
f 631 632 633
v -0.0221468 0.7917294 0.1481370
v -0.0171335 0.7814482 0.2576549
v -0.0221468 0.7917294 0.1481370
f 634 635 636
v -0.0171335 0.7814482 0.2576549
v -0.0221468 0.7917294 0.1481370
v -0.0225655 0.7867170 0.1981340
f 637 638 639
v -0.0171335 0.7814482 0.2576549
v -0.1030828 0.7835372 0.1346372
v 0.0070840 0.7796324 0.3046784
f 640 641 642
v -0.1030828 0.7835372 0.1346372
v -0.0171335 0.7814482 0.2576549
v -0.0172240 0.7815360 0.2566628
f 643 644 645
v 0.0070840 0.7796324 0.3046784
v -0.0283596 0.7923371 0.1346451
v -0.0171335 0.7814482 0.2576549
f 646 647 648
v -0.0283596 0.7923371 0.1346451
v -0.0221468 0.7917294 0.1481370
v -0.0171335 0.7814482 0.2576549
f 649 650 651
v -0.0855194 0.7665014 0.3270880
v 0.2395148 0.8088561 0.2860532
v -0.0225655 0.7867170 0.1981340
f 652 653 654
v 0.2395148 0.8088561 0.2860532
v -0.0118374 0.7979855 0.0973474
v 0.0421923 0.8062666 0.0780289
f 655 656 657
v -0.0118374 0.7979855 0.0973474
v 0.2395148 0.8088561 0.2860532
v -0.0855194 0.7665014 0.3270880
f 658 659 660
v 0.2196880 0.8280873 0.0688021
v 0.0471716 0.8014369 0.1325897
v -0.0172240 0.7815360 0.2566628
f 661 662 663
v -0.0086233 0.7731937 0.3509042
v 0.0633771 0.7857182 0.3101602
v 0.2196880 0.8280873 0.0688021
f 664 665 666
v 0.2196880 0.8280873 0.0688021
v 0.0633771 0.7857182 0.3101602
v 0.0471716 0.8014369 0.1325897
f 667 668 669
v 0.2395148 0.8088561 0.2860532
v -0.0171335 0.7814482 0.2576549
v -0.0225655 0.7867170 0.1981340
f 670 671 672
v -0.0172240 0.7815360 0.2566628
v -0.0171335 0.7814482 0.2576549
v 0.2196880 0.8280873 0.0688021
f 673 674 675
v 0.2196880 0.8280873 0.0688021
v -0.0171335 0.7814482 0.2576549
v 0.2395148 0.8088561 0.2860532
f 676 677 678
v 0.2196880 0.8280873 0.0688021
v -0.0328863 0.7967277 0.0850444
v -0.0086233 0.7731937 0.3509042
f 679 680 681
v -0.0328863 0.7967277 0.0850444
v 0.2395148 0.8088561 0.2860532
v 0.0421923 0.8062666 0.0780289
f 682 683 684
usemtl clut_880_502
v -0.1030828 0.7835372 0.1346372
vt 0.4238281 0.1633333
v -0.0283596 0.7923371 0.1346451
vt 0.3925781 0.1766667
v 0.0070840 0.7796324 0.3046784
vt 0.3964844 0.1233333
f 685/460 686/461 687/462
v -0.0283596 0.7923371 0.1346451
vt 0.3925781 0.1766667
v -0.1030828 0.7835372 0.1346372
vt 0.4238281 0.1633333
v -0.0172240 0.7815360 0.2566628
vt 0.4316406 0.2633333
f 688/463 689/464 690/465
v -0.0283596 0.7923371 0.1346451
vt 0.3925781 0.1766667
v -0.0221468 0.7917294 0.1481370
vt 0.4238281 0.1633333
v -0.0221468 0.7917294 0.1481370
vt 0.3964844 0.1233333
f 691/466 692/467 693/468
v -0.0221468 0.7917294 0.1481370
vt 0.4238281 0.1633333
v -0.0283596 0.7923371 0.1346451
vt 0.3925781 0.1766667
v -0.0225655 0.7867170 0.1981340
vt 0.4316406 0.2633333
f 694/469 695/470 696/471
usemtl clut_832_503
v 0.2252106 0.8227306 0.1293149
vt 0.9550781 0.2366667
v -0.0328863 0.7967277 0.0850444
vt 0.9238281 0.1100000
v 0.2196880 0.8280873 0.0688021
vt 0.9824219 0.1700000
f 697/472 698/473 699/474
v 0.2252106 0.8227306 0.1293149
vt 0.9550781 0.2366667
v 0.2395148 0.8088561 0.2860532
vt 0.9824219 0.1700000
v -0.0328863 0.7967277 0.0850444
vt 0.9238281 0.1100000
f 700/475 701/476 702/477
usemtl clut_880_502
v -0.0328863 0.7967277 0.0850444
vt 0.3769531 0.3433333
v 0.0633771 0.7857182 0.3101602
vt 0.4511719 0.3700000
v -0.0086233 0.7731937 0.3509042
vt 0.4238281 0.4366667
f 703/478 704/479 705/480
v -0.0118374 0.7979855 0.0973474
vt 0.4511719 0.3700000
v -0.0328863 0.7967277 0.0850444
vt 0.3769531 0.3433333
v 0.0421923 0.8062666 0.0780289
vt 0.4238281 0.4366667
f 706/481 707/482 708/483
v -0.0283596 0.7923371 0.1346451
vt 0.3925781 0.1766667
v 0.0633771 0.7857182 0.3101602
vt 0.4511719 0.3700000
v -0.0328863 0.7967277 0.0850444
vt 0.3769531 0.3433333
f 709/484 710/485 711/486
v -0.0283596 0.7923371 0.1346451
vt 0.3925781 0.1766667
v -0.0172240 0.7815360 0.2566628
vt 0.4316406 0.2633333
v 0.0633771 0.7857182 0.3101602
vt 0.4511719 0.3700000
f 712/487 713/488 714/489
v -0.0118374 0.7979855 0.0973474
vt 0.4511719 0.3700000
v -0.0283596 0.7923371 0.1346451
vt 0.3925781 0.1766667
v -0.0328863 0.7967277 0.0850444
vt 0.3769531 0.3433333
f 715/490 716/491 717/492
v -0.0855194 0.7665014 0.3270880
vt 0.4511719 0.2900000
v -0.0225655 0.7867170 0.1981340
vt 0.4316406 0.2633333
v -0.0118374 0.7979855 0.0973474
vt 0.4511719 0.3700000
f 718/493 719/494 720/495
v 0.0633771 0.7857182 0.3101602
vt 0.4511719 0.3700000
v -0.0172240 0.7815360 0.2566628
vt 0.4316406 0.2633333
v 0.0471716 0.8014369 0.1325897
vt 0.4511719 0.2900000
f 721/496 722/497 723/498
v -0.0118374 0.7979855 0.0973474
vt 0.4511719 0.3700000
v -0.0225655 0.7867170 0.1981340
vt 0.4316406 0.2633333
v -0.0283596 0.7923371 0.1346451
vt 0.3925781 0.1766667
f 724/499 725/500 726/501
usemtl clut_864_496
v -0.0068127 0.7714374 0.3707445
vt 0.9628906 0.3166667
v 0.0642824 0.7848401 0.3200804
vt 0.9980469 0.3166667
v 0.0813321 0.7780561 0.4086484
vt 0.9628906 0.3833333
f 727/502 728/503 729/504
v 0.0642824 0.7848401 0.3200804
vt 0.9980469 0.3166667
v 0.1424188 0.7946642 0.3138191
vt 0.9628906 0.3166667
v 0.0813321 0.7780561 0.4086484
vt 0.9628906 0.3833333
f 730/505 731/506 732/507
v 0.1424188 0.7946642 0.3138191
vt 0.8808594 0.3166667
v 0.1936373 0.8208440 0.1108603
vt 0.8808594 0.3833333
v 0.0551679 0.8034342 0.1219562
vt 0.8457031 0.3166667
f 733/508 734/509 735/510
v 0.0551679 0.8034342 0.1219562
vt 0.8457031 0.3166667
v 0.1936373 0.8208440 0.1108603
vt 0.8808594 0.3833333
v 0.1162546 0.8200423 0.0271270
vt 0.8808594 0.3166667
f 736/511 737/512 738/513
v 0.1424188 0.7946642 0.3138191
vt 0.9628906 0.3166667
v 0.0642824 0.7848401 0.3200804
vt 0.9980469 0.3166667
v 0.1244026 0.8121391 0.1164083
vt 0.9628906 0.2433333
f 739/514 740/515 741/516
v 0.1244026 0.8121391 0.1164083
vt 0.9628906 0.2433333
v 0.0642824 0.7848401 0.3200804
vt 0.9980469 0.3166667
v -0.0068127 0.7714374 0.3707445
vt 0.9628906 0.3166667
f 742/517 743/518 744/519
v 0.0551679 0.8034342 0.1219562
vt 0.8457031 0.3166667
v 0.2116535 0.8033692 0.3082712
vt 0.8808594 0.2433333
v 0.1424188 0.7946642 0.3138191
vt 0.8808594 0.3166667
f 745/520 746/521 747/522
v 0.0551679 0.8034342 0.1219562
vt 0.8457031 0.3166667
v 0.1162546 0.8200423 0.0271270
vt 0.8808594 0.3166667
v 0.2116535 0.8033692 0.3082712
vt 0.8808594 0.2433333
f 748/523 749/524 750/525
v 0.1936373 0.8208440 0.1108603
vt 0.8808594 0.3833333
v 0.1424188 0.7946642 0.3138191
vt 0.8808594 0.3166667
v 0.0813321 0.7780561 0.4086484
vt 0.9628906 0.3833333
v -0.0068127 0.7714374 0.3707445
vt 0.9628906 0.3166667
f 751/526 752/527 753/528
f 751/526 753/528 754/529
v 0.0813321 0.7780561 0.4086484
vt 0.9628906 0.3833333
v 0.1424188 0.7946642 0.3138191
vt 0.9628906 0.3166667
v 0.1936373 0.8208440 0.1108603
vt 0.8808594 0.3833333
v 0.1162546 0.8200423 0.0271270
vt 0.8808594 0.3166667
f 755/530 756/531 757/532
f 755/530 757/532 758/533
v 0.1244026 0.8121391 0.1164083
vt 0.9628906 0.2433333
v -0.0068127 0.7714374 0.3707445
vt 0.9628906 0.3166667
v 0.2116535 0.8033692 0.3082712
vt 0.8808594 0.2433333
v 0.1424188 0.7946642 0.3138191
vt 0.8808594 0.3166667
f 759/534 760/535 761/536
f 759/534 761/536 762/537
v 0.1424188 0.7946642 0.3138191
vt 0.9628906 0.3166667
v 0.1244026 0.8121391 0.1164083
vt 0.9628906 0.2433333
v 0.1162546 0.8200423 0.0271270
vt 0.8808594 0.3166667
v 0.2116535 0.8033692 0.3082712
vt 0.8808594 0.2433333
f 763/538 764/539 765/540
f 763/538 765/540 766/541
g bone_09
usemtl rgb_000_016_032
v 0.1679116 0.6027891 0.3308945
v 0.1434920 0.6806312 0.1482903
v 0.1616846 0.6226388 0.2843304
f 767 768 769
v 0.1084455 0.5957169 0.3347368
v 0.1679116 0.6027891 0.3308945
v 0.0764059 0.6519683 0.1998063
f 770 771 772
v 0.1084455 0.5957169 0.3347368
v 0.1434920 0.6806312 0.1482903
v 0.1679116 0.6027891 0.3308945
f 773 774 775
v 0.0764059 0.6519683 0.1998063
v 0.0841479 0.6731699 0.1530457
v 0.1084455 0.5957169 0.3347368
f 776 777 778
v 0.0684695 0.6772670 0.1404600
v 0.1616846 0.6226388 0.2843304
v 0.1434920 0.6806312 0.1482903
f 779 780 781
usemtl clut_880_503
v 0.1795117 0.5985837 0.3428842
vt 0.4902344 0.7166667
v 0.3019262 0.7163292 0.0996052
vt 0.3925781 0.7166667
v 0.1715753 0.6238824 0.2835378
vt 0.4433594 0.6566667
f 782/542 783/543 784/544
v 0.3019262 0.7163292 0.0996052
vt 0.3925781 0.7166667
v 0.3358696 0.6081286 0.3534250
vt 0.4902344 0.7166667
v 0.1842142 0.6655231 0.1911674
vt 0.4433594 0.6566667
f 785/545 786/546 787/547
v 0.1795117 0.5985837 0.3428842
vt 0.4902344 0.7166667
v 0.3358696 0.6081286 0.3534250
vt 0.4902344 0.7166667
v 0.3019262 0.7163292 0.0996052
vt 0.3925781 0.7166667
f 788/548 789/549 790/550
v 0.3018041 0.7167184 0.0986922
vt 0.4433594 0.6100000
v 0.3384336 0.5999552 0.3725984
vt 0.3769531 0.5966667
v 0.1842142 0.6655231 0.1911674
vt 0.4433594 0.6566667
f 791/551 792/552 793/553
v 0.1707834 0.7083363 0.0907351
vt 0.4433594 0.6100000
v 0.1715753 0.6238824 0.2835378
vt 0.4433594 0.6566667
v 0.3384336 0.5999552 0.3725984
vt 0.3769531 0.5966667
f 794/554 795/555 796/556
v 0.3384336 0.5999552 0.3725984
vt 0.3769531 0.5966667
v 0.1715753 0.6238824 0.2835378
vt 0.4433594 0.6566667
v 0.3019262 0.7163292 0.0996052
vt 0.3925781 0.7166667
f 797/557 798/558 799/559
v 0.1842142 0.6655231 0.1911674
vt 0.4433594 0.6566667
v 0.3384336 0.5999552 0.3725984
vt 0.3769531 0.5966667
v 0.3019262 0.7163292 0.0996052
vt 0.3925781 0.7166667
f 800/560 801/561 802/562
usemtl clut_832_504
v 0.3384336 0.5999552 0.3725984
vt 0.5332031 0.9900000
v 0.2097328 0.5841781 0.3819887
vt 0.5917969 0.8500000
v 0.1707834 0.7083363 0.0907351
vt 0.6074219 0.9966667
f 803/563 804/564 805/565
v 0.3384336 0.5999552 0.3725984
vt 0.5332031 0.9900000
v 0.1788419 0.6826484 0.1509945
vt 0.5410156 0.7700000
v 0.2097328 0.5841781 0.3819887
vt 0.5917969 0.8500000
f 806/566 807/567 808/568
v 0.2017964 0.6094768 0.3226424
vt 0.5917969 0.8500000
v 0.3384336 0.5999552 0.3725984
vt 0.5332031 0.9900000
v 0.3018041 0.7167184 0.0986922
vt 0.6074219 0.9966667
f 809/569 810/570 811/571
v 0.2017964 0.6094768 0.3226424
vt 0.5917969 0.8500000
v 0.1788419 0.6826484 0.1509945
vt 0.5410156 0.7700000
v 0.3384336 0.5999552 0.3725984
vt 0.5332031 0.9900000
f 812/572 813/573 814/574
v 0.0841479 0.6731699 0.1530457
vt 0.5957031 0.7300000
v 0.1788419 0.6826484 0.1509945
vt 0.5410156 0.7700000
v 0.2017964 0.6094768 0.3226424
vt 0.5917969 0.8500000
f 815/575 816/576 817/577
v 0.1788419 0.6826484 0.1509945
vt 0.5410156 0.7700000
v 0.0841479 0.6731699 0.1530457
vt 0.5957031 0.7300000
v 0.1679116 0.6027891 0.3308945
vt 0.5019531 0.7033333
f 818/578 819/579 820/580
v 0.1788419 0.6826484 0.1509945
vt 0.5410156 0.7700000
v 0.0684695 0.6772670 0.1404600
vt 0.5957031 0.7300000
v 0.2097328 0.5841781 0.3819887
vt 0.5917969 0.8500000
f 821/581 822/582 823/583
v 0.1788419 0.6826484 0.1509945
vt 0.5410156 0.7700000
v 0.1679116 0.6027891 0.3308945
vt 0.5019531 0.7033333
v 0.0684695 0.6772670 0.1404600
vt 0.5957031 0.7300000
f 824/584 825/585 826/586
v 0.1679116 0.6027891 0.3308945
vt 0.5019531 0.7033333
v 0.0841479 0.6731699 0.1530457
vt 0.5957031 0.7300000
v 0.0764059 0.6519683 0.1998063
vt 0.5605469 0.6566667
f 827/587 828/588 829/589
v 0.0684695 0.6772670 0.1404600
vt 0.5957031 0.7300000
v 0.1679116 0.6027891 0.3308945
vt 0.5019531 0.7033333
v 0.1616846 0.6226388 0.2843304
vt 0.5605469 0.6566667
f 830/590 831/591 832/592
usemtl clut_848_504
v 0.1084455 0.5957169 0.3347368
vt 0.7519531 0.1566667
v 0.0841479 0.6731699 0.1530457
vt 0.7753906 0.2100000
v 0.1441025 0.6786852 0.1528554
vt 0.8144531 0.1500000
f 833/593 834/594 835/595
v 0.1495969 0.6611707 0.1939413
vt 0.8261719 0.2033333
v 0.0684695 0.6772670 0.1404600
vt 0.7753906 0.2100000
v 0.2717030 0.6324259 0.2847424
vt 0.8144531 0.1500000
f 836/596 837/597 838/598
v 0.1441025 0.6786852 0.1528554
vt 0.8144531 0.1500000
v 0.0841479 0.6731699 0.1530457
vt 0.7753906 0.2100000
v 0.3100447 0.6412922 0.2724420
vt 0.8261719 0.2033333
f 839/599 840/600 841/601
v 0.2717030 0.6324259 0.2847424
vt 0.8144531 0.1500000
v 0.0684695 0.6772670 0.1404600
vt 0.7753906 0.2100000
v 0.1434920 0.6806312 0.1482903
vt 0.7519531 0.1566667
f 842/602 843/603 844/604
usemtl rgb_000_016_032
v 0.1084455 0.5957169 0.3347368
v 0.1441025 0.6786852 0.1528554
v 0.1434920 0.6806312 0.1482903
v 0.2717030 0.6324259 0.2847424
f 845 846 847
f 845 847 848
usemtl clut_832_504
v 0.0841479 0.6731699 0.1530457
vt 0.5957031 0.7300000
v 0.2017964 0.6094768 0.3226424
vt 0.5917969 0.8500000
v 0.3100447 0.6412922 0.2724420
vt 0.6542969 0.7233333
v 0.2571733 0.6787420 0.1760929
vt 0.6386719 0.8300000
f 849/605 850/606 851/607
f 849/605 851/607 852/608
v 0.2097328 0.5841781 0.3819887
vt 0.5917969 0.8500000
v 0.0684695 0.6772670 0.1404600
vt 0.5957031 0.7300000
v 0.2979570 0.6798241 0.1820529
vt 0.6386719 0.8300000
v 0.1495969 0.6611707 0.1939413
vt 0.6542969 0.7233333
f 853/609 854/610 855/611
f 853/609 855/611 856/612
usemtl clut_880_496
v 0.3100447 0.6412922 0.2724420
vt 0.6035156 0.2700000
v 0.2571733 0.6787420 0.1760929
vt 0.6074219 0.3766667
v 0.1495969 0.6611707 0.1939413
vt 0.6464844 0.2700000
v 0.2979570 0.6798241 0.1820529
vt 0.6425781 0.3766667
f 857/613 858/614 859/615
f 857/613 859/615 860/616
v 0.1441025 0.6786852 0.1528554
vt 0.6074219 0.2300000
v 0.3100447 0.6412922 0.2724420
vt 0.6035156 0.2700000
v 0.2717030 0.6324259 0.2847424
vt 0.6425781 0.2300000
v 0.1495969 0.6611707 0.1939413
vt 0.6464844 0.2700000
f 861/617 862/618 863/619
f 861/617 863/619 864/620
usemtl clut_880_503
v 0.1707834 0.7083363 0.0907351
vt 0.4433594 0.6100000
v 0.2097328 0.5841781 0.3819887
vt 0.4316406 0.4633333
v 0.2704820 0.6363180 0.2756122
vt 0.4980469 0.6033333
v 0.2979570 0.6798241 0.1820529
vt 0.4707031 0.4433333
f 865/621 866/622 867/623
f 865/621 867/623 868/624
v 0.2753659 0.6207496 0.3121330
vt 0.4980469 0.6033333
v 0.2571733 0.6787420 0.1760929
vt 0.4707031 0.4433333
v 0.3018041 0.7167184 0.0986922
vt 0.4433594 0.6100000
v 0.2017964 0.6094768 0.3226424
vt 0.4316406 0.4633333
f 869/625 870/626 871/627
f 869/625 871/627 872/628
v 0.1715753 0.6238824 0.2835378
vt 0.4433594 0.6566667
v 0.1707834 0.7083363 0.0907351
vt 0.4433594 0.6100000
v 0.1795117 0.5985837 0.3428842
vt 0.4902344 0.7166667
v 0.2704820 0.6363180 0.2756122
vt 0.4980469 0.6033333
f 873/629 874/630 875/631
f 873/629 875/631 876/632
v 0.1842142 0.6655231 0.1911674
vt 0.4433594 0.6566667
v 0.3358696 0.6081286 0.3534250
vt 0.4902344 0.7166667
v 0.3018041 0.7167184 0.0986922
vt 0.4433594 0.6100000
v 0.2753659 0.6207496 0.3121330
vt 0.4980469 0.6033333
f 877/633 878/634 879/635
f 877/633 879/635 880/636
usemtl clut_880_496
v 0.2704820 0.6363180 0.2756122
vt 0.6542969 0.5366667
v 0.2979570 0.6798241 0.1820529
vt 0.6425781 0.3766667
v 0.2753659 0.6207496 0.3121330
vt 0.5957031 0.5366667
v 0.2571733 0.6787420 0.1760929
vt 0.6074219 0.3766667
f 881/637 882/638 883/639
f 881/637 883/639 884/640
v 0.2753659 0.6207496 0.3121330
vt 0.5957031 0.5366667
v 0.3358696 0.6081286 0.3534250
vt 0.6074219 0.6500000
v 0.2704820 0.6363180 0.2756122
vt 0.6542969 0.5366667
v 0.1795117 0.5985837 0.3428842
vt 0.6425781 0.6500000
f 885/641 886/642 887/643
f 885/641 887/643 888/644
g bone_10
usemtl clut_864_496
v 0.3770744 0.0994833 -0.1841221
vt 0.8847656 0.3100000
v 0.3949388 0.0597679 -0.0208293
vt 0.8457031 0.3100000
v 0.1138616 0.0000000 0.0885298
vt 0.8847656 0.3833333
f 889/645 890/646 891/647
v 0.3949388 0.0597679 -0.0208293
vt 0.8457031 0.3100000
v 0.1725479 0.0302135 -0.0036876
vt 0.8847656 0.3100000
v 0.1138616 0.0000000 0.0885298
vt 0.8847656 0.3833333
f 892/648 893/649 894/650
v 0.1725479 0.0302135 -0.0036876
vt 0.8847656 0.3100000
v 0.3949388 0.0597679 -0.0208293
vt 0.8457031 0.3100000
v 0.1725479 0.0302135 -0.0036876
vt 0.8769531 0.2433333
f 895/651 896/652 897/653
v 0.1725479 0.0302135 -0.0036876
vt 0.8769531 0.2433333
v 0.3949388 0.0597679 -0.0208293
vt 0.8457031 0.3100000
v 0.3770744 0.0994833 -0.1841221
vt 0.8847656 0.3100000
f 898/654 899/655 900/656
v 0.2438503 0.0347082 0.0103040
vt 0.9980469 0.3100000
v 0.1462270 0.0887291 -0.2442789
vt 0.9667969 0.2433333
v 0.1536265 0.0722789 -0.1766428
vt 0.9589844 0.3100000
f 901/657 902/658 903/659
v 0.2438503 0.0347082 0.0103040
vt 0.9980469 0.3100000
v 0.1557406 0.0675789 -0.1573182
vt 0.9589844 0.3100000
v 0.1462270 0.0887291 -0.2442789
vt 0.9667969 0.2433333
f 904/660 905/661 906/662
v 0.1536265 0.0722789 -0.1766428
vt 0.9589844 0.3100000
v 0.0875407 0.0585156 -0.1520614
vt 0.9589844 0.3833333
v 0.2438503 0.0347082 0.0103040
vt 0.9980469 0.3100000
f 907/663 908/664 909/665
v 0.2438503 0.0347082 0.0103040
vt 0.9980469 0.3100000
v 0.0875407 0.0585156 -0.1520614
vt 0.9589844 0.3833333
v 0.1557406 0.0675789 -0.1573182
vt 0.9589844 0.3100000
f 910/666 911/667 912/668
usemtl clut_832_496
v 0.1536265 0.0722789 -0.1766428
vt 0.8300781 0.3300000
v 0.2249289 0.0767736 -0.1626511
vt 0.8417969 0.2166667
v 0.3770744 0.0994833 -0.1841221
vt 0.7636719 0.3300000
v 0.1525694 0.0746290 -0.1863051
vt 0.7519531 0.2166667
f 913/669 914/670 915/671
f 913/669 915/671 916/672
v 0.0669946 0.0087147 0.0336796
vt 0.7597656 0.2166667
v 0.1525694 0.0746290 -0.1863051
vt 0.7519531 0.2166667
v 0.0648805 0.0134147 0.0143550
vt 0.8339844 0.2166667
v 0.2249289 0.0767736 -0.1626511
vt 0.8417969 0.2166667
f 917/673 918/674 919/675
f 917/673 919/675 920/676
v 0.1725479 0.0302135 -0.0036876
vt 0.7636719 0.3300000
v 0.0669946 0.0087147 0.0336796
vt 0.7597656 0.2166667
v 0.1557406 0.0675789 -0.1573182
vt 0.8300781 0.3300000
v 0.0648805 0.0134147 0.0143550
vt 0.8339844 0.2166667
f 921/677 922/678 923/679
f 921/677 923/679 924/680
v 0.1557406 0.0675789 -0.1573182
vt 0.8300781 0.3300000
v 0.0648805 0.0134147 0.0143550
vt 0.8339844 0.2166667
v 0.1536265 0.0722789 -0.1766428
vt 0.8300781 0.3300000
v 0.2249289 0.0767736 -0.1626511
vt 0.8417969 0.2166667
f 925/681 926/682 927/683
f 925/681 927/683 928/684
v 0.3770744 0.0994833 -0.1841221
vt 0.7636719 0.3300000
v 0.1525694 0.0746290 -0.1863051
vt 0.7519531 0.2166667
v 0.1725479 0.0302135 -0.0036876
vt 0.7636719 0.3300000
v 0.0669946 0.0087147 0.0336796
vt 0.7597656 0.2166667
f 929/685 930/686 931/687
f 929/685 931/687 932/688
usemtl clut_864_496
v 0.1138616 0.0000000 0.0885298
vt 0.8847656 0.3833333
v 0.1725479 0.0302135 -0.0036876
vt 0.8847656 0.3100000
v 0.0875407 0.0585156 -0.1520614
vt 0.9589844 0.3833333
v 0.1557406 0.0675789 -0.1573182
vt 0.9589844 0.3100000
f 933/689 934/690 935/691
f 933/689 935/691 936/692
v 0.0875407 0.0585156 -0.1520614
vt 0.9589844 0.3833333
v 0.1536265 0.0722789 -0.1766428
vt 0.9589844 0.3100000
v 0.1138616 0.0000000 0.0885298
vt 0.8847656 0.3833333
v 0.3770744 0.0994833 -0.1841221
vt 0.8847656 0.3100000
f 937/693 938/694 939/695
f 937/693 939/695 940/696
g bone_11
usemtl rgb_200_200_200
v 0.3384028 0.0934124 0.0256221
v 0.0419873 0.0537715 0.0494439
v 0.3525674 0.0619221 0.1550969
f 941 942 943
v 0.0608030 0.0119411 0.2214328
v 0.0419873 0.0537715 0.0494439
v 0.1616158 0.0649375 0.0587362
f 944 945 946
v 0.0608030 0.0119411 0.2214328
v 0.2593305 0.0829041 0.0317169
v 0.0419873 0.0537715 0.0494439
f 947 948 949
v 0.1616158 0.0649375 0.0587362
v 0.0419873 0.0537715 0.0494439
v 0.1763090 0.0322722 0.1930422
f 950 951 952
v 0.3525674 0.0619221 0.1550969
v 0.0419873 0.0537715 0.0494439
v 0.2593305 0.0829041 0.0317169
f 953 954 955
usemtl clut_848_502
v 0.2593305 0.0829041 0.0317169
vt 0.7480469 0.5433333
v 0.0608030 0.0119411 0.2214328
vt 0.7480469 0.5433333
v 0.2736008 0.0511788 0.1621580
vt 0.7128906 0.5700000
f 956/697 957/698 958/699
usemtl clut_848_496
v 0.2640872 0.0723290 0.0751973
vt 0.7402344 0.3366667
v 0.0434672 0.0504815 0.0629711
vt 0.7402344 0.3366667
v 0.1769432 0.0308622 0.1988396
vt 0.6582031 0.3700000
f 959/700 960/701 961/702
v 0.0592174 0.0154662 0.2069393
vt 0.8339844 0.4033333
v 0.0597460 0.0142912 0.2117705
vt 0.8339844 0.4033333
v 0.0430444 0.0514215 0.0591062
vt 0.8417969 0.4633333
f 962/703 963/704 964/705
v 0.1769432 0.0308622 0.1988396
vt 0.6582031 0.3700000
v 0.3168367 0.0482079 0.1929286
vt 0.7207031 0.3900000
v 0.2640872 0.0723290 0.0751973
vt 0.7402344 0.3366667
f 965/706 966/707 967/708
v 0.3168367 0.0482079 0.1929286
vt 0.7207031 0.3900000
v 0.1769432 0.0308622 0.1988396
vt 0.6582031 0.3700000
v 0.0434672 0.0504815 0.0629711
vt 0.7402344 0.3366667
f 968/709 969/710 970/711
v 0.0592174 0.0154662 0.2069393
vt 0.8339844 0.4033333
v 0.0434672 0.0504815 0.0629711
vt 0.7402344 0.3366667
v 0.2801556 0.0831812 0.0398555
vt 0.8222656 0.3366667
f 971/712 972/713 973/714
v 0.0430444 0.0514215 0.0591062
vt 0.8417969 0.4633333
v 0.3168367 0.0482079 0.1929286
vt 0.7207031 0.3900000
v 0.0592174 0.0154662 0.2069393
vt 0.8339844 0.4033333
f 974/715 975/716 976/717
v 0.2640872 0.0723290 0.0751973
vt 0.7402344 0.3366667
v 0.0597460 0.0142912 0.2117705
vt 0.8339844 0.4033333
v 0.3001341 0.0387658 0.2224730
vt 0.8222656 0.3366667
f 977/718 978/719 979/720
v 0.2640872 0.0723290 0.0751973
vt 0.7402344 0.3366667
v 0.3168367 0.0482079 0.1929286
vt 0.7207031 0.3900000
v 0.0597460 0.0142912 0.2117705
vt 0.8339844 0.4033333
f 980/721 981/722 982/723
v 0.0592174 0.0154662 0.2069393
vt 0.8339844 0.4033333
v 0.3168367 0.0482079 0.1929286
vt 0.7207031 0.3900000
v 0.0434672 0.0504815 0.0629711
vt 0.7402344 0.3366667
f 983/724 984/725 985/726
v 0.0597460 0.0142912 0.2117705
vt 0.8339844 0.4033333
v 0.3168367 0.0482079 0.1929286
vt 0.7207031 0.3900000
v 0.0430444 0.0514215 0.0591062
vt 0.8417969 0.4633333
f 986/727 987/728 988/729
usemtl clut_848_502
v 0.0419873 0.0537715 0.0494439
vt 0.6582031 0.4833333
v 0.3384028 0.0934124 0.0256221
vt 0.6660156 0.4700000
v 0.2736008 0.0511788 0.1621580
vt 0.7128906 0.5700000
f 989/730 990/731 991/732
v 0.0419873 0.0537715 0.0494439
vt 0.6582031 0.4833333
v 0.2736008 0.0511788 0.1621580
vt 0.7128906 0.5700000
v 0.1763090 0.0322722 0.1930422
vt 0.6660156 0.4700000
f 992/733 993/734 994/735
v 0.0608030 0.0119411 0.2214328
vt 0.7480469 0.5433333
v 0.1763090 0.0322722 0.1930422
vt 0.6660156 0.4700000
v 0.2736008 0.0511788 0.1621580
vt 0.7128906 0.5700000
f 995/736 996/737 997/738
v 0.1763090 0.0322722 0.1930422
vt 0.6660156 0.4700000
v 0.0608030 0.0119411 0.2214328
vt 0.7480469 0.5433333
v 0.1616158 0.0649375 0.0587362
vt 0.7128906 0.4766667
f 998/739 999/740 1000/741
v 0.2593305 0.0829041 0.0317169
vt 0.7480469 0.5433333
v 0.3384028 0.0934124 0.0256221
vt 0.6660156 0.4700000
v 0.3525674 0.0619221 0.1550969
vt 0.7128906 0.4766667
f 1001/742 1002/743 1003/744
v 0.3384028 0.0934124 0.0256221
vt 0.6660156 0.4700000
v 0.2593305 0.0829041 0.0317169
vt 0.7480469 0.5433333
v 0.2736008 0.0511788 0.1621580
vt 0.7128906 0.5700000
f 1004/745 1005/746 1006/747
usemtl clut_848_496
v 0.2640872 0.0723290 0.0751973
vt 0.7402344 0.3366667
v 0.3001341 0.0387658 0.2224730
vt 0.8222656 0.3366667
v 0.0434672 0.0504815 0.0629711
vt 0.7402344 0.3366667
v 0.2801556 0.0831812 0.0398555
vt 0.8222656 0.3366667
f 1007/748 1008/749 1009/750
f 1007/748 1009/750 1010/751
v 0.0592174 0.0154662 0.2069393
vt 0.8339844 0.4033333
v 0.2801556 0.0831812 0.0398555
vt 0.8222656 0.3366667
v 0.0597460 0.0142912 0.2117705
vt 0.8339844 0.4033333
v 0.3001341 0.0387658 0.2224730
vt 0.8222656 0.3366667
f 1011/752 1012/753 1013/754
f 1011/752 1013/754 1014/755
g bone_12
usemtl rgb_000_016_043
v -0.0926444 1.6543479 0.1112375
v -0.2609458 1.5587935 0.1927482
v -0.2823663 1.5766559 -0.0881755
f 1015 1016 1017
v -0.2727485 1.5792733 -0.0652485
v -0.2609458 1.5587935 0.1927482
v -0.0926444 1.6543479 0.1112375
f 1018 1019 1020
v -0.2609458 1.5587935 0.1927482
v -0.4533945 1.4886516 -0.0936163
v -0.2823663 1.5766559 -0.0881755
f 1021 1022 1023
v -0.2609458 1.5587935 0.1927482
v -0.1595197 1.6337792 -0.0251942
v -0.4533945 1.4886516 -0.0936163
f 1024 1025 1026
v -0.1421152 1.6562846 -0.1561010
v -0.4239934 1.4836224 0.1028940
v -0.3298064 1.5258387 0.1665146
f 1027 1028 1029
v -0.4150187 1.4955415 0.0323434
v -0.1130928 1.6227220 0.3153396
v -0.3298064 1.5258387 0.1665146
f 1030 1031 1032
v -0.4150187 1.4955415 0.0323434
v -0.1320172 1.6625864 -0.1665086
v -0.1130928 1.6227220 0.3153396
f 1033 1034 1035
v -0.1130928 1.6227220 0.3153396
v -0.1320172 1.6625864 -0.1665086
v 0.0151368 1.6955254 0.2532362
f 1036 1037 1038
v -0.3298064 1.5258387 0.1665146
v -0.4239934 1.4836224 0.1028940
v -0.4150187 1.4955415 0.0323434
f 1039 1040 1041
v -0.0784159 1.6866502 -0.1306780
v -0.0653327 1.6759956 0.0384264
v -0.1400227 1.6153933 0.2511440
f 1042 1043 1044
v 0.0310055 1.7033976 0.2565848
v -0.2589547 1.5427511 0.3583974
v -0.0653327 1.6759956 0.0384264
f 1045 1046 1047
v -0.2802739 1.5357647 0.3190696
v -0.0784159 1.6866502 -0.1306780
v -0.1595197 1.6337792 -0.0251942
f 1048 1049 1050
v -0.2589547 1.5427511 0.3583974
v 0.0310055 1.7033976 0.2565848
v -0.2727485 1.5792733 -0.0652485
f 1051 1052 1053
v -0.0105097 1.6838076 0.2380721
v -0.2609458 1.5587935 0.1927482
v -0.2727485 1.5792733 -0.0652485
f 1054 1055 1056
v -0.1595197 1.6337792 -0.0251942
v -0.0784159 1.6866502 -0.1306780
v -0.1400227 1.6153933 0.2511440
f 1057 1058 1059
v -0.2727485 1.5792733 -0.0652485
v 0.0310055 1.7033976 0.2565848
v -0.0105097 1.6838076 0.2380721
f 1060 1061 1062
v -0.1320172 1.6625864 -0.1665086
v -0.4150187 1.4955415 0.0323434
v -0.3422464 1.5271916 0.0908878
f 1063 1064 1065
v -0.4150187 1.4955415 0.0323434
v -0.4239934 1.4836224 0.1028940
v -0.3422464 1.5271916 0.0908878
f 1066 1067 1068
usemtl clut_848_501
v -0.2300454 1.5908946 0.0365474
vt 0.2714844 0.3566667
v -0.0784159 1.6866502 -0.1306780
vt 0.2636719 0.2700000
v -0.3073727 1.5698507 -0.1477856
vt 0.2167969 0.3233333
f 1069/756 1070/757 1071/758
usemtl clut_864_498
v -0.0653327 1.6759956 0.0384264
vt 0.4667969 0.9966667
v -0.0300654 1.6761165 0.2144412
vt 0.4980469 0.8833333
v -0.1400227 1.6153933 0.2511440
vt 0.4550781 0.9900000
f 1072/759 1073/760 1074/761
v -0.0300654 1.6761165 0.2144412
vt 0.4980469 0.8833333
v -0.0653327 1.6759956 0.0384264
vt 0.4667969 0.9966667
v -0.0720637 1.6670563 0.0913394
vt 0.4980469 0.8833333
f 1075/762 1076/763 1077/764
v -0.0720637 1.6670563 0.0913394
vt 0.4980469 0.8833333
v -0.0653327 1.6759956 0.0384264
vt 0.4667969 0.9966667
v -0.2589547 1.5427511 0.3583974
vt 0.4550781 0.9900000
f 1078/765 1079/766 1080/767
usemtl clut_848_501
v -0.2300454 1.5908946 0.0365474
vt 0.2714844 0.3566667
v -0.0653327 1.6759956 0.0384264
vt 0.2949219 0.3100000
v -0.0784159 1.6866502 -0.1306780
vt 0.2636719 0.2700000
f 1081/768 1082/769 1083/770
v 0.0310055 1.7033976 0.2565848
vt 0.2636719 0.2700000
v -0.0653327 1.6759956 0.0384264
vt 0.2949219 0.3100000
v -0.2300454 1.5908946 0.0365474
vt 0.2714844 0.3566667
f 1084/771 1085/772 1086/773
v -0.2300454 1.5908946 0.0365474
vt 0.2714844 0.3566667
v -0.1906697 1.5684417 0.4522172
vt 0.2167969 0.3233333
v 0.0310055 1.7033976 0.2565848
vt 0.2636719 0.2700000
f 1087/774 1088/775 1089/776
v -0.3073727 1.5698507 -0.1477856
vt 0.2167969 0.3233333
v -0.2802739 1.5357647 0.3190696
vt 0.1699219 0.2500000
v -0.1826553 1.5729919 0.4483358
vt 0.1738281 0.3233333
f 1090/777 1091/778 1092/779
v -0.0784159 1.6866502 -0.1306780
vt 0.2636719 0.2700000
v -0.2802739 1.5357647 0.3190696
vt 0.1699219 0.2500000
v -0.3073727 1.5698507 -0.1477856
vt 0.2167969 0.3233333
f 1093/780 1094/781 1095/782
v -0.0105097 1.6838076 0.2380721
vt 0.1699219 0.2500000
v -0.1906697 1.5684417 0.4522172
vt 0.2167969 0.3233333
v -0.0961068 1.6534056 0.1029838
vt 0.1738281 0.3233333
f 1096/783 1097/784 1098/785
v -0.0105097 1.6838076 0.2380721
vt 0.1699219 0.2500000
v 0.0310055 1.7033976 0.2565848
vt 0.2636719 0.2700000
v -0.1906697 1.5684417 0.4522172
vt 0.2167969 0.3233333
f 1099/786 1100/787 1101/788
v -0.1826553 1.5729919 0.4483358
vt 0.1738281 0.3233333
v -0.2802739 1.5357647 0.3190696
vt 0.1699219 0.2500000
v -0.3108938 1.5428315 0.0966680
vt 0.1464844 0.2900000
f 1102/789 1103/790 1104/791
v -0.2609458 1.5587935 0.1927482
vt 0.1269531 0.2300000
v -0.0105097 1.6838076 0.2380721
vt 0.1699219 0.2500000
v -0.3108938 1.5428315 0.0966680
vt 0.1464844 0.2900000
f 1105/792 1106/793 1107/794
v -0.3108938 1.5428315 0.0966680
vt 0.1464844 0.2900000
v -0.2802739 1.5357647 0.3190696
vt 0.1699219 0.2500000
v -0.2609458 1.5587935 0.1927482
vt 0.1269531 0.2300000
f 1108/795 1109/796 1110/797
v -0.3108938 1.5428315 0.0966680
vt 0.1464844 0.2900000
v -0.0105097 1.6838076 0.2380721
vt 0.1699219 0.2500000
v -0.0961068 1.6534056 0.1029838
vt 0.1738281 0.3233333
f 1111/798 1112/799 1113/800
usemtl clut_864_498
v -0.2802739 1.5357647 0.3190696
vt 0.3457031 0.9300000
v -0.1595197 1.6337792 -0.0251942
vt 0.3378906 0.9700000
v -0.2609458 1.5587935 0.1927482
vt 0.3027344 0.9100000
f 1114/801 1115/802 1116/803
usemtl clut_848_501
v -0.3108938 1.5428315 0.0966680
vt 0.1464844 0.2900000
v -0.3073727 1.5698507 -0.1477856
vt 0.2167969 0.3233333
v -0.1826553 1.5729919 0.4483358
vt 0.1738281 0.3233333
f 1117/804 1118/805 1119/806
v -0.3073727 1.5698507 -0.1477856
vt 0.2167969 0.3233333
v -0.1906697 1.5684417 0.4522172
vt 0.2167969 0.3233333
v -0.2300454 1.5908946 0.0365474
vt 0.2714844 0.3566667
f 1120/807 1121/808 1122/809
v -0.0961068 1.6534056 0.1029838
vt 0.1738281 0.3233333
v -0.1906697 1.5684417 0.4522172
vt 0.2167969 0.3233333
v -0.3108938 1.5428315 0.0966680
vt 0.1464844 0.2900000
f 1123/810 1124/811 1125/812
v -0.3108938 1.5428315 0.0966680
vt 0.1464844 0.2900000
v -0.1906697 1.5684417 0.4522172
vt 0.2167969 0.3233333
v -0.3073727 1.5698507 -0.1477856
vt 0.2167969 0.3233333
f 1126/813 1127/814 1128/815
usemtl clut_848_503
v -0.2227359 1.5928838 0.0539719
vt 0.8457031 0.1900000
v -0.4239934 1.4836224 0.1028940
vt 0.9121094 0.1566667
v -0.2531282 1.5846128 -0.0184774
vt 0.9199219 0.2366667
f 1129/816 1130/817 1131/818
v -0.4239934 1.4836224 0.1028940
vt 0.9121094 0.1566667
v -0.2227359 1.5928838 0.0539719
vt 0.8457031 0.1900000
v -0.3422464 1.5271916 0.0908878
vt 0.8652344 0.1100000
f 1132/819 1133/820 1134/821
v -0.1320172 1.6625864 -0.1665086
vt 0.9121094 0.1566667
v -0.2227359 1.5928838 0.0539719
vt 0.8457031 0.1900000
v -0.4868953 1.4736118 -0.1160104
vt 0.9199219 0.2366667
f 1135/822 1136/823 1137/824
v -0.2227359 1.5928838 0.0539719
vt 0.8457031 0.1900000
v -0.1320172 1.6625864 -0.1665086
vt 0.9121094 0.1566667
v -0.3422464 1.5271916 0.0908878
vt 0.8652344 0.1100000
f 1138/825 1139/826 1140/827
usemtl clut_880_498
v -0.0947647 1.6750935 -0.1006920
vt 0.1113281 0.1700000
v -0.4533945 1.4886516 -0.0936163
vt 0.1113281 0.2233333
v -0.1595197 1.6337792 -0.0251942
vt 0.1542969 0.2233333
f 1141/828 1142/829 1143/830
v -0.2727485 1.5792733 -0.0652485
vt 0.1542969 0.2233333
v -0.0926444 1.6543479 0.1112375
vt 0.1113281 0.2233333
v -0.1668939 1.6341416 -0.0657589
vt 0.1113281 0.1700000
f 1144/831 1145/832 1146/833
usemtl clut_864_498
v -0.3705242 1.5266037 -0.0454794
vt 0.3847656 0.8833333
v -0.1130928 1.6227220 0.3153396
vt 0.4628906 0.7566667
v 0.0151368 1.6955254 0.2532362
vt 0.3730469 0.7233333
f 1147/834 1148/835 1149/836
v -0.3705242 1.5266037 -0.0454794
vt 0.3847656 0.8833333
v -0.1595197 1.6337792 -0.0251942
vt 0.3378906 0.9700000
v -0.1400227 1.6153933 0.2511440
vt 0.4550781 0.9900000
f 1150/837 1151/838 1152/839
v -0.0539573 1.7063369 -0.1987971
vt 0.3847656 0.8833333
v -0.2589547 1.5427511 0.3583974
vt 0.4550781 0.9900000
v -0.2727485 1.5792733 -0.0652485
vt 0.3378906 0.9700000
f 1153/840 1154/841 1155/842
v -0.3298064 1.5258387 0.1665146
vt 0.4628906 0.7566667
v -0.0539573 1.7063369 -0.1987971
vt 0.3847656 0.8833333
v -0.1421152 1.6562846 -0.1561010
vt 0.3730469 0.7233333
f 1156/843 1157/844 1158/845
v -0.1595197 1.6337792 -0.0251942
vt 0.3378906 0.9700000
v -0.4184444 1.4721020 0.2425453
vt 0.3261719 0.8833333
v -0.0947647 1.6750935 -0.1006920
vt 0.2949219 0.9233333
f 1159/846 1160/847 1161/848
v -0.0177267 1.6996124 0.0484722
vt 0.3261719 0.8833333
v -0.2727485 1.5792733 -0.0652485
vt 0.3378906 0.9700000
v -0.1668939 1.6341416 -0.0657589
vt 0.2949219 0.9233333
f 1162/849 1163/850 1164/851
v -0.2727485 1.5792733 -0.0652485
vt 0.3378906 0.9700000
v -0.0177267 1.6996124 0.0484722
vt 0.3261719 0.8833333
v -0.0539573 1.7063369 -0.1987971
vt 0.3847656 0.8833333
f 1165/852 1166/853 1167/854
v -0.3705242 1.5266037 -0.0454794
vt 0.3847656 0.8833333
v -0.4184444 1.4721020 0.2425453
vt 0.3261719 0.8833333
v -0.1595197 1.6337792 -0.0251942
vt 0.3378906 0.9700000
f 1168/855 1169/856 1170/857
v -0.4868953 1.4736118 -0.1160104
vt 0.3222656 0.8366667
v 0.0151368 1.6955254 0.2532362
vt 0.3730469 0.7233333
v -0.1320172 1.6625864 -0.1665086
vt 0.3144531 0.7566667
f 1171/858 1172/859 1173/860
v 0.0151368 1.6955254 0.2532362
vt 0.3730469 0.7233333
v -0.4868953 1.4736118 -0.1160104
vt 0.3222656 0.8366667
v -0.3705242 1.5266037 -0.0454794
vt 0.3847656 0.8833333
f 1174/861 1175/862 1176/863
v -0.1421152 1.6562846 -0.1561010
vt 0.3730469 0.7233333
v -0.2531282 1.5846128 -0.0184774
vt 0.3222656 0.8366667
v -0.4239934 1.4836224 0.1028940
vt 0.3144531 0.7566667
f 1177/864 1178/865 1179/866
v -0.1421152 1.6562846 -0.1561010
vt 0.3730469 0.7233333
v -0.0539573 1.7063369 -0.1987971
vt 0.3847656 0.8833333
v -0.2531282 1.5846128 -0.0184774
vt 0.3222656 0.8366667
f 1180/867 1181/868 1182/869
v -0.2227359 1.5928838 0.0539719
vt 0.2519531 0.7900000
v -0.1668939 1.6341416 -0.0657589
vt 0.2949219 0.9233333
v -0.4196661 1.4883538 0.0787302
vt 0.2597656 0.9033333
f 1183/870 1184/871 1185/872
v -0.0947647 1.6750935 -0.1006920
vt 0.2949219 0.9233333
v -0.2227359 1.5928838 0.0539719
vt 0.2519531 0.7900000
v -0.4196661 1.4883538 0.0787302
vt 0.2597656 0.9033333
f 1186/873 1187/874 1188/875
v -0.3705242 1.5266037 -0.0454794
vt 0.3847656 0.8833333
v -0.0300654 1.6761165 0.2144412
vt 0.4980469 0.8833333
v -0.1130928 1.6227220 0.3153396
vt 0.4628906 0.7566667
f 1189/876 1190/877 1191/878
v -0.0300654 1.6761165 0.2144412
vt 0.4980469 0.8833333
v -0.3705242 1.5266037 -0.0454794
vt 0.3847656 0.8833333
v -0.1400227 1.6153933 0.2511440
vt 0.4550781 0.9900000
f 1192/879 1193/880 1194/881
v -0.0539573 1.7063369 -0.1987971
vt 0.3847656 0.8833333
v -0.0720637 1.6670563 0.0913394
vt 0.4980469 0.8833333
v -0.2589547 1.5427511 0.3583974
vt 0.4550781 0.9900000
f 1195/882 1196/883 1197/884
v -0.0720637 1.6670563 0.0913394
vt 0.4980469 0.8833333
v -0.0539573 1.7063369 -0.1987971
vt 0.3847656 0.8833333
v -0.3298064 1.5258387 0.1665146
vt 0.4628906 0.7566667
f 1198/885 1199/886 1200/887
v -0.3705242 1.5266037 -0.0454794
vt 0.3847656 0.8833333
v -0.4868953 1.4736118 -0.1160104
vt 0.3222656 0.8366667
v -0.4184444 1.4721020 0.2425453
vt 0.3261719 0.8833333
f 1201/888 1202/889 1203/890
v -0.2531282 1.5846128 -0.0184774
vt 0.3222656 0.8366667
v -0.0539573 1.7063369 -0.1987971
vt 0.3847656 0.8833333
v -0.0177267 1.6996124 0.0484722
vt 0.3261719 0.8833333
f 1204/891 1205/892 1206/893
v -0.0720637 1.6670563 0.0913394
vt 0.4980469 0.8833333
v -0.3298064 1.5258387 0.1665146
vt 0.4628906 0.7566667
v -0.0300654 1.6761165 0.2144412
vt 0.4980469 0.8833333
v -0.1130928 1.6227220 0.3153396
vt 0.4628906 0.7566667
f 1207/894 1208/895 1209/896
f 1207/894 1209/896 1210/897
usemtl clut_880_498
v -0.2823663 1.5766559 -0.0881755
vt 0.0839844 0.2233333
v -0.4533945 1.4886516 -0.0936163
vt 0.1113281 0.2233333
v -0.4196661 1.4883538 0.0787302
vt 0.0800781 0.1500000
v -0.0947647 1.6750935 -0.1006920
vt 0.1113281 0.1700000
f 1211/898 1212/899 1213/900
f 1211/898 1213/900 1214/901
v -0.0926444 1.6543479 0.1112375
vt 0.1113281 0.2233333
v -0.2823663 1.5766559 -0.0881755
vt 0.0839844 0.2233333
v -0.1668939 1.6341416 -0.0657589
vt 0.1113281 0.1700000
v -0.4196661 1.4883538 0.0787302
vt 0.0800781 0.1500000
f 1215/902 1216/903 1217/904
f 1215/902 1217/904 1218/905
usemtl clut_864_498
v -0.2227359 1.5928838 0.0539719
vt 0.2519531 0.7900000
v -0.2531282 1.5846128 -0.0184774
vt 0.3222656 0.8366667
v -0.1668939 1.6341416 -0.0657589
vt 0.2949219 0.9233333
v -0.0177267 1.6996124 0.0484722
vt 0.3261719 0.8833333
f 1219/906 1220/907 1221/908
f 1219/906 1221/908 1222/909
v -0.0947647 1.6750935 -0.1006920
vt 0.2949219 0.9233333
v -0.4184444 1.4721020 0.2425453
vt 0.3261719 0.8833333
v -0.2227359 1.5928838 0.0539719
vt 0.2519531 0.7900000
v -0.4868953 1.4736118 -0.1160104
vt 0.3222656 0.8366667
f 1223/910 1224/911 1225/912
f 1223/910 1225/912 1226/913
g bone_13
usemtl rgb_000_016_032
v -0.3605715 1.7907153 -0.1943372
v -0.6475568 1.7230771 -0.3210279
v -0.5974163 1.6751415 -0.1323109
f 1227 1228 1229
v -0.6145429 1.6778778 -0.1587531
v -0.6118252 1.6755953 -0.1494041
v -0.5542037 1.6388486 0.0163380
f 1230 1231 1232
v -0.5974163 1.6751415 -0.1323109
v -0.5469993 1.6386217 0.0248846
v -0.4564458 1.6906952 -0.0208147
f 1233 1234 1235
v -0.4014904 1.7843143 -0.2214421
v -0.3919782 1.7763253 -0.1887206
v -0.6145429 1.6778778 -0.1587531
f 1236 1237 1238
v -0.4014904 1.7843143 -0.2214421
v -0.6145429 1.6778778 -0.1587531
v -0.4510103 1.6861300 -0.0021167
f 1239 1240 1241
v -0.4014904 1.7843143 -0.2214421
v -0.4510103 1.6861300 -0.0021167
v -0.4564458 1.6906952 -0.0208147
f 1242 1243 1244
v -0.4510103 1.6861300 -0.0021167
v -0.5974163 1.6751415 -0.1323109
v -0.4564458 1.6906952 -0.0208147
f 1245 1246 1247
v -0.5536649 1.6267481 0.0506642
v -0.5974163 1.6751415 -0.1323109
v -0.4510103 1.6861300 -0.0021167
f 1248 1249 1250
v -0.6145429 1.6778778 -0.1587531
v -0.7581305 1.5771631 -0.0357078
v -0.4510103 1.6861300 -0.0021167
f 1251 1252 1253
v -0.7581305 1.5771631 -0.0357078
v -0.5536649 1.6267481 0.0506642
v -0.4510103 1.6861300 -0.0021167
f 1254 1255 1256
usemtl clut_832_499
v -0.6118252 1.6755953 -0.1494041
vt 0.8730469 0.8766667
v -0.7649250 1.5828696 -0.0590803
vt 0.9511719 0.9166667
v -0.7513361 1.5714567 -0.0123353
vt 0.9199219 0.8633333
f 1257/914 1258/915 1259/916
v -0.6118252 1.6755953 -0.1494041
vt 0.8730469 0.8766667
v -0.7513361 1.5714567 -0.0123353
vt 0.9199219 0.8633333
v -0.5542037 1.6388486 0.0163380
vt 0.8730469 0.8433333
f 1260/917 1261/918 1262/919
v -0.4564458 1.6906952 -0.0208147
vt 0.7832031 0.7633333
v -0.6863438 1.6100546 -0.0485458
vt 0.7832031 0.8766667
v -0.3722767 1.7539547 -0.1047122
vt 0.7832031 0.9633333
f 1263/920 1264/921 1265/922
v -0.3991827 1.7765522 -0.1972672
vt 0.7832031 0.8766667
v -0.4014904 1.7843143 -0.2214421
vt 0.7832031 0.7633333
v -0.3722767 1.7539547 -0.1047122
vt 0.7832031 0.9633333
f 1266/923 1267/924 1268/925
v -0.4014904 1.7843143 -0.2214421
vt 0.7832031 0.7633333
v -0.4564458 1.6906952 -0.0208147
vt 0.7832031 0.7633333
v -0.3722767 1.7539547 -0.1047122
vt 0.7832031 0.9633333
f 1269/926 1270/927 1271/928
v -0.7649250 1.5828696 -0.0590803
vt 0.9511719 0.9166667
v -0.6475568 1.7230771 -0.3210279
vt 0.8730469 0.8766667
v -0.7513361 1.5714567 -0.0123353
vt 0.9199219 0.8633333
f 1272/929 1273/930 1274/931
v -0.6475568 1.7230771 -0.3210279
vt 0.8730469 0.8766667
v -0.3605715 1.7907153 -0.1943372
vt 0.8730469 0.8433333
v -0.7513361 1.5714567 -0.0123353
vt 0.9199219 0.8633333
f 1275/932 1276/933 1277/934
v -0.3722767 1.7539547 -0.1047122
vt 0.8261719 0.9966667
v -0.3722767 1.7539547 -0.1047122
vt 0.7832031 0.9633333
v -0.4482925 1.6838474 0.0072323
vt 0.8261719 0.8833333
f 1278/935 1279/936 1280/937
v -0.3722767 1.7539547 -0.1047122
vt 0.8261719 0.9966667
v -0.4482925 1.6838474 0.0072323
vt 0.8261719 0.8833333
v -0.4754702 1.7066732 -0.0862576
vt 0.8730469 0.9633333
f 1281/938 1282/939 1283/940
v -0.7649250 1.5828696 -0.0590803
vt 0.9511719 0.9166667
v -0.4754702 1.7066732 -0.0862576
vt 0.8730469 0.9633333
v -0.6475568 1.7230771 -0.3210279
vt 0.8730469 0.8766667
f 1284/941 1285/942 1286/943
v -0.6118252 1.6755953 -0.1494041
vt 0.8730469 0.8766667
v -0.4754702 1.7066732 -0.0862576
vt 0.8730469 0.9633333
v -0.7649250 1.5828696 -0.0590803
vt 0.9511719 0.9166667
f 1287/944 1288/945 1289/946
v -0.6118252 1.6755953 -0.1494041
vt 0.8730469 0.8766667
v -0.6177995 1.6922609 -0.2024283
vt 0.8261719 0.8833333
v -0.4754702 1.7066732 -0.0862576
vt 0.8730469 0.9633333
f 1290/947 1291/948 1292/949
v -0.3722767 1.7539547 -0.1047122
vt 0.8261719 0.9966667
v -0.6177995 1.6922609 -0.2024283
vt 0.8261719 0.8833333
v -0.3722767 1.7539547 -0.1047122
vt 0.7832031 0.9633333
f 1293/950 1294/951 1295/952
v -0.6863438 1.6100546 -0.0485458
vt 0.7832031 0.8766667
v -0.4564458 1.6906952 -0.0208147
vt 0.7832031 0.7633333
v -0.4482925 1.6838474 0.0072323
vt 0.8261719 0.8833333
f 1296/953 1297/954 1298/955
v -0.5469993 1.6386217 0.0248846
vt 0.8261719 0.7100000
v -0.5974163 1.6751415 -0.1323109
vt 0.8769531 0.7633333
v -0.4482925 1.6838474 0.0072323
vt 0.8261719 0.8833333
f 1299/956 1300/957 1301/958
v -0.5974163 1.6751415 -0.1323109
vt 0.8769531 0.7633333
v -0.6475568 1.7230771 -0.3210279
vt 0.8730469 0.8766667
v -0.4482925 1.6838474 0.0072323
vt 0.8261719 0.8833333
f 1302/959 1303/960 1304/961
v -0.4564458 1.6906952 -0.0208147
vt 0.7832031 0.7633333
v -0.5469993 1.6386217 0.0248846
vt 0.8261719 0.7100000
v -0.4482925 1.6838474 0.0072323
vt 0.8261719 0.8833333
f 1305/962 1306/963 1307/964
v -0.4482925 1.6838474 0.0072323
vt 0.8261719 0.8833333
v -0.6475568 1.7230771 -0.3210279
vt 0.8730469 0.8766667
v -0.4754702 1.7066732 -0.0862576
vt 0.8730469 0.9633333
f 1308/965 1309/966 1310/967
v -0.3722767 1.7539547 -0.1047122
vt 0.7832031 0.9633333
v -0.6863438 1.6100546 -0.0485458
vt 0.7832031 0.8766667
v -0.4482925 1.6838474 0.0072323
vt 0.8261719 0.8833333
f 1311/968 1312/969 1313/970
v -0.6177995 1.6922609 -0.2024283
vt 0.8261719 0.8833333
v -0.3991827 1.7765522 -0.1972672
vt 0.7832031 0.8766667
v -0.3722767 1.7539547 -0.1047122
vt 0.7832031 0.9633333
f 1314/971 1315/972 1316/973
v -0.6177995 1.6922609 -0.2024283
vt 0.8261719 0.8833333
v -0.3722767 1.7539547 -0.1047122
vt 0.8261719 0.9966667
v -0.4754702 1.7066732 -0.0862576
vt 0.8730469 0.9633333
f 1317/974 1318/975 1319/976
usemtl clut_848_499
v -0.7581305 1.5771631 -0.0357078
vt 0.0761719 0.1100000
v -0.7513361 1.5714567 -0.0123353
vt 0.0449219 0.2366667
v -0.5536649 1.6267481 0.0506642
vt 0.0761719 0.1100000
f 1320/977 1321/978 1322/979
v -0.7513361 1.5714567 -0.0123353
vt 0.0449219 0.2366667
v -0.7581305 1.5771631 -0.0357078
vt 0.0761719 0.1100000
v -0.5542037 1.6388486 0.0163380
vt 0.0019531 0.2166667
f 1323/980 1324/981 1325/982
v -0.5536649 1.6267481 0.0506642
vt 0.0761719 0.1100000
v -0.7513361 1.5714567 -0.0123353
vt 0.0449219 0.2366667
v -0.3605715 1.7907153 -0.1943372
vt 0.0019531 0.2166667
f 1326/983 1327/984 1328/985
v -0.5974163 1.6751415 -0.1323109
vt 0.0058594 0.1366667
v -0.5536649 1.6267481 0.0506642
vt 0.0761719 0.1100000
v -0.3605715 1.7907153 -0.1943372
vt 0.0019531 0.2166667
f 1329/986 1330/987 1331/988
v -0.6145429 1.6778778 -0.1587531
vt 0.0058594 0.1366667
v -0.5542037 1.6388486 0.0163380
vt 0.0019531 0.2166667
v -0.7581305 1.5771631 -0.0357078
vt 0.0761719 0.1100000
f 1332/989 1333/990 1334/991
usemtl clut_832_499
v -0.6177995 1.6922609 -0.2024283
vt 0.8261719 0.8833333
v -0.3919782 1.7763253 -0.1887206
vt 0.8261719 0.7100000
v -0.3991827 1.7765522 -0.1972672
vt 0.7832031 0.8766667
v -0.4014904 1.7843143 -0.2214421
vt 0.7832031 0.7633333
f 1335/992 1336/993 1337/994
f 1335/992 1337/994 1338/995
v -0.3919782 1.7763253 -0.1887206
vt 0.8261719 0.7100000
v -0.6177995 1.6922609 -0.2024283
vt 0.8261719 0.8833333
v -0.6145429 1.6778778 -0.1587531
vt 0.8769531 0.7633333
v -0.6118252 1.6755953 -0.1494041
vt 0.8730469 0.8766667
f 1339/996 1340/997 1341/998
f 1339/996 1341/998 1342/999
g bone_14
usemtl clut_864_501
v -0.5275363 1.7845118 -0.3751118
vt 0.5527344 0.1500000
v -0.4181209 1.7295886 -0.1465036
vt 0.5761719 0.1500000
v -0.3974261 1.7990609 -0.2919213
vt 0.5527344 0.1500000
f 1343/1000 1344/1001 1345/1002
v -0.5275363 1.7845118 -0.3751118
vt 0.5527344 0.1500000
v -0.3974261 1.7990609 -0.2919213
vt 0.5527344 0.1500000
v -0.4758079 1.7646113 -0.2813614
vt 0.5332031 0.1633333
v -0.3703172 1.8015327 -0.2732666
vt 0.5332031 0.1633333
f 1346/1003 1347/1004 1348/1005
f 1346/1003 1348/1005 1349/1006
usemtl clut_880_501
v -0.3980118 1.8254150 -0.3547076
vt 0.2480469 0.5033333
v -0.4160844 1.8237671 -0.3671441
vt 0.1894531 0.5033333
v -0.3703172 1.8015327 -0.2732666
vt 0.2363281 0.4033333
v -0.4758079 1.7646113 -0.2813614
vt 0.2011719 0.4033333
f 1350/1007 1351/1008 1352/1009
f 1350/1007 1352/1009 1353/1010
usemtl clut_864_501
v -0.4160844 1.8237671 -0.3671441
vt 0.5175781 0.2500000
v -0.3072883 1.8506955 -0.3324558
vt 0.5566406 0.2433333
v -0.4758079 1.7646113 -0.2813614
vt 0.5332031 0.1633333
v -0.5275363 1.7845118 -0.3751118
vt 0.5527344 0.1500000
f 1354/1011 1355/1012 1356/1013
f 1354/1011 1356/1013 1357/1014
v -0.3072883 1.8506955 -0.3324558
vt 0.5566406 0.2433333
v -0.2719646 1.8539163 -0.3081481
vt 0.5917969 0.2433333
v -0.5275363 1.7845118 -0.3751118
vt 0.5527344 0.1500000
v -0.4181209 1.7295886 -0.1465036
vt 0.5761719 0.1500000
f 1358/1015 1359/1016 1360/1017
f 1358/1015 1360/1017 1361/1018
v -0.2719646 1.8539163 -0.3081481
vt 0.5917969 0.2433333
v -0.4029877 1.7931828 -0.2830604
vt 0.5566406 0.2433333
v -0.4181209 1.7295886 -0.1465036
vt 0.5761719 0.1500000
v -0.3974261 1.7990609 -0.2919213
vt 0.5527344 0.1500000
f 1362/1019 1363/1020 1364/1021
f 1362/1019 1364/1021 1365/1022
v -0.4029877 1.7931828 -0.2830604
vt 0.5566406 0.2433333
v -0.3980118 1.8254150 -0.3547076
vt 0.5175781 0.2500000
v -0.3974261 1.7990609 -0.2919213
vt 0.5527344 0.1500000
v -0.3703172 1.8015327 -0.2732666
vt 0.5332031 0.1633333
f 1366/1023 1367/1024 1368/1025
f 1366/1023 1368/1025 1369/1026
usemtl clut_880_501
v -0.3980118 1.8254150 -0.3547076
vt 0.2480469 0.5033333
v -0.5255629 1.7421712 -0.2733062
vt 0.2402344 0.5833333
v -0.4160844 1.8237671 -0.3671441
vt 0.1894531 0.5033333
v -0.4350254 1.7902615 -0.3051070
vt 0.1972656 0.5833333
f 1370/1027 1371/1028 1372/1029
f 1370/1027 1372/1029 1373/1030
usemtl clut_864_501
v -0.3342305 1.8357065 -0.3213904
vt 0.5566406 0.3300000
v -0.3072883 1.8506955 -0.3324558
vt 0.5566406 0.2433333
v -0.4350254 1.7902615 -0.3051070
vt 0.5292969 0.3300000
v -0.4160844 1.8237671 -0.3671441
vt 0.5175781 0.2500000
f 1374/1031 1375/1032 1376/1033
f 1374/1031 1376/1033 1377/1034
v -0.4029877 1.7931828 -0.2830604
vt 0.5566406 0.2433333
v -0.3079432 1.8381034 -0.3033009
vt 0.5566406 0.3300000
v -0.3980118 1.8254150 -0.3547076
vt 0.5175781 0.2500000
v -0.5255629 1.7421712 -0.2733062
vt 0.5292969 0.3300000
f 1378/1035 1379/1036 1380/1037
f 1378/1035 1380/1037 1381/1038
v -0.2719646 1.8539163 -0.3081481
vt 0.5917969 0.2433333
v -0.4603859 1.7888443 -0.3246733
vt 0.5800781 0.3300000
v -0.4029877 1.7931828 -0.2830604
vt 0.5566406 0.2433333
v -0.3079432 1.8381034 -0.3033009
vt 0.5566406 0.3300000
f 1382/1039 1383/1040 1384/1041
f 1382/1039 1384/1041 1385/1042
v -0.4603859 1.7888443 -0.3246733
vt 0.5800781 0.3300000
v -0.2719646 1.8539163 -0.3081481
vt 0.5917969 0.2433333
v -0.3342305 1.8357065 -0.3213904
vt 0.5566406 0.3300000
v -0.3072883 1.8506955 -0.3324558
vt 0.5566406 0.2433333
f 1386/1043 1387/1044 1388/1045
f 1386/1043 1388/1045 1389/1046
g bone_15
usemtl rgb_064_080_088
v -0.2990736 1.5249007 -0.3985187
v -0.2704129 1.4794191 -0.3145485
v -0.2949024 1.5293093 -0.4051644
v -0.2662417 1.4838277 -0.3211942
f 1390 1391 1392
f 1390 1392 1393
v -0.2704129 1.4794191 -0.3145485
v -0.2949024 1.5293093 -0.4051644
v -0.2662417 1.4838277 -0.3211942
v -0.3902552 1.5053859 -0.3847309
f 1394 1395 1396
f 1394 1396 1397
v -0.3573489 1.5401648 -0.4371580
v -0.2990736 1.5249007 -0.3985187
v -0.2949024 1.5293093 -0.4051644
v -0.2949024 1.5293093 -0.4051644
f 1398 1399 1400
f 1398 1400 1401
v -0.3902552 1.5053859 -0.3847309
v -0.2949024 1.5293093 -0.4051644
v -0.2662417 1.4838277 -0.3211942
v -0.2949024 1.5293093 -0.4051644
f 1402 1403 1404
f 1402 1404 1405
v -0.2949024 1.5293093 -0.4051644
v -0.3573489 1.5401648 -0.4371580
v -0.3902552 1.5053859 -0.3847309
v -0.2949024 1.5293093 -0.4051644
f 1406 1407 1408
f 1406 1408 1409
v -0.3573489 1.5401648 -0.4371580
v -0.2949024 1.5293093 -0.4051644
v -0.2990736 1.5249007 -0.3985187
v -0.2704129 1.4794191 -0.3145485
f 1410 1411 1412
f 1410 1412 1413
g bone_16
usemtl rgb_200_200_200
v -0.2538331 1.4949346 -0.4969886
v -0.1927132 1.4757218 -0.4713716
v -0.2862759 1.4606455 -0.4452999
f 1414 1415 1416
usemtl clut_832_498
v -0.3807243 1.4458476 -0.4195994
vt 0.2988281 0.2233333
v -0.3925713 1.4940590 -0.4898511
vt 0.3066406 0.3433333
v -0.3837134 1.4912745 -0.4861385
vt 0.2988281 0.2966667
f 1417/1047 1418/1048 1419/1049
usemtl rgb_000_016_032
v -0.3841248 1.4786932 -0.4676577
v -0.2862759 1.4606455 -0.4452999
v -0.3837134 1.4912745 -0.4861385
f 1420 1421 1422
v -0.3433866 1.4245776 -0.3899602
v -0.1742266 1.5074071 -0.5186505
v -0.2328318 1.4940527 -0.4965804
f 1423 1424 1425
v -0.2862759 1.4606455 -0.4452999
v -0.1387948 1.4962692 -0.5038000
v -0.3837134 1.4912745 -0.4861385
f 1426 1427 1428
v -0.3841248 1.4786932 -0.4676577
v -0.3394236 1.4773522 -0.4675755
v -0.2939517 1.5132655 -0.5221973
f 1429 1430 1431
v -0.2328318 1.4940527 -0.4965804
v -0.1742266 1.5074071 -0.5186505
v -0.3841248 1.4786932 -0.4676577
f 1432 1433 1434
v -0.1742266 1.5074071 -0.5186505
v -0.2862759 1.4606455 -0.4452999
v -0.3841248 1.4786932 -0.4676577
f 1435 1436 1437
v -0.3837134 1.4912745 -0.4861385
v -0.3925713 1.4940590 -0.4898511
v -0.3394236 1.4773522 -0.4675755
f 1438 1439 1440
v -0.3394236 1.4773522 -0.4675755
v -0.3841248 1.4786932 -0.4676577
v -0.3837134 1.4912745 -0.4861385
f 1441 1442 1443
v -0.2939517 1.5132655 -0.5221973
v -0.2938534 1.3931187 -0.3458830
v -0.2328318 1.4940527 -0.4965804
f 1444 1445 1446
v -0.2328318 1.4940527 -0.4965804
v -0.3841248 1.4786932 -0.4676577
v -0.2939517 1.5132655 -0.5221973
f 1447 1448 1449
usemtl clut_832_498
v -0.2407056 1.3764120 -0.3236073
vt 0.2988281 0.2233333
v -0.2328318 1.4940527 -0.4965804
vt 0.2988281 0.2966667
v -0.2938534 1.3931187 -0.3458830
vt 0.3066406 0.3433333
f 1450/1050 1451/1051 1452/1052
v -0.1901356 1.4177135 -0.3863517
vt 0.3574219 0.2366667
v -0.2517298 1.4497861 -0.4308207
vt 0.3574219 0.2366667
v -0.1927132 1.4757218 -0.4713716
vt 0.3300781 0.0033333
f 1453/1053 1454/1054 1455/1055
v -0.1927132 1.4757218 -0.4713716
vt 0.3300781 0.0033333
v -0.2538331 1.4949346 -0.4969886
vt 0.2988281 0.0033333
v -0.1901356 1.4177135 -0.3863517
vt 0.3574219 0.2366667
f 1456/1056 1457/1057 1458/1058
v -0.2538331 1.4949346 -0.4969886
vt 0.2988281 0.0033333
v -0.2407056 1.3764120 -0.3236073
vt 0.2988281 0.2233333
v -0.1901356 1.4177135 -0.3863517
vt 0.3574219 0.2366667
f 1459/1059 1460/1060 1461/1061
v -0.2517298 1.4497861 -0.4308207
vt 0.3574219 0.2366667
v -0.3807243 1.4458476 -0.4195994
vt 0.2988281 0.2233333
v -0.2862759 1.4606455 -0.4452999
vt 0.2988281 0.0033333
f 1462/1062 1463/1063 1464/1064
v -0.2862759 1.4606455 -0.4452999
vt 0.2988281 0.0033333
v -0.1927132 1.4757218 -0.4713716
vt 0.3300781 0.0033333
v -0.2517298 1.4497861 -0.4308207
vt 0.3574219 0.2366667
f 1465/1065 1466/1066 1467/1067
usemtl clut_864_497
v -0.2328318 1.4940527 -0.4965804
vt 0.5136719 0.3300000
v -0.2407056 1.3764120 -0.3236073
vt 0.5136719 0.2566667
v -0.3433866 1.4245776 -0.3899602
vt 0.4746094 0.3300000
f 1468/1068 1469/1069 1470/1070
v -0.3807243 1.4458476 -0.4195994
vt 0.5136719 0.2566667
v -0.3837134 1.4912745 -0.4861385
vt 0.5136719 0.3300000
v -0.1387948 1.4962692 -0.5038000
vt 0.4746094 0.3300000
f 1471/1071 1472/1072 1473/1073
v -0.3807243 1.4458476 -0.4195994
vt 0.5136719 0.2566667
v -0.1387948 1.4962692 -0.5038000
vt 0.4746094 0.3300000
v -0.2862759 1.4606455 -0.4452999
vt 0.4550781 0.2700000
f 1474/1074 1475/1075 1476/1076
v -0.2862759 1.4606455 -0.4452999
vt 0.4550781 0.2700000
v -0.3819585 1.4081035 -0.3641569
vt 0.4667969 0.1900000
v -0.3807243 1.4458476 -0.4195994
vt 0.5136719 0.2566667
f 1477/1077 1478/1078 1479/1079
v -0.2407056 1.3764120 -0.3236073
vt 0.5136719 0.2566667
v -0.3819585 1.4081035 -0.3641569
vt 0.4667969 0.1900000
v -0.1742266 1.5074071 -0.5186505
vt 0.4550781 0.2700000
f 1480/1080 1481/1081 1482/1082
v -0.1742266 1.5074071 -0.5186505
vt 0.4550781 0.2700000
v -0.3433866 1.4245776 -0.3899602
vt 0.4746094 0.3300000
v -0.2407056 1.3764120 -0.3236073
vt 0.5136719 0.2566667
f 1483/1083 1484/1084 1485/1085
v -0.2407056 1.3764120 -0.3236073
vt 0.5136719 0.2566667
v -0.2538331 1.4949346 -0.4969886
vt 0.5136719 0.0300000
v -0.3819585 1.4081035 -0.3641569
vt 0.4667969 0.1900000
f 1486/1086 1487/1087 1488/1088
v -0.2058465 1.4982807 -0.5039234
vt 0.4746094 0.0300000
v -0.2862759 1.4606455 -0.4452999
vt 0.5136719 0.0300000
v -0.3819585 1.4081035 -0.3641569
vt 0.4667969 0.1900000
f 1489/1089 1490/1090 1491/1091
v -0.2862759 1.4606455 -0.4452999
vt 0.5136719 0.0300000
v -0.3807243 1.4458476 -0.4195994
vt 0.5136719 0.2566667
v -0.3819585 1.4081035 -0.3641569
vt 0.4667969 0.1900000
f 1492/1092 1493/1093 1494/1094
v -0.2538331 1.4949346 -0.4969886
vt 0.5136719 0.0300000
v -0.2678522 1.5177719 -0.5299116
vt 0.4746094 0.0300000
v -0.3819585 1.4081035 -0.3641569
vt 0.4667969 0.1900000
f 1495/1095 1496/1096 1497/1097
usemtl rgb_200_200_200
v -0.2538331 1.4949346 -0.4969886
v -0.2862759 1.4606455 -0.4452999
v -0.2678522 1.5177719 -0.5299116
v -0.2058465 1.4982807 -0.5039234
f 1498 1499 1500
f 1498 1500 1501
usemtl clut_832_498
v -0.1901356 1.4177135 -0.3863517
vt 0.3574219 0.2366667
v -0.2407056 1.3764120 -0.3236073
vt 0.2988281 0.2233333
v -0.2939517 1.5132655 -0.5221973
vt 0.3496094 0.3566667
v -0.2938534 1.3931187 -0.3458830
vt 0.3066406 0.3433333
f 1502/1098 1503/1099 1504/1100
f 1502/1098 1504/1100 1505/1101
v -0.3807243 1.4458476 -0.4195994
vt 0.2988281 0.2233333
v -0.2517298 1.4497861 -0.4308207
vt 0.3574219 0.2366667
v -0.3925713 1.4940590 -0.4898511
vt 0.3066406 0.3433333
v -0.3394236 1.4773522 -0.4675755
vt 0.3496094 0.3566667
f 1506/1102 1507/1103 1508/1104
f 1506/1102 1508/1104 1509/1105
v -0.2517298 1.4497861 -0.4308207
vt 0.3574219 0.2366667
v -0.1901356 1.4177135 -0.3863517
vt 0.3574219 0.2366667
v -0.3394236 1.4773522 -0.4675755
vt 0.3496094 0.3566667
v -0.2939517 1.5132655 -0.5221973
vt 0.3496094 0.3566667
f 1510/1106 1511/1107 1512/1108
f 1510/1106 1512/1108 1513/1109
usemtl clut_880_497
v -0.3819585 1.4081035 -0.3641569
vt 0.9550781 0.9300000
v -0.3819585 1.4081035 -0.3641569
vt 0.9824219 0.9300000
v -0.1742266 1.5074071 -0.5186505
vt 0.9589844 0.9966667
v -0.2862759 1.4606455 -0.4452999
vt 0.9746094 0.9966667
f 1514/1110 1515/1111 1516/1112
f 1514/1110 1516/1112 1517/1113
v -0.3819585 1.4081035 -0.3641569
vt 0.9550781 0.9300000
v -0.2678522 1.5177719 -0.5299116
vt 0.9550781 0.7900000
v -0.3819585 1.4081035 -0.3641569
vt 0.9824219 0.9300000
v -0.2058465 1.4982807 -0.5039234
vt 0.9785156 0.7900000
f 1518/1114 1519/1115 1520/1116
f 1518/1114 1520/1116 1521/1117
g bone_17
usemtl clut_880_500
v -0.2091959 1.2228558 -0.6500672
vt 0.2519531 0.1633333
v -0.1873681 1.2185713 -0.6243536
vt 0.2636719 0.1100000
v -0.2159433 1.2190820 -0.6436460
vt 0.2910156 0.1433333
f 1522/1118 1523/1119 1524/1120
usemtl clut_848_500
v -0.2551050 1.2267689 -0.6897793
vt 0.1621094 0.1433333
v -0.2491935 1.2296871 -0.6943112
vt 0.1855469 0.1100000
v -0.2965843 1.1788306 -0.5805758
vt 0.2011719 0.1633333
f 1525/1121 1526/1122 1527/1123
usemtl rgb_064_080_088
v -0.2701290 1.1777163 -0.5609067
v -0.2829689 1.1802366 -0.5760324
v -0.2770574 1.1831548 -0.5805643
v -0.2712884 1.2258669 -0.6973478
f 1528 1529 1530
f 1528 1530 1531
usemtl clut_864_500
v -0.1873681 1.2185713 -0.6243536
vt 0.2050781 0.1100000
v -0.2491935 1.2296871 -0.6943112
vt 0.2441406 0.1100000
v -0.2159433 1.2190820 -0.6436460
vt 0.2050781 0.1433333
v -0.2551050 1.2267689 -0.6897793
vt 0.2480469 0.1433333
f 1532/1124 1533/1125 1534/1126
f 1532/1124 1534/1126 1535/1127
usemtl clut_832_501
v -0.2091959 1.2228558 -0.6500672
vt 0.6386719 0.1633333
v -0.2965843 1.1788306 -0.5805758
vt 0.5957031 0.1633333
v -0.1873681 1.2185713 -0.6243536
vt 0.6386719 0.1100000
v -0.2491935 1.2296871 -0.6943112
vt 0.5957031 0.1100000
f 1536/1128 1537/1129 1538/1130
f 1536/1128 1538/1130 1539/1131
v -0.2829689 1.1802366 -0.5760324
vt 0.6347656 0.2233333
v -0.2701290 1.1777163 -0.5609067
vt 0.5996094 0.2233333
v -0.2091959 1.2228558 -0.6500672
vt 0.6386719 0.1633333
v -0.2965843 1.1788306 -0.5805758
vt 0.5957031 0.1633333
f 1540/1132 1541/1133 1542/1134
f 1540/1132 1542/1134 1543/1135
usemtl clut_864_500
v -0.2159433 1.2190820 -0.6436460
vt 0.2050781 0.1433333
v -0.2551050 1.2267689 -0.6897793
vt 0.2480469 0.1433333
v -0.2712884 1.2258669 -0.6973478
vt 0.2050781 0.2233333
v -0.2770574 1.1831548 -0.5805643
vt 0.2480469 0.2233333
f 1544/1136 1545/1137 1546/1138
f 1544/1136 1546/1138 1547/1139
usemtl clut_880_500
v -0.2091959 1.2228558 -0.6500672
vt 0.2519531 0.1633333
v -0.2159433 1.2190820 -0.6436460
vt 0.2910156 0.1433333
v -0.2829689 1.1802366 -0.5760324
vt 0.2558594 0.2233333
v -0.2712884 1.2258669 -0.6973478
vt 0.2949219 0.2233333
f 1548/1140 1549/1141 1550/1142
f 1548/1140 1550/1142 1551/1143
usemtl clut_848_500
v -0.2551050 1.2267689 -0.6897793
vt 0.1621094 0.1433333
v -0.2965843 1.1788306 -0.5805758
vt 0.2011719 0.1633333
v -0.2770574 1.1831548 -0.5805643
vt 0.1582031 0.2233333
v -0.2701290 1.1777163 -0.5609067
vt 0.1933594 0.2233333
f 1552/1144 1553/1145 1554/1146
f 1552/1144 1554/1146 1555/1147
g bone_18
usemtl rgb_000_016_032
v -0.2099901 1.8238902 0.2952308
v 0.0197683 1.8476012 0.0633389
v 0.0368726 1.8530114 0.0651205
f 1556 1557 1558
v 0.0200874 1.8455916 0.0523453
v 0.0247623 1.8444323 0.0390487
v 0.0879893 1.8959300 0.2102103
f 1559 1560 1561
v 0.0197683 1.8476012 0.0633389
v 0.0842717 1.8910608 0.1905261
v -0.1083426 1.8596824 0.3248397
f 1562 1563 1564
v -0.0800969 1.8260380 0.1053147
v 0.0200874 1.8455916 0.0523453
v -0.1987657 1.7956252 0.1301699
f 1565 1566 1567
v -0.0800969 1.8260380 0.1053147
v -0.0078391 1.8772265 0.2608767
v 0.0200874 1.8455916 0.0523453
f 1568 1569 1570
v -0.0800969 1.8260380 0.1053147
v 0.0842717 1.8910608 0.1905261
v -0.0078391 1.8772265 0.2608767
f 1571 1572 1573
v -0.0078391 1.8772265 0.2608767
v 0.0842717 1.8910608 0.1905261
v 0.0197683 1.8476012 0.0633389
f 1574 1575 1576
v 0.1151855 1.9084895 0.2337184
v -0.0078391 1.8772265 0.2608767
v 0.0197683 1.8476012 0.0633389
f 1577 1578 1579
v 0.0200874 1.8455916 0.0523453
v -0.0078391 1.8772265 0.2608767
v 0.2302481 1.9050493 0.0375711
f 1580 1581 1582
v 0.2302481 1.9050493 0.0375711
v -0.0078391 1.8772265 0.2608767
v 0.1151855 1.9084895 0.2337184
f 1583 1584 1585
usemtl clut_832_499
v 0.0879893 1.8959300 0.2102103
vt 0.8730469 0.8766667
v 0.2201562 1.8979001 0.0158446
vt 0.9199219 0.8633333
v 0.1706465 1.8985960 0.0961459
vt 0.9511719 0.9166667
f 1586/1148 1587/1149 1588/1150
v 0.0879893 1.8959300 0.2102103
vt 0.8730469 0.8766667
v 0.0247623 1.8444323 0.0390487
vt 0.8730469 0.8433333
v 0.2201562 1.8979001 0.0158446
vt 0.9199219 0.8633333
f 1589/1151 1590/1152 1591/1153
v 0.0842717 1.8910608 0.1905261
vt 0.7832031 0.7633333
v 0.2302481 1.9050493 0.0375711
vt 0.7832031 0.9633333
v -0.1443542 1.8319356 0.2356305
vt 0.7832031 0.8766667
f 1592/1154 1593/1155 1594/1156
v -0.1443542 1.8319356 0.2356305
vt 0.7832031 0.8766667
v 0.2302481 1.9050493 0.0375711
vt 0.7832031 0.9633333
v -0.0800969 1.8260380 0.1053147
vt 0.7832031 0.7633333
f 1595/1157 1596/1158 1597/1159
v -0.0800969 1.8260380 0.1053147
vt 0.7832031 0.7633333
v 0.2302481 1.9050493 0.0375711
vt 0.7832031 0.9633333
v 0.0842717 1.8910608 0.1905261
vt 0.7832031 0.7633333
f 1598/1160 1599/1161 1600/1162
v 0.1706465 1.8985960 0.0961459
vt 0.9511719 0.9166667
v 0.2201562 1.8979001 0.0158446
vt 0.9199219 0.8633333
v 0.0368726 1.8530114 0.0651205
vt 0.8730469 0.8766667
f 1601/1163 1602/1164 1603/1165
v 0.0368726 1.8530114 0.0651205
vt 0.8730469 0.8766667
v 0.2201562 1.8979001 0.0158446
vt 0.9199219 0.8633333
v -0.2099901 1.8238902 0.2952308
vt 0.8730469 0.8433333
f 1604/1166 1605/1167 1606/1168
v -0.1843180 1.8036246 0.1495935
vt 0.8261719 0.9966667
v -0.0038024 1.8800862 0.2695673
vt 0.8261719 0.8833333
v 0.2302481 1.9050493 0.0375711
vt 0.7832031 0.9633333
f 1607/1169 1608/1170 1609/1171
v -0.1843180 1.8036246 0.1495935
vt 0.8261719 0.9966667
v -0.0441699 1.8514893 0.1826612
vt 0.8730469 0.9633333
v -0.0038024 1.8800862 0.2695673
vt 0.8261719 0.8833333
f 1610/1172 1611/1173 1612/1174
v 0.1706465 1.8985960 0.0961459
vt 0.9511719 0.9166667
v 0.0368726 1.8530114 0.0651205
vt 0.8730469 0.8766667
v -0.0441699 1.8514893 0.1826612
vt 0.8730469 0.9633333
f 1613/1175 1614/1176 1615/1177
v 0.0879893 1.8959300 0.2102103
vt 0.8730469 0.8766667
v 0.1706465 1.8985960 0.0961459
vt 0.9511719 0.9166667
v -0.0441699 1.8514893 0.1826612
vt 0.8730469 0.9633333
f 1616/1178 1617/1179 1618/1180
v 0.0879893 1.8959300 0.2102103
vt 0.8730469 0.8766667
v -0.0441699 1.8514893 0.1826612
vt 0.8730469 0.9633333
v -0.0021147 1.8298633 0.0045469
vt 0.8261719 0.8833333
f 1619/1181 1620/1182 1621/1183
v -0.1843180 1.8036246 0.1495935
vt 0.8261719 0.9966667
v 0.2302481 1.9050493 0.0375711
vt 0.7832031 0.9633333
v -0.0021147 1.8298633 0.0045469
vt 0.8261719 0.8833333
f 1622/1184 1623/1185 1624/1186
v -0.1443542 1.8319356 0.2356305
vt 0.7832031 0.8766667
v -0.0038024 1.8800862 0.2695673
vt 0.8261719 0.8833333
v 0.0842717 1.8910608 0.1905261
vt 0.7832031 0.7633333
f 1625/1187 1626/1188 1627/1189
v -0.1083426 1.8596824 0.3248397
vt 0.8261719 0.7100000
v -0.0038024 1.8800862 0.2695673
vt 0.8261719 0.8833333
v 0.0197683 1.8476012 0.0633389
vt 0.8769531 0.7633333
f 1628/1190 1629/1191 1630/1192
v 0.0197683 1.8476012 0.0633389
vt 0.8769531 0.7633333
v -0.0038024 1.8800862 0.2695673
vt 0.8261719 0.8833333
v 0.0368726 1.8530114 0.0651205
vt 0.8730469 0.8766667
f 1631/1193 1632/1194 1633/1195
v 0.0842717 1.8910608 0.1905261
vt 0.7832031 0.7633333
v -0.0038024 1.8800862 0.2695673
vt 0.8261719 0.8833333
v -0.1083426 1.8596824 0.3248397
vt 0.8261719 0.7100000
f 1634/1196 1635/1197 1636/1198
v -0.0038024 1.8800862 0.2695673
vt 0.8261719 0.8833333
v -0.0441699 1.8514893 0.1826612
vt 0.8730469 0.9633333
v 0.0368726 1.8530114 0.0651205
vt 0.8730469 0.8766667
f 1637/1199 1638/1200 1639/1201
v 0.2302481 1.9050493 0.0375711
vt 0.7832031 0.9633333
v -0.0038024 1.8800862 0.2695673
vt 0.8261719 0.8833333
v -0.1443542 1.8319356 0.2356305
vt 0.7832031 0.8766667
f 1640/1202 1641/1203 1642/1204
v -0.0021147 1.8298633 0.0045469
vt 0.8261719 0.8833333
v 0.2302481 1.9050493 0.0375711
vt 0.7832031 0.9633333
v -0.1443542 1.8319356 0.2356305
vt 0.7832031 0.8766667
f 1643/1205 1644/1206 1645/1207
v -0.0021147 1.8298633 0.0045469
vt 0.8261719 0.8833333
v -0.0441699 1.8514893 0.1826612
vt 0.8730469 0.9633333
v -0.1843180 1.8036246 0.1495935
vt 0.8261719 0.9966667
f 1646/1208 1647/1209 1648/1210
usemtl clut_848_499
v 0.2302481 1.9050493 0.0375711
vt 0.0761719 0.1100000
v 0.1151855 1.9084895 0.2337184
vt 0.0761719 0.1100000
v 0.2201562 1.8979001 0.0158446
vt 0.0449219 0.2366667
f 1649/1211 1650/1212 1651/1213
v 0.2201562 1.8979001 0.0158446
vt 0.0449219 0.2366667
v 0.0247623 1.8444323 0.0390487
vt 0.0019531 0.2166667
v 0.2302481 1.9050493 0.0375711
vt 0.0761719 0.1100000
f 1652/1214 1653/1215 1654/1216
v 0.1151855 1.9084895 0.2337184
vt 0.0761719 0.1100000
v -0.2099901 1.8238902 0.2952308
vt 0.0019531 0.2166667
v 0.2201562 1.8979001 0.0158446
vt 0.0449219 0.2366667
f 1655/1217 1656/1218 1657/1219
v 0.0197683 1.8476012 0.0633389
vt 0.0058594 0.1366667
v -0.2099901 1.8238902 0.2952308
vt 0.0019531 0.2166667
v 0.1151855 1.9084895 0.2337184
vt 0.0761719 0.1100000
f 1658/1220 1659/1221 1660/1222
v 0.0200874 1.8455916 0.0523453
vt 0.0058594 0.1366667
v 0.2302481 1.9050493 0.0375711
vt 0.0761719 0.1100000
v 0.0247623 1.8444323 0.0390487
vt 0.0019531 0.2166667
f 1661/1223 1662/1224 1663/1225
usemtl clut_832_499
v -0.0021147 1.8298633 0.0045469
vt 0.8261719 0.8833333
v -0.1443542 1.8319356 0.2356305
vt 0.7832031 0.8766667
v -0.1987657 1.7956252 0.1301699
vt 0.8261719 0.7100000
v -0.0800969 1.8260380 0.1053147
vt 0.7832031 0.7633333
f 1664/1226 1665/1227 1666/1228
f 1664/1226 1666/1228 1667/1229
v -0.1987657 1.7956252 0.1301699
vt 0.8261719 0.7100000
v 0.0200874 1.8455916 0.0523453
vt 0.8769531 0.7633333
v -0.0021147 1.8298633 0.0045469
vt 0.8261719 0.8833333
v 0.0879893 1.8959300 0.2102103
vt 0.8730469 0.8766667
f 1668/1230 1669/1231 1670/1232
f 1668/1230 1670/1232 1671/1233
g bone_19
usemtl clut_864_501
v -0.0356686 1.8571415 0.2544339
vt 0.5527344 0.1500000
v 0.0157790 1.9195467 0.5008253
vt 0.5527344 0.1500000
v 0.0590744 1.9110202 0.3892332
vt 0.5761719 0.1500000
f 1672/1234 1673/1235 1674/1236
v -0.0356686 1.8571415 0.2544339
vt 0.5527344 0.1500000
v -0.0749221 1.8618705 0.3399254
vt 0.5332031 0.1633333
v 0.0157790 1.9195467 0.5008253
vt 0.5527344 0.1500000
v -0.1088368 1.8685495 0.4273392
vt 0.5332031 0.1633333
f 1675/1237 1676/1238 1677/1239
f 1675/1237 1677/1239 1678/1240
usemtl clut_880_501
v -0.1371607 1.8446125 0.3461310
vt 0.2480469 0.5033333
v -0.1088368 1.8685495 0.4273392
vt 0.2363281 0.4033333
v -0.1292232 1.8430493 0.3256725
vt 0.1894531 0.5033333
v -0.0749221 1.8618705 0.3399254
vt 0.2011719 0.4033333
f 1679/1241 1680/1242 1681/1243
f 1679/1241 1681/1243 1682/1244
usemtl clut_864_501
v -0.1292232 1.8430493 0.3256725
vt 0.5175781 0.2500000
v -0.0749221 1.8618705 0.3399254
vt 0.5332031 0.1633333
v -0.2030833 1.8385854 0.4167206
vt 0.5566406 0.2433333
v -0.0356686 1.8571415 0.2544339
vt 0.5527344 0.1500000
f 1683/1245 1684/1246 1685/1247
f 1683/1245 1685/1247 1686/1248
v -0.2030833 1.8385854 0.4167206
vt 0.5566406 0.2433333
v -0.0356686 1.8571415 0.2544339
vt 0.5527344 0.1500000
v -0.1478816 1.8277141 0.2744407
vt 0.5917969 0.2433333
v 0.0590744 1.9110202 0.3892332
vt 0.5761719 0.1500000
f 1687/1249 1688/1250 1689/1251
f 1687/1249 1689/1251 1690/1252
v -0.1478816 1.8277141 0.2744407
vt 0.5917969 0.2433333
v 0.0590744 1.9110202 0.3892332
vt 0.5761719 0.1500000
v -0.2185975 1.8416407 0.4567078
vt 0.5566406 0.2433333
v 0.0157790 1.9195467 0.5008253
vt 0.5527344 0.1500000
f 1691/1253 1692/1254 1693/1255
f 1691/1253 1693/1255 1694/1256
v -0.2185975 1.8416407 0.4567078
vt 0.5566406 0.2433333
v 0.0157790 1.9195467 0.5008253
vt 0.5527344 0.1500000
v -0.1371607 1.8446125 0.3461310
vt 0.5175781 0.2500000
v -0.1088368 1.8685495 0.4273392
vt 0.5332031 0.1633333
f 1695/1257 1696/1258 1697/1259
f 1695/1257 1697/1259 1698/1260
usemtl clut_880_501
v -0.1371607 1.8446125 0.3461310
vt 0.2480469 0.5033333
v -0.1292232 1.8430493 0.3256725
vt 0.1894531 0.5033333
v -0.0505344 1.8630707 0.3084325
vt 0.2402344 0.5833333
v -0.0721822 1.8673339 0.3642285
vt 0.1972656 0.5833333
f 1699/1261 1700/1262 1701/1263
f 1699/1261 1701/1263 1702/1264
usemtl clut_864_501
v -0.1720358 1.8464781 0.4098825
vt 0.5566406 0.3300000
v -0.0721822 1.8673339 0.3642285
vt 0.5292969 0.3300000
v -0.2030833 1.8385854 0.4167206
vt 0.5566406 0.2433333
v -0.1292232 1.8430493 0.3256725
vt 0.5175781 0.2500000
f 1703/1265 1704/1266 1705/1267
f 1703/1265 1705/1267 1706/1268
v -0.2185975 1.8416407 0.4567078
vt 0.5566406 0.2433333
v -0.1371607 1.8446125 0.3461310
vt 0.5175781 0.2500000
v -0.1835813 1.8487519 0.4396404
vt 0.5566406 0.3300000
v -0.0505344 1.8630707 0.3084325
vt 0.5292969 0.3300000
f 1707/1269 1708/1270 1709/1271
f 1707/1269 1709/1271 1710/1272
v -0.1478816 1.8277141 0.2744407
vt 0.5917969 0.2433333
v -0.2185975 1.8416407 0.4567078
vt 0.5566406 0.2433333
v -0.1136492 1.8744998 0.4658806
vt 0.5800781 0.3300000
v -0.1835813 1.8487519 0.4396404
vt 0.5566406 0.3300000
f 1711/1273 1712/1274 1713/1275
f 1711/1273 1713/1275 1714/1276
v -0.1136492 1.8744998 0.4658806
vt 0.5800781 0.3300000
v -0.1720358 1.8464781 0.4098825
vt 0.5566406 0.3300000
v -0.1478816 1.8277141 0.2744407
vt 0.5917969 0.2433333
v -0.2030833 1.8385854 0.4167206
vt 0.5566406 0.2433333
f 1715/1277 1716/1278 1717/1279
f 1715/1277 1717/1279 1718/1280
g bone_20
usemtl rgb_064_080_088
v 0.0307122 1.5392966 0.4050123
v -0.0330437 1.6144005 0.5058865
v 0.0934346 1.5629060 0.4284750
v 0.0854266 1.5599808 0.4255915
f 1719 1720 1721
f 1719 1721 1722
v 0.0934346 1.5629060 0.4284750
v 0.0854266 1.5599808 0.4255915
v -0.0410518 1.6114753 0.5030030
v 0.0227041 1.5363714 0.4021289
f 1723 1724 1725
f 1723 1725 1726
v -0.0415040 1.6120079 0.5037185
v -0.0093999 1.5741897 0.4529237
v 0.0307122 1.5392966 0.4050123
v -0.0330437 1.6144005 0.5058865
f 1727 1728 1729
f 1727 1729 1730
v 0.0227041 1.5363714 0.4021289
v 0.0854266 1.5599808 0.4255915
v -0.0093999 1.5741897 0.4529237
v -0.0330437 1.6144005 0.5058865
f 1731 1732 1733
f 1731 1733 1734
v -0.0410518 1.6114753 0.5030030
v 0.0227041 1.5363714 0.4021289
v -0.0415040 1.6120079 0.5037185
v -0.0093999 1.5741897 0.4529237
f 1735 1736 1737
f 1735 1737 1738
v -0.0415040 1.6120079 0.5037185
v 0.0307122 1.5392966 0.4050123
v -0.0410518 1.6114753 0.5030030
v 0.0934346 1.5629060 0.4284750
f 1739 1740 1741
f 1739 1741 1742
g bone_21
usemtl rgb_200_200_200
v 0.0255560 1.4511972 0.4806167
v -0.0336104 1.5704489 0.5239571
v -0.0375741 1.4301491 0.4588091
f 1743 1744 1745
usemtl clut_832_498
v 0.0251333 1.4520490 0.4809263
vt 0.2988281 0.2233333
v 0.0462642 1.4094591 0.4654476
vt 0.2988281 0.2966667
v 0.0378118 1.4264951 0.4716391
vt 0.3066406 0.3433333
f 1746/1281 1747/1282 1748/1283
usemtl rgb_000_016_032
v -0.0289158 1.6033551 0.5399616
v 0.0462642 1.4094591 0.4654476
v 0.0420380 1.4179771 0.4685434
f 1749 1750 1751
v 0.0217982 1.5011394 0.5028127
v -0.1441662 1.5200027 0.4795320
v -0.1165817 1.5703259 0.5079341
f 1752 1753 1754
v 0.0420380 1.4179771 0.4685434
v 0.0462642 1.4094591 0.4654476
v -0.0124795 1.5278590 0.5084784
f 1755 1756 1757
v -0.0289158 1.6033551 0.5399616
v -0.0938748 1.4186388 0.4426926
v -0.0954509 1.5277360 0.4924554
f 1758 1759 1760
v -0.1441662 1.5200027 0.4795320
v -0.0289158 1.6033551 0.5399616
v -0.1165817 1.5703259 0.5079341
f 1761 1762 1763
v -0.1165817 1.5703259 0.5079341
v -0.0289158 1.6033551 0.5399616
v 0.0420380 1.4179771 0.4685434
f 1764 1765 1766
v 0.0462642 1.4094591 0.4654476
v -0.0954509 1.5277360 0.4924554
v 0.0378118 1.4264951 0.4716391
f 1767 1768 1769
v -0.0954509 1.5277360 0.4924554
v 0.0462642 1.4094591 0.4654476
v -0.0289158 1.6033551 0.5399616
f 1770 1771 1772
v -0.0938748 1.4186388 0.4426926
v -0.1441662 1.5200027 0.4795320
v 0.1145571 1.5048376 0.5223599
f 1773 1774 1775
v -0.1441662 1.5200027 0.4795320
v -0.0938748 1.4186388 0.4426926
v -0.0289158 1.6033551 0.5399616
f 1776 1777 1778
usemtl clut_832_498
v 0.0473611 1.6402734 0.5715822
vt 0.2988281 0.2233333
v 0.1145571 1.5048376 0.5223599
vt 0.3066406 0.3433333
v -0.1441662 1.5200027 0.4795320
vt 0.2988281 0.2966667
f 1779/1284 1780/1285 1781/1286
v -0.0369455 1.6195392 0.5458435
vt 0.3574219 0.2366667
v -0.0375741 1.4301491 0.4588091
vt 0.3300781 0.0033333
v -0.0209319 1.5448949 0.5146699
vt 0.3574219 0.2366667
f 1782/1287 1783/1288 1784/1289
v -0.0375741 1.4301491 0.4588091
vt 0.3300781 0.0033333
v -0.0369455 1.6195392 0.5458435
vt 0.3574219 0.2366667
v 0.0255560 1.4511972 0.4806167
vt 0.2988281 0.0033333
f 1785/1290 1786/1291 1787/1292
v 0.0255560 1.4511972 0.4806167
vt 0.2988281 0.0033333
v -0.0369455 1.6195392 0.5458435
vt 0.3574219 0.2366667
v 0.0473611 1.6402734 0.5715822
vt 0.2988281 0.2233333
f 1788/1293 1789/1294 1790/1295
v -0.0209319 1.5448949 0.5146699
vt 0.3574219 0.2366667
v -0.0336104 1.5704489 0.5239571
vt 0.2988281 0.0033333
v 0.0251333 1.4520490 0.4809263
vt 0.2988281 0.2233333
f 1791/1296 1792/1297 1793/1298
v -0.0336104 1.5704489 0.5239571
vt 0.2988281 0.0033333
v -0.0209319 1.5448949 0.5146699
vt 0.3574219 0.2366667
v -0.0375741 1.4301491 0.4588091
vt 0.3300781 0.0033333
f 1794/1299 1795/1300 1796/1301
usemtl clut_864_497
v -0.1441662 1.5200027 0.4795320
vt 0.5136719 0.3300000
v 0.0217982 1.5011394 0.5028127
vt 0.4746094 0.3300000
v 0.0473611 1.6402734 0.5715822
vt 0.5136719 0.2566667
f 1797/1302 1798/1303 1799/1304
v 0.0251333 1.4520490 0.4809263
vt 0.5136719 0.2566667
v -0.0124795 1.5278590 0.5084784
vt 0.4746094 0.3300000
v 0.0462642 1.4094591 0.4654476
vt 0.5136719 0.3300000
f 1800/1305 1801/1306 1802/1307
v 0.0251333 1.4520490 0.4809263
vt 0.5136719 0.2566667
v 0.0420380 1.4179771 0.4685434
vt 0.4550781 0.2700000
v -0.0124795 1.5278590 0.5084784
vt 0.4746094 0.3300000
f 1803/1308 1804/1309 1805/1310
v 0.0420380 1.4179771 0.4685434
vt 0.4550781 0.2700000
v 0.0251333 1.4520490 0.4809263
vt 0.5136719 0.2566667
v 0.1281266 1.5198561 0.5318633
vt 0.4667969 0.1900000
f 1806/1311 1807/1312 1808/1313
v 0.0473611 1.6402734 0.5715822
vt 0.5136719 0.2566667
v -0.1165817 1.5703259 0.5079341
vt 0.4550781 0.2700000
v 0.1281266 1.5198561 0.5318633
vt 0.4667969 0.1900000
f 1809/1314 1810/1315 1811/1316
v -0.1165817 1.5703259 0.5079341
vt 0.4550781 0.2700000
v 0.0473611 1.6402734 0.5715822
vt 0.5136719 0.2566667
v 0.0217982 1.5011394 0.5028127
vt 0.4746094 0.3300000
f 1812/1317 1813/1318 1814/1319
v 0.0473611 1.6402734 0.5715822
vt 0.5136719 0.2566667
v 0.1281266 1.5198561 0.5318633
vt 0.4667969 0.1900000
v 0.0255560 1.4511972 0.4806167
vt 0.5136719 0.0300000
f 1815/1320 1816/1321 1817/1322
v -0.1090204 1.5127175 0.4829520
vt 0.4746094 0.0300000
v 0.1281266 1.5198561 0.5318633
vt 0.4667969 0.1900000
v -0.0336104 1.5704489 0.5239571
vt 0.5136719 0.0300000
f 1818/1323 1819/1324 1820/1325
v -0.0336104 1.5704489 0.5239571
vt 0.5136719 0.0300000
v 0.1281266 1.5198561 0.5318633
vt 0.4667969 0.1900000
v 0.0251333 1.4520490 0.4809263
vt 0.5136719 0.2566667
f 1821/1326 1822/1327 1823/1328
v 0.0255560 1.4511972 0.4806167
vt 0.5136719 0.0300000
v 0.1281266 1.5198561 0.5318633
vt 0.4667969 0.1900000
v -0.0794372 1.4530917 0.4612818
vt 0.4746094 0.0300000
f 1824/1329 1825/1330 1826/1331
usemtl rgb_200_200_200
v 0.0255560 1.4511972 0.4806167
v -0.0794372 1.4530917 0.4612818
v -0.0336104 1.5704489 0.5239571
v -0.1090204 1.5127175 0.4829520
f 1827 1828 1829
f 1827 1829 1830
usemtl clut_832_498
v -0.0369455 1.6195392 0.5458435
vt 0.3574219 0.2366667
v -0.0938748 1.4186388 0.4426926
vt 0.3496094 0.3566667
v 0.0473611 1.6402734 0.5715822
vt 0.2988281 0.2233333
v 0.1145571 1.5048376 0.5223599
vt 0.3066406 0.3433333
f 1831/1332 1832/1333 1833/1334
f 1831/1332 1833/1334 1834/1335
v 0.0251333 1.4520490 0.4809263
vt 0.2988281 0.2233333
v 0.0378118 1.4264951 0.4716391
vt 0.3066406 0.3433333
v -0.0209319 1.5448949 0.5146699
vt 0.3574219 0.2366667
v -0.0954509 1.5277360 0.4924554
vt 0.3496094 0.3566667
f 1835/1336 1836/1337 1837/1338
f 1835/1336 1837/1338 1838/1339
v -0.0209319 1.5448949 0.5146699
vt 0.3574219 0.2366667
v -0.0954509 1.5277360 0.4924554
vt 0.3496094 0.3566667
v -0.0369455 1.6195392 0.5458435
vt 0.3574219 0.2366667
v -0.0938748 1.4186388 0.4426926
vt 0.3496094 0.3566667
f 1839/1340 1840/1341 1841/1342
f 1839/1340 1841/1342 1842/1343
usemtl clut_880_497
v 0.1281266 1.5198561 0.5318633
vt 0.9550781 0.9300000
v -0.1165817 1.5703259 0.5079341
vt 0.9589844 0.9966667
v 0.1281266 1.5198561 0.5318633
vt 0.9824219 0.9300000
v 0.0420380 1.4179771 0.4685434
vt 0.9746094 0.9966667
f 1843/1344 1844/1345 1845/1346
f 1843/1344 1845/1346 1846/1347
v 0.1281266 1.5198561 0.5318633
vt 0.9550781 0.9300000
v 0.1281266 1.5198561 0.5318633
vt 0.9824219 0.9300000
v -0.0794372 1.4530917 0.4612818
vt 0.9550781 0.7900000
v -0.1090204 1.5127175 0.4829520
vt 0.9785156 0.7900000
f 1847/1348 1848/1349 1849/1350
f 1847/1348 1849/1350 1850/1351
g bone_22
usemtl clut_880_500
v -0.1402357 1.3726122 0.7585985
vt 0.2519531 0.1633333
v -0.1517276 1.4046066 0.7580564
vt 0.2910156 0.1433333
v -0.1110581 1.3194017 0.7627590
vt 0.2636719 0.1100000
f 1851/1352 1852/1353 1853/1354
usemtl clut_848_500
v -0.1387942 1.3742033 0.7592233
vt 0.1621094 0.1433333
v -0.1110581 1.3194017 0.7627590
vt 0.2011719 0.1633333
v -0.0449536 1.4436096 0.7965024
vt 0.1855469 0.1100000
f 1854/1355 1855/1356 1856/1357
usemtl rgb_064_080_088
v -0.0412560 1.4108970 0.7944495
v -0.0453120 1.4221891 0.7942582
v -0.0220105 1.3348978 0.7931301
v -0.0453120 1.4221891 0.7942582
f 1857 1858 1859
f 1857 1859 1860
usemtl clut_864_500
v -0.1110581 1.3194017 0.7627590
vt 0.2050781 0.1100000
v -0.1517276 1.4046066 0.7580564
vt 0.2050781 0.1433333
v -0.0449536 1.4436096 0.7965024
vt 0.2441406 0.1100000
v -0.1387942 1.3742033 0.7592233
vt 0.2480469 0.1433333
f 1861/1358 1862/1359 1863/1360
f 1861/1358 1863/1360 1864/1361
usemtl clut_832_501
v -0.1402357 1.3726122 0.7585985
vt 0.6386719 0.1633333
v -0.1110581 1.3194017 0.7627590
vt 0.6386719 0.1100000
v -0.1110581 1.3194017 0.7627590
vt 0.5957031 0.1633333
v -0.0449536 1.4436096 0.7965024
vt 0.5957031 0.1100000
f 1865/1362 1866/1363 1867/1364
f 1865/1362 1867/1364 1868/1365
v -0.0220105 1.3348978 0.7931301
vt 0.6347656 0.2233333
v -0.1402357 1.3726122 0.7585985
vt 0.6386719 0.1633333
v -0.0412560 1.4108970 0.7944495
vt 0.5996094 0.2233333
v -0.1110581 1.3194017 0.7627590
vt 0.5957031 0.1633333
f 1869/1366 1870/1367 1871/1368
f 1869/1366 1871/1368 1872/1369
usemtl clut_864_500
v -0.1517276 1.4046066 0.7580564
vt 0.2050781 0.1433333
v -0.0453120 1.4221891 0.7942582
vt 0.2050781 0.2233333
v -0.1387942 1.3742033 0.7592233
vt 0.2480469 0.1433333
v -0.0453120 1.4221891 0.7942582
vt 0.2480469 0.2233333
f 1873/1370 1874/1371 1875/1372
f 1873/1370 1875/1372 1876/1373
usemtl clut_880_500
v -0.1402357 1.3726122 0.7585985
vt 0.2519531 0.1633333
v -0.0220105 1.3348978 0.7931301
vt 0.2558594 0.2233333
v -0.1517276 1.4046066 0.7580564
vt 0.2910156 0.1433333
v -0.0453120 1.4221891 0.7942582
vt 0.2949219 0.2233333
f 1877/1374 1878/1375 1879/1376
f 1877/1374 1879/1376 1880/1377
usemtl clut_848_500
v -0.1387942 1.3742033 0.7592233
vt 0.1621094 0.1433333
v -0.0453120 1.4221891 0.7942582
vt 0.1582031 0.2233333
v -0.1110581 1.3194017 0.7627590
vt 0.2011719 0.1633333
v -0.0412560 1.4108970 0.7944495
vt 0.1933594 0.2233333
f 1881/1378 1882/1379 1883/1380
f 1881/1378 1883/1380 1884/1381
g bone_23
usemtl rgb_000_016_032
v -0.3131055 1.3955237 -0.0852744
v -0.3723093 1.3872437 -0.0561822
v -0.3677864 1.3921364 -0.1200383
f 1885 1886 1887
v -0.3131055 1.3955237 -0.0852744
v -0.3677864 1.3921364 -0.1200383
v -0.4666482 1.3772073 -0.0555056
f 1888 1889 1890
v -0.3723093 1.3872437 -0.0561822
v -0.4786660 1.3646618 0.1075838
v -0.3677864 1.3921364 -0.1200383
f 1891 1892 1893
usemtl clut_832_500
v -0.4786660 1.3646618 0.1075838
vt 0.9160156 0.6833333
v -0.3097787 1.3897528 0.0033125
vt 0.9511719 0.4966667
v -0.3677864 1.3921364 -0.1200383
vt 0.9550781 0.7033333
f 1894/1382 1895/1383 1896/1384
v -0.4146116 1.3784618 0.0060624
vt 0.9316406 0.3900000
v -0.3976705 1.3847346 -0.0587346
vt 0.9550781 0.3900000
v -0.3097787 1.3897528 0.0033125
vt 0.9511719 0.4966667
f 1897/1385 1898/1386 1899/1387
v -0.3131055 1.3955237 -0.0852744
vt 0.9238281 0.4566667
v -0.4146116 1.3784618 0.0060624
vt 0.9316406 0.3900000
v -0.3097787 1.3897528 0.0033125
vt 0.9511719 0.4966667
f 1900/1388 1901/1389 1902/1390
v -0.3097787 1.3897528 0.0033125
vt 0.9511719 0.4966667
v -0.4786660 1.3646618 0.1075838
vt 0.9160156 0.6833333
v -0.3131055 1.3955237 -0.0852744
vt 0.9238281 0.4566667
f 1903/1391 1904/1392 1905/1393
v -0.4786660 1.3646618 0.1075838
vt 0.9160156 0.6833333
v -0.3723093 1.3872437 -0.0561822
vt 0.9082031 0.4700000
v -0.3131055 1.3955237 -0.0852744
vt 0.9238281 0.4566667
f 1906/1394 1907/1395 1908/1396
v -0.3097787 1.3897528 0.0033125
vt 0.9511719 0.4966667
v -0.4666482 1.3772073 -0.0555056
vt 0.9980469 0.5300000
v -0.3677864 1.3921364 -0.1200383
vt 0.9550781 0.7033333
f 1909/1397 1910/1398 1911/1399
v -0.3976705 1.3847346 -0.0587346
vt 0.9550781 0.3900000
v -0.4666482 1.3772073 -0.0555056
vt 0.9980469 0.5300000
v -0.3097787 1.3897528 0.0033125
vt 0.9511719 0.4966667
f 1912/1400 1913/1401 1914/1402
usemtl rgb_000_016_032
v -0.3131055 1.3955237 -0.0852744
v -0.4666482 1.3772073 -0.0555056
v -0.4146116 1.3784618 0.0060624
v -0.3976705 1.3847346 -0.0587346
f 1915 1916 1917
f 1915 1917 1918
g bone_24
v -0.3887010 1.4120430 -0.2197465
v -0.4635468 1.3752115 -0.1350910
v -0.2835721 1.4287444 -0.1738121
f 1919 1920 1921
v -0.4162711 1.3721140 -0.0645190
v -0.2997113 1.4062123 -0.0869051
v -0.4635468 1.3752115 -0.1350910
f 1922 1923 1924
v -0.4635468 1.3752115 -0.1350910
v -0.3887010 1.4120430 -0.2197465
v -0.4162711 1.3721140 -0.0645190
f 1925 1926 1927
v -0.4635468 1.3752115 -0.1350910
v -0.2886350 1.4559320 -0.3077382
v -0.2941969 1.4562964 -0.3160408
f 1928 1929 1930
v -0.2941969 1.4562964 -0.3160408
v -0.2835721 1.4287444 -0.1738121
v -0.4635468 1.3752115 -0.1350910
f 1931 1932 1933
usemtl clut_848_497
v -0.2886350 1.4559320 -0.3077382
vt 0.7714844 0.9433333
v -0.4635468 1.3752115 -0.1350910
vt 0.7167969 0.9966667
v -0.2042965 1.4181065 -0.0298565
vt 0.7167969 0.9100000
f 1934/1403 1935/1404 1936/1405
v -0.2042965 1.4181065 -0.0298565
vt 0.7167969 0.9100000
v -0.4635468 1.3752115 -0.1350910
vt 0.7167969 0.9966667
v -0.2997113 1.4062123 -0.0869051
vt 0.6582031 0.9433333
f 1937/1406 1938/1407 1939/1408
v -0.2997113 1.4062123 -0.0869051
vt 0.6582031 0.9433333
v -0.4162711 1.3721140 -0.0645190
vt 0.6621094 0.7033333
v -0.2042965 1.4181065 -0.0298565
vt 0.7167969 0.9100000
f 1940/1409 1941/1410 1942/1411
v -0.2941969 1.4562964 -0.3160408
vt 0.7792969 0.7033333
v -0.2886350 1.4559320 -0.3077382
vt 0.7714844 0.9433333
v -0.2042965 1.4181065 -0.0298565
vt 0.7167969 0.9100000
f 1943/1412 1944/1413 1945/1414
v -0.4162711 1.3721140 -0.0645190
vt 0.6621094 0.7033333
v -0.3887010 1.4120430 -0.2197465
vt 0.7050781 0.5766667
v -0.2042965 1.4181065 -0.0298565
vt 0.7167969 0.9100000
f 1946/1415 1947/1416 1948/1417
v -0.2835721 1.4287444 -0.1738121
vt 0.7324219 0.5766667
v -0.2042965 1.4181065 -0.0298565
vt 0.7167969 0.9100000
v -0.3887010 1.4120430 -0.2197465
vt 0.7050781 0.5766667
f 1949/1418 1950/1419 1951/1420
v -0.2941969 1.4562964 -0.3160408
vt 0.7792969 0.7033333
v -0.2042965 1.4181065 -0.0298565
vt 0.7167969 0.9100000
v -0.2835721 1.4287444 -0.1738121
vt 0.7324219 0.5766667
f 1952/1421 1953/1422 1954/1423
g bone_25
usemtl rgb_000_016_032
v -0.2248419 1.3957337 0.4076329
v -0.1700569 1.3889553 0.1808011
v -0.1687125 1.3857655 0.0366206
f 1955 1956 1957
v -0.2248419 1.3957337 0.4076329
v -0.1972230 1.3905104 0.2104758
v -0.1700569 1.3889553 0.1808011
f 1958 1959 1960
v -0.1687125 1.3857655 0.0366206
v -0.1700569 1.3889553 0.1808011
v -0.3486695 1.3977274 0.3093336
f 1961 1962 1963
usemtl clut_832_500
v -0.3486695 1.3977274 0.3093336
vt 0.9160156 0.6833333
v -0.1700569 1.3889553 0.1808011
vt 0.9550781 0.7033333
v -0.0850403 1.3817782 -0.0179970
vt 0.9511719 0.4966667
f 1964/1424 1965/1425 1966/1426
v -0.1032873 1.3861642 0.1551296
vt 0.9316406 0.3900000
v -0.0850403 1.3817782 -0.0179970
vt 0.9511719 0.4966667
v -0.1997844 1.3881579 0.0986997
vt 0.9550781 0.3900000
f 1967/1427 1968/1428 1969/1429
v -0.2248419 1.3957337 0.4076329
vt 0.9238281 0.4566667
v -0.0850403 1.3817782 -0.0179970
vt 0.9511719 0.4966667
v -0.1032873 1.3861642 0.1551296
vt 0.9316406 0.3900000
f 1970/1430 1971/1431 1972/1432
v -0.0850403 1.3817782 -0.0179970
vt 0.9511719 0.4966667
v -0.2248419 1.3957337 0.4076329
vt 0.9238281 0.4566667
v -0.3486695 1.3977274 0.3093336
vt 0.9160156 0.6833333
f 1973/1433 1974/1434 1975/1435
v -0.3486695 1.3977274 0.3093336
vt 0.9160156 0.6833333
v -0.2248419 1.3957337 0.4076329
vt 0.9238281 0.4566667
v -0.1687125 1.3857655 0.0366206
vt 0.9082031 0.4700000
f 1976/1436 1977/1437 1978/1438
v -0.0850403 1.3817782 -0.0179970
vt 0.9511719 0.4966667
v -0.1700569 1.3889553 0.1808011
vt 0.9550781 0.7033333
v -0.1972230 1.3905104 0.2104758
vt 0.9980469 0.5300000
f 1979/1439 1980/1440 1981/1441
v -0.1997844 1.3881579 0.0986997
vt 0.9550781 0.3900000
v -0.0850403 1.3817782 -0.0179970
vt 0.9511719 0.4966667
v -0.1972230 1.3905104 0.2104758
vt 0.9980469 0.5300000
f 1982/1442 1983/1443 1984/1444
usemtl rgb_000_016_032
v -0.2248419 1.3957337 0.4076329
v -0.1032873 1.3861642 0.1551296
v -0.1972230 1.3905104 0.2104758
v -0.1997844 1.3881579 0.0986997
f 1985 1986 1987
f 1985 1987 1988
g bone_26
v 0.0129448 1.4670538 0.0435135
v 0.1205760 1.5038415 0.0090579
v 0.1559957 1.5061505 0.0647007
f 1989 1990 1991
v 0.0470755 1.4524514 0.2121755
v 0.1559957 1.5061505 0.0647007
v 0.0746609 1.4710770 0.1404668
f 1992 1993 1994
v 0.1559957 1.5061505 0.0647007
v 0.0470755 1.4524514 0.2121755
v 0.0129448 1.4670538 0.0435135
f 1995 1996 1997
v 0.1559957 1.5061505 0.0647007
v -0.1078853 1.4231924 0.0997119
v -0.0424146 1.4505008 0.0450417
f 1998 1999 2000
v -0.1078853 1.4231924 0.0997119
v 0.1559957 1.5061505 0.0647007
v 0.1205760 1.5038415 0.0090579
f 2001 2002 2003
usemtl clut_848_497
v -0.0424146 1.4505008 0.0450417
vt 0.7714844 0.9433333
v 0.0498931 1.4334779 0.3475751
vt 0.7167969 0.9100000
v 0.1559957 1.5061505 0.0647007
vt 0.7167969 0.9966667
f 2004/1445 2005/1446 2006/1447
v 0.0498931 1.4334779 0.3475751
vt 0.7167969 0.9100000
v 0.0746609 1.4710770 0.1404668
vt 0.6582031 0.9433333
v 0.1559957 1.5061505 0.0647007
vt 0.7167969 0.9966667
f 2007/1448 2008/1449 2009/1450
v 0.0746609 1.4710770 0.1404668
vt 0.6582031 0.9433333
v 0.0498931 1.4334779 0.3475751
vt 0.7167969 0.9100000
v 0.0470755 1.4524514 0.2121755
vt 0.6621094 0.7033333
f 2010/1451 2011/1452 2012/1453
v -0.1078853 1.4231924 0.0997119
vt 0.7792969 0.7033333
v 0.0498931 1.4334779 0.3475751
vt 0.7167969 0.9100000
v -0.0424146 1.4505008 0.0450417
vt 0.7714844 0.9433333
f 2013/1454 2014/1455 2015/1456
v 0.0470755 1.4524514 0.2121755
vt 0.6621094 0.7033333
v 0.0498931 1.4334779 0.3475751
vt 0.7167969 0.9100000
v 0.0129448 1.4670538 0.0435135
vt 0.7050781 0.5766667
f 2016/1457 2017/1458 2018/1459
v 0.1205760 1.5038415 0.0090579
vt 0.7324219 0.5766667
v 0.0129448 1.4670538 0.0435135
vt 0.7050781 0.5766667
v 0.0498931 1.4334779 0.3475751
vt 0.7167969 0.9100000
f 2019/1460 2020/1461 2021/1462
v -0.1078853 1.4231924 0.0997119
vt 0.7792969 0.7033333
v 0.1205760 1.5038415 0.0090579
vt 0.7324219 0.5766667
v 0.0498931 1.4334779 0.3475751
vt 0.7167969 0.9100000
f 2022/1463 2023/1464 2024/1465
g bone_27
usemtl rgb_000_016_032
v -0.1234864 1.2977483 0.1802566
v -0.4265426 1.2593606 0.2049210
v -0.0916084 1.2961844 0.2490123
f 2025 2026 2027
v -0.2062935 1.2934830 0.1077253
v -0.2228711 1.2906395 0.1185465
v -0.4105116 1.2622041 0.1932624
f 2028 2029 2030
usemtl clut_832_502
v -0.2062935 1.2934830 0.1077253
vt 0.5839844 0.3900000
v -0.0916084 1.2961844 0.2490123
vt 0.5449219 0.6500000
v -0.4265426 1.2593606 0.2049210
vt 0.5917969 0.6033333
f 2031/1466 2032/1467 2033/1468
v -0.0916084 1.2961844 0.2490123
vt 0.5449219 0.6500000
v -0.2062935 1.2934830 0.1077253
vt 0.5839844 0.3900000
v -0.4105116 1.2622041 0.1932624
vt 0.5449219 0.3366667
f 2034/1469 2035/1470 2036/1471
v -0.2228711 1.2906395 0.1185465
vt 0.5097656 0.3900000
v -0.0916084 1.2961844 0.2490123
vt 0.5449219 0.6500000
v -0.4105116 1.2622041 0.1932624
vt 0.5449219 0.3366667
f 2037/1472 2038/1473 2039/1474
v -0.1234864 1.2977483 0.1802566
vt 0.5019531 0.6033333
v -0.0916084 1.2961844 0.2490123
vt 0.5449219 0.6500000
v -0.2228711 1.2906395 0.1185465
vt 0.5097656 0.3900000
f 2040/1475 2041/1476 2042/1477
usemtl rgb_000_016_032
v -0.2062935 1.2934830 0.1077253
v -0.4265426 1.2593606 0.2049210
v -0.2228711 1.2906395 0.1185465
v -0.1234864 1.2977483 0.1802566
f 2043 2044 2045
f 2043 2045 2046
g bone_28
usemtl clut_880_499
v -0.3446717 1.9324036 0.0795788
vt 0.7832031 0.6900000
v -0.5305617 1.7511299 0.2708136
vt 0.9042969 0.6566667
v -0.3283807 1.9368576 0.0920594
vt 0.8574219 0.6700000
f 2047/1478 2048/1479 2049/1480
v -0.3033292 1.8919402 0.2436504
vt 0.9042969 0.5500000
v -0.3283807 1.9368576 0.0920594
vt 0.8066406 0.5966667
v -0.3287022 1.8332367 0.3566111
vt 0.8574219 0.5233333
f 2050/1481 2051/1482 2052/1483
v -0.3287022 1.8332367 0.3566111
vt 0.8574219 0.5233333
v -0.3710468 1.8754969 0.1864758
vt 0.9042969 0.4700000
v -0.3033292 1.8919402 0.2436504
vt 0.9042969 0.5500000
f 2053/1484 2054/1485 2055/1486
v -0.3033292 1.8919402 0.2436504
vt 0.9042969 0.5500000
v -0.3446717 1.9324036 0.0795788
vt 0.7832031 0.6900000
v -0.3283807 1.9368576 0.0920594
vt 0.8066406 0.5966667
f 2056/1487 2057/1488 2058/1489
v -0.3446717 1.9324036 0.0795788
vt 0.7832031 0.6900000
v -0.3033292 1.8919402 0.2436504
vt 0.9042969 0.5500000
v -0.5305617 1.7511299 0.2708136
vt 0.9042969 0.6566667
f 2059/1490 2060/1491 2061/1492
usemtl clut_864_502
v -0.3051078 1.9432204 0.1098888
vt 0.0878906 0.3233333
v -0.3446717 1.9324036 0.0795788
vt 0.0019531 0.4100000
v -0.3283807 1.9368576 0.0920594
vt 0.0761719 0.3900000
f 2062/1493 2063/1494 2064/1495
v -0.3446717 1.9324036 0.0795788
vt 0.0019531 0.4100000
v -0.3051078 1.9432204 0.1098888
vt 0.0878906 0.3233333
v -0.3283807 1.9368576 0.0920594
vt 0.0253906 0.3100000
f 2065/1496 2066/1497 2067/1498
v -0.3283807 1.9368576 0.0920594
vt 0.0253906 0.3100000
v -0.3051078 1.9432204 0.1098888
vt 0.0878906 0.3233333
v -0.3506833 1.8934882 0.1703006
vt 0.0800781 0.2500000
f 2068/1499 2069/1500 2070/1501
v -0.3287022 1.8332367 0.3566111
vt 0.0761719 0.2433333
v -0.3283807 1.9368576 0.0920594
vt 0.0253906 0.3100000
v -0.3506833 1.8934882 0.1703006
vt 0.0800781 0.2500000
f 2071/1502 2072/1503 2073/1504
usemtl clut_880_499
v -0.5305617 1.7511299 0.2708136
vt 0.9042969 0.6566667
v -0.4397665 1.8608502 0.1232376
vt 0.7832031 0.6900000
v -0.2495461 2.0888625 -0.1811907
vt 0.8574219 0.6700000
f 2074/1505 2075/1506 2076/1507
v -0.2758560 2.0029843 -0.0001003
vt 0.8066406 0.5966667
v -0.3033292 1.8919402 0.2436504
vt 0.9042969 0.5500000
v -0.2233313 2.0691110 -0.0922601
vt 0.8574219 0.5233333
f 2077/1508 2078/1509 2079/1510
v -0.3710468 1.8754969 0.1864758
vt 0.9042969 0.4700000
v -0.2233313 2.0691110 -0.0922601
vt 0.8574219 0.5233333
v -0.3033292 1.8919402 0.2436504
vt 0.9042969 0.5500000
f 2080/1511 2081/1512 2082/1513
v -0.4397665 1.8608502 0.1232376
vt 0.7832031 0.6900000
v -0.3033292 1.8919402 0.2436504
vt 0.9042969 0.5500000
v -0.2758560 2.0029843 -0.0001003
vt 0.8066406 0.5966667
f 2083/1514 2084/1515 2085/1516
v -0.3033292 1.8919402 0.2436504
vt 0.9042969 0.5500000
v -0.4397665 1.8608502 0.1232376
vt 0.7832031 0.6900000
v -0.5305617 1.7511299 0.2708136
vt 0.9042969 0.6566667
f 2086/1517 2087/1518 2088/1519
usemtl clut_864_502
v -0.4397665 1.8608502 0.1232376
vt 0.0019531 0.4100000
v -0.2701994 2.0024602 0.0095292
vt 0.0878906 0.3233333
v -0.2495461 2.0888625 -0.1811907
vt 0.0722656 0.3900000
f 2089/1520 2090/1521 2091/1522
v -0.2701994 2.0024602 0.0095292
vt 0.0878906 0.3233333
v -0.4397665 1.8608502 0.1232376
vt 0.0019531 0.4100000
v -0.2758560 2.0029843 -0.0001003
vt 0.0253906 0.3100000
f 2092/1523 2093/1524 2094/1525
v -0.2701994 2.0024602 0.0095292
vt 0.0878906 0.3233333
v -0.2758560 2.0029843 -0.0001003
vt 0.0253906 0.3100000
v -0.2672900 1.9908316 0.0435338
vt 0.0800781 0.2500000
f 2095/1526 2096/1527 2097/1528
v -0.2758560 2.0029843 -0.0001003
vt 0.0253906 0.3100000
v -0.2233313 2.0691110 -0.0922601
vt 0.0761719 0.2433333
v -0.2672900 1.9908316 0.0435338
vt 0.0800781 0.2500000
f 2098/1529 2099/1530 2100/1531
usemtl clut_880_499
v -0.3283807 1.9368576 0.0920594
vt 0.8574219 0.6700000
v -0.5305617 1.7511299 0.2708136
vt 0.9042969 0.6566667
v -0.3473230 1.9772332 -0.0389635
vt 0.9042969 0.7033333
f 2101/1532 2102/1533 2103/1534
usemtl clut_864_502
v -0.3051078 1.9432204 0.1098888
vt 0.0878906 0.3233333
v -0.3473230 1.9772332 -0.0389635
vt 0.1230469 0.4233333
v -0.3819084 1.9222231 0.0510517
vt 0.1230469 0.3100000
f 2104/1535 2105/1536 2106/1537
v -0.3283807 1.9368576 0.0920594
vt 0.0761719 0.3900000
v -0.3473230 1.9772332 -0.0389635
vt 0.1230469 0.4233333
v -0.3051078 1.9432204 0.1098888
vt 0.0878906 0.3233333
f 2107/1538 2108/1539 2109/1540
usemtl clut_848_498
v -0.3051078 1.9432204 0.1098888
vt 0.6660156 0.3300000
v -0.3819084 1.9222231 0.0510517
vt 0.7011719 0.3233333
v -0.3506833 1.8934882 0.1703006
vt 0.6621094 0.2633333
f 2110/1541 2111/1542 2112/1543
v -0.3506833 1.8934882 0.1703006
vt 0.6621094 0.2633333
v -0.3819084 1.9222231 0.0510517
vt 0.7011719 0.3233333
v -0.3819084 1.9222231 0.0510517
vt 0.7050781 0.2100000
f 2113/1544 2114/1545 2115/1546
usemtl clut_880_499
v -0.5305617 1.7511299 0.2708136
vt 0.9042969 0.6566667
v -0.2495461 2.0888625 -0.1811907
vt 0.8574219 0.6700000
v -0.3473230 1.9772332 -0.0389635
vt 0.9042969 0.7033333
f 2116/1547 2117/1548 2118/1549
usemtl clut_864_502
v -0.3473230 1.9772332 -0.0389635
vt 0.1230469 0.4233333
v -0.2701994 2.0024602 0.0095292
vt 0.0878906 0.3233333
v -0.3819084 1.9222231 0.0510517
vt 0.1230469 0.3100000
f 2119/1550 2120/1551 2121/1552
v -0.3473230 1.9772332 -0.0389635
vt 0.1230469 0.4233333
v -0.2495461 2.0888625 -0.1811907
vt 0.0722656 0.3900000
v -0.2701994 2.0024602 0.0095292
vt 0.0878906 0.3233333
f 2122/1553 2123/1554 2124/1555
usemtl clut_848_498
v -0.3819084 1.9222231 0.0510517
vt 0.7050781 0.3233333
v -0.2701994 2.0024602 0.0095292
vt 0.7363281 0.3300000
v -0.2672900 1.9908316 0.0435338
vt 0.7441406 0.2633333
f 2125/1556 2126/1557 2127/1558
v -0.3819084 1.9222231 0.0510517
vt 0.7050781 0.3233333
v -0.2672900 1.9908316 0.0435338
vt 0.7441406 0.2633333
v -0.3819084 1.9222231 0.0510517
vt 0.7011719 0.2100000
f 2128/1559 2129/1560 2130/1561
v -0.3287022 1.8332367 0.3566111
vt 0.6582031 0.2500000
v -0.3506833 1.8934882 0.1703006
vt 0.6621094 0.2633333
v -0.3710468 1.8754969 0.1864758
vt 0.7050781 0.1900000
v -0.3819084 1.9222231 0.0510517
vt 0.7050781 0.2100000
f 2131/1562 2132/1563 2133/1564
f 2131/1562 2133/1564 2134/1565
v -0.3710468 1.8754969 0.1864758
vt 0.7050781 0.1900000
v -0.3819084 1.9222231 0.0510517
vt 0.7011719 0.2100000
v -0.2233313 2.0691110 -0.0922601
vt 0.7480469 0.2500000
v -0.2672900 1.9908316 0.0435338
vt 0.7441406 0.2633333
f 2135/1566 2136/1567 2137/1568
f 2135/1566 2137/1568 2138/1569
